series_id,timestamp,lag_1,lag_2,lag_3,lag_4,lag_5,lag_6,lag_7,rmean_7,rmean_14,dow_sin,dow_cos,moy_sin,moy_cos,y
FOODS_0001_CA_2_validation,d_50,0.0,0.0,1.0,0.0,1.0,1.0,0.0,0.42857142857142855,0.7142857142857143,-0.9749279121818236,-0.2225209339563146,1.0,6.123233995736766e-17,0.0
FOODS_0001_CA_2_validation,d_51,0.0,0.0,0.0,1.0,0.0,1.0,1.0,0.42857142857142855,0.6428571428571429,-0.7818314824680299,0.6234898018587334,1.0,6.123233995736766e-17,2.0
FOODS_0001_CA_2_validation,d_52,2.0,0.0,0.0,0.0,1.0,0.0,1.0,0.5714285714285714,0.5,0.0,1.0,1.0,6.123233995736766e-17,3.0
FOODS_0001_CA_2_validation,d_53,3.0,2.0,0.0,0.0,0.0,1.0,0.0,0.8571428571428571,0.7142857142857143,0.7818314824680298,0.6234898018587336,1.0,6.123233995736766e-17,1.0
FOODS_0001_CA_2_validation,d_54,1.0,3.0,2.0,0.0,0.0,0.0,1.0,1.0,0.7857142857142857,0.9749279121818236,-0.22252093395631434,1.0,6.123233995736766e-17,1.0
FOODS_0001_CA_2_validation,d_55,1.0,1.0,3.0,2.0,0.0,0.0,0.0,1.0,0.8571428571428571,0.43388373911755823,-0.900968867902419,1.0,6.123233995736766e-17,1.0
FOODS_0001_CA_2_validation,d_56,1.0,1.0,1.0,3.0,2.0,0.0,0.0,1.1428571428571428,0.8571428571428571,-0.433883739117558,-0.9009688679024191,1.0,6.123233995736766e-17,1.0
FOODS_0001_CA_2_validation,d_57,1.0,1.0,1.0,1.0,3.0,2.0,0.0,1.2857142857142858,0.8571428571428571,-0.9749279121818236,-0.2225209339563146,1.0,6.123233995736766e-17,2.0
FOODS_0001_CA_2_validation,d_58,2.0,1.0,1.0,1.0,1.0,3.0,2.0,1.5714285714285714,1.0,-0.7818314824680299,0.6234898018587334,1.0,6.123233995736766e-17,3.0
FOODS_0001_CA_2_validation,d_59,3.0,2.0,1.0,1.0,1.0,1.0,3.0,1.7142857142857142,1.1428571428571428,0.0,1.0,1.0,6.123233995736766e-17,3.0
FOODS_0001_CA_2_validation,d_60,3.0,3.0,2.0,1.0,1.0,1.0,1.0,1.7142857142857142,1.2857142857142858,0.7818314824680298,0.6234898018587336,1.0,6.123233995736766e-17,3.0
FOODS_0001_CA_2_validation,d_61,3.0,3.0,3.0,2.0,1.0,1.0,1.0,2.0,1.5,0.9749279121818236,-0.22252093395631434,1.0,6.123233995736766e-17,0.0
FOODS_0001_CA_2_validation,d_62,0.0,3.0,3.0,3.0,2.0,1.0,1.0,1.8571428571428572,1.4285714285714286,0.43388373911755823,-0.900968867902419,1.0,6.123233995736766e-17,1.0
FOODS_0001_CA_2_validation,d_63,1.0,0.0,3.0,3.0,3.0,2.0,1.0,1.8571428571428572,1.5,-0.433883739117558,-0.9009688679024191,0.8660254037844387,-0.4999999999999998,1.0
FOODS_0001_CA_2_validation,d_64,1.0,1.0,0.0,3.0,3.0,3.0,2.0,1.8571428571428572,1.5714285714285714,-0.9749279121818236,-0.2225209339563146,0.8660254037844387,-0.4999999999999998,0.0
FOODS_0001_CA_2_validation,d_65,0.0,1.0,1.0,0.0,3.0,3.0,3.0,1.5714285714285714,1.5714285714285714,-0.7818314824680299,0.6234898018587334,0.8660254037844387,-0.4999999999999998,1.0
FOODS_0001_CA_2_validation,d_66,1.0,0.0,1.0,1.0,0.0,3.0,3.0,1.2857142857142858,1.5,0.0,1.0,0.8660254037844387,-0.4999999999999998,0.0
FOODS_0001_CA_2_validation,d_67,0.0,1.0,0.0,1.0,1.0,0.0,3.0,0.8571428571428571,1.2857142857142858,0.7818314824680298,0.6234898018587336,0.8660254037844387,-0.4999999999999998,3.0
FOODS_0001_CA_2_validation,d_68,3.0,0.0,1.0,0.0,1.0,1.0,0.0,0.8571428571428571,1.4285714285714286,0.9749279121818236,-0.22252093395631434,0.8660254037844387,-0.4999999999999998,0.0
FOODS_0001_CA_2_validation,d_69,0.0,3.0,0.0,1.0,0.0,1.0,1.0,0.8571428571428571,1.3571428571428572,0.43388373911755823,-0.900968867902419,0.8660254037844387,-0.4999999999999998,1.0
FOODS_0001_CA_2_validation,d_70,1.0,0.0,3.0,0.0,1.0,0.0,1.0,0.8571428571428571,1.3571428571428572,-0.433883739117558,-0.9009688679024191,0.8660254037844387,-0.4999999999999998,0.0
FOODS_0001_CA_2_validation,d_71,0.0,1.0,0.0,3.0,0.0,1.0,0.0,0.7142857142857143,1.2857142857142858,-0.9749279121818236,-0.2225209339563146,0.8660254037844387,-0.4999999999999998,0.0
FOODS_0001_CA_2_validation,d_72,0.0,0.0,1.0,0.0,3.0,0.0,1.0,0.7142857142857143,1.1428571428571428,-0.7818314824680299,0.6234898018587334,0.8660254037844387,-0.4999999999999998,2.0
FOODS_0001_CA_2_validation,d_73,2.0,0.0,0.0,1.0,0.0,3.0,0.0,0.8571428571428571,1.0714285714285714,0.0,1.0,0.8660254037844387,-0.4999999999999998,1.0
FOODS_0001_CA_2_validation,d_74,1.0,2.0,0.0,0.0,1.0,0.0,3.0,1.0,0.9285714285714286,0.7818314824680298,0.6234898018587336,0.8660254037844387,-0.4999999999999998,0.0
FOODS_0001_CA_2_validation,d_75,0.0,1.0,2.0,0.0,0.0,1.0,0.0,0.5714285714285714,0.7142857142857143,0.9749279121818236,-0.22252093395631434,0.8660254037844387,-0.4999999999999998,0.0
FOODS_0001_CA_2_validation,d_76,0.0,0.0,1.0,2.0,0.0,0.0,1.0,0.5714285714285714,0.7142857142857143,0.43388373911755823,-0.900968867902419,0.8660254037844387,-0.4999999999999998,0.0
FOODS_0001_CA_2_validation,d_77,0.0,0.0,0.0,1.0,2.0,0.0,0.0,0.42857142857142855,0.6428571428571429,-0.433883739117558,-0.9009688679024191,0.8660254037844387,-0.4999999999999998,0.0
FOODS_0001_CA_2_validation,d_78,0.0,0.0,0.0,0.0,1.0,2.0,0.0,0.42857142857142855,0.5714285714285714,-0.9749279121818236,-0.2225209339563146,0.8660254037844387,-0.4999999999999998,0.0
FOODS_0001_CA_2_validation,d_79,0.0,0.0,0.0,0.0,0.0,1.0,2.0,0.42857142857142855,0.5714285714285714,-0.7818314824680299,0.6234898018587334,0.8660254037844387,-0.4999999999999998,0.0
FOODS_0001_CA_2_validation,d_80,0.0,0.0,0.0,0.0,0.0,0.0,1.0,0.14285714285714285,0.5,0.0,1.0,0.8660254037844387,-0.4999999999999998,2.0
FOODS_0001_CA_2_validation,d_81,2.0,0.0,0.0,0.0,0.0,0.0,0.0,0.2857142857142857,0.6428571428571429,0.7818314824680298,0.6234898018587336,0.8660254037844387,-0.4999999999999998,2.0
FOODS_0001_CA_2_validation,d_82,2.0,2.0,0.0,0.0,0.0,0.0,0.0,0.5714285714285714,0.5714285714285714,0.9749279121818236,-0.22252093395631434,0.8660254037844387,-0.4999999999999998,1.0
FOODS_0001_CA_2_validation,d_83,1.0,2.0,2.0,0.0,0.0,0.0,0.0,0.7142857142857143,0.6428571428571429,0.43388373911755823,-0.900968867902419,0.8660254037844387,-0.4999999999999998,0.0
FOODS_0001_CA_2_validation,d_84,0.0,1.0,2.0,2.0,0.0,0.0,0.0,0.7142857142857143,0.5714285714285714,-0.433883739117558,-0.9009688679024191,0.8660254037844387,-0.4999999999999998,0.0
FOODS_0001_CA_2_validation,d_85,0.0,0.0,1.0,2.0,2.0,0.0,0.0,0.7142857142857143,0.5714285714285714,-0.9749279121818236,-0.2225209339563146,0.8660254037844387,-0.4999999999999998,0.0
FOODS_0001_CA_2_validation,d_86,0.0,0.0,0.0,1.0,2.0,2.0,0.0,0.7142857142857143,0.5714285714285714,-0.7818314824680299,0.6234898018587334,0.8660254037844387,-0.4999999999999998,0.0
FOODS_0001_CA_2_validation,d_87,0.0,0.0,0.0,0.0,1.0,2.0,2.0,0.7142857142857143,0.42857142857142855,0.0,1.0,0.8660254037844387,-0.4999999999999998,1.0
FOODS_0001_CA_2_validation,d_88,1.0,0.0,0.0,0.0,0.0,1.0,2.0,0.5714285714285714,0.42857142857142855,0.7818314824680298,0.6234898018587336,0.8660254037844387,-0.4999999999999998,1.0
FOODS_0001_CA_2_validation,d_89,1.0,1.0,0.0,0.0,0.0,0.0,1.0,0.42857142857142855,0.5,0.9749279121818236,-0.22252093395631434,0.8660254037844387,-0.4999999999999998,1.0
FOODS_0001_CA_2_validation,d_90,1.0,1.0,1.0,0.0,0.0,0.0,0.0,0.42857142857142855,0.5714285714285714,0.43388373911755823,-0.900968867902419,0.8660254037844387,-0.4999999999999998,0.0
FOODS_0001_CA_2_validation,d_91,0.0,1.0,1.0,1.0,0.0,0.0,0.0,0.42857142857142855,0.5714285714285714,-0.433883739117558,-0.9009688679024191,0.8660254037844387,-0.4999999999999998,0.0
FOODS_0001_CA_2_validation,d_92,0.0,0.0,1.0,1.0,1.0,0.0,0.0,0.42857142857142855,0.5714285714285714,-0.9749279121818236,-0.2225209339563146,0.8660254037844387,-0.4999999999999998,0.0
FOODS_0001_CA_2_validation,d_93,0.0,0.0,0.0,1.0,1.0,1.0,0.0,0.42857142857142855,0.5714285714285714,-0.7818314824680299,0.6234898018587334,0.49999999999999994,-0.8660254037844387,1.0
FOODS_0001_CA_2_validation,d_94,1.0,0.0,0.0,0.0,1.0,1.0,1.0,0.5714285714285714,0.6428571428571429,0.0,1.0,0.49999999999999994,-0.8660254037844387,4.0
FOODS_0001_CA_2_validation,d_95,4.0,1.0,0.0,0.0,0.0,1.0,1.0,1.0,0.7857142857142857,0.7818314824680298,0.6234898018587336,0.49999999999999994,-0.8660254037844387,5.0
FOODS_0001_CA_2_validation,d_96,5.0,4.0,1.0,0.0,0.0,0.0,1.0,1.5714285714285714,1.0,0.9749279121818236,-0.22252093395631434,0.49999999999999994,-0.8660254037844387,0.0
FOODS_0001_CA_2_validation,d_97,0.0,5.0,4.0,1.0,0.0,0.0,0.0,1.4285714285714286,0.9285714285714286,0.43388373911755823,-0.900968867902419,0.49999999999999994,-0.8660254037844387,0.0
FOODS_0001_CA_2_validation,d_98,0.0,0.0,5.0,4.0,1.0,0.0,0.0,1.4285714285714286,0.9285714285714286,-0.433883739117558,-0.9009688679024191,0.49999999999999994,-0.8660254037844387,1.0
FOODS_0001_CA_2_validation,d_99,1.0,0.0,0.0,5.0,4.0,1.0,0.0,1.5714285714285714,1.0,-0.9749279121818236,-0.2225209339563146,0.49999999999999994,-0.8660254037844387,0.0
FOODS_0001_CA_2_validation,d_100,0.0,1.0,0.0,0.0,5.0,4.0,1.0,1.5714285714285714,1.0,-0.7818314824680299,0.6234898018587334,0.49999999999999994,-0.8660254037844387,3.0
FOODS_0001_CA_2_validation,d_101,3.0,0.0,1.0,0.0,0.0,5.0,4.0,1.8571428571428572,1.2142857142857142,0.0,1.0,0.49999999999999994,-0.8660254037844387,1.0
FOODS_0001_CA_2_validation,d_102,1.0,3.0,0.0,1.0,0.0,0.0,5.0,1.4285714285714286,1.2142857142857142,0.7818314824680298,0.6234898018587336,0.49999999999999994,-0.8660254037844387,4.0
FOODS_0001_CA_2_validation,d_103,4.0,1.0,3.0,0.0,1.0,0.0,0.0,1.2857142857142858,1.4285714285714286,0.9749279121818236,-0.22252093395631434,0.49999999999999994,-0.8660254037844387,0.0
FOODS_0001_CA_2_validation,d_104,0.0,4.0,1.0,3.0,0.0,1.0,0.0,1.2857142857142858,1.3571428571428572,0.43388373911755823,-0.900968867902419,0.49999999999999994,-0.8660254037844387,0.0
FOODS_0001_CA_2_validation,d_105,0.0,0.0,4.0,1.0,3.0,0.0,1.0,1.2857142857142858,1.3571428571428572,-0.433883739117558,-0.9009688679024191,0.49999999999999994,-0.8660254037844387,0.0
FOODS_0001_CA_2_validation,d_106,0.0,0.0,0.0,4.0,1.0,3.0,0.0,1.1428571428571428,1.3571428571428572,-0.9749279121818236,-0.2225209339563146,0.49999999999999994,-0.8660254037844387,1.0
FOODS_0001_CA_2_validation,d_107,1.0,0.0,0.0,0.0,4.0,1.0,3.0,1.2857142857142858,1.4285714285714286,-0.7818314824680299,0.6234898018587334,0.49999999999999994,-0.8660254037844387,1.0
FOODS_0001_CA_2_validation,d_108,1.0,1.0,0.0,0.0,0.0,4.0,1.0,1.0,1.4285714285714286,0.0,1.0,0.49999999999999994,-0.8660254037844387,0.0
FOODS_0001_CA_2_validation,d_109,0.0,1.0,1.0,0.0,0.0,0.0,4.0,0.8571428571428571,1.1428571428571428,0.7818314824680298,0.6234898018587336,0.49999999999999994,-0.8660254037844387,0.0
FOODS_0001_CA_2_validation,d_110,0.0,0.0,1.0,1.0,0.0,0.0,0.0,0.2857142857142857,0.7857142857142857,0.9749279121818236,-0.22252093395631434,0.49999999999999994,-0.8660254037844387,0.0
FOODS_0001_CA_2_validation,d_111,0.0,0.0,0.0,1.0,1.0,0.0,0.0,0.2857142857142857,0.7857142857142857,0.43388373911755823,-0.900968867902419,0.49999999999999994,-0.8660254037844387,1.0
FOODS_0001_CA_2_validation,d_112,1.0,0.0,0.0,0.0,1.0,1.0,0.0,0.42857142857142855,0.8571428571428571,-0.433883739117558,-0.9009688679024191,0.49999999999999994,-0.8660254037844387,2.0
FOODS_0001_CA_2_validation,d_113,2.0,1.0,0.0,0.0,0.0,1.0,1.0,0.7142857142857143,0.9285714285714286,-0.9749279121818236,-0.2225209339563146,0.49999999999999994,-0.8660254037844387,0.0
FOODS_0001_CA_2_validation,d_114,0.0,2.0,1.0,0.0,0.0,0.0,1.0,0.5714285714285714,0.9285714285714286,-0.7818314824680299,0.6234898018587334,0.49999999999999994,-0.8660254037844387,2.0
FOODS_0001_CA_2_validation,d_115,2.0,0.0,2.0,1.0,0.0,0.0,0.0,0.7142857142857143,0.8571428571428571,0.0,1.0,0.49999999999999994,-0.8660254037844387,0.0
FOODS_0001_CA_2_validation,d_116,0.0,2.0,0.0,2.0,1.0,0.0,0.0,0.7142857142857143,0.7857142857142857,0.7818314824680298,0.6234898018587336,0.49999999999999994,-0.8660254037844387,2.0
FOODS_0007_WI_2_validation,d_50,0.0,0.0,1.0,0.0,0.0,0.0,0.0,0.14285714285714285,0.35714285714285715,-0.9749279121818236,-0.2225209339563146,1.0,6.123233995736766e-17,0.0
FOODS_0007_WI_2_validation,d_51,0.0,0.0,0.0,1.0,0.0,0.0,0.0,0.14285714285714285,0.2857142857142857,-0.7818314824680299,0.6234898018587334,1.0,6.123233995736766e-17,0.0
FOODS_0007_WI_2_validation,d_52,0.0,0.0,0.0,0.0,1.0,0.0,0.0,0.14285714285714285,0.21428571428571427,0.0,1.0,1.0,6.123233995736766e-17,0.0
FOODS_0007_WI_2_validation,d_53,0.0,0.0,0.0,0.0,0.0,1.0,0.0,0.14285714285714285,0.07142857142857142,0.7818314824680298,0.6234898018587336,1.0,6.123233995736766e-17,1.0
FOODS_0007_WI_2_validation,d_54,1.0,0.0,0.0,0.0,0.0,0.0,1.0,0.2857142857142857,0.14285714285714285,0.9749279121818236,-0.22252093395631434,1.0,6.123233995736766e-17,0.0
FOODS_0007_WI_2_validation,d_55,0.0,1.0,0.0,0.0,0.0,0.0,0.0,0.14285714285714285,0.14285714285714285,0.43388373911755823,-0.900968867902419,1.0,6.123233995736766e-17,0.0
FOODS_0007_WI_2_validation,d_56,0.0,0.0,1.0,0.0,0.0,0.0,0.0,0.14285714285714285,0.14285714285714285,-0.433883739117558,-0.9009688679024191,1.0,6.123233995736766e-17,0.0
FOODS_0007_WI_2_validation,d_57,0.0,0.0,0.0,1.0,0.0,0.0,0.0,0.14285714285714285,0.14285714285714285,-0.9749279121818236,-0.2225209339563146,1.0,6.123233995736766e-17,0.0
FOODS_0007_WI_2_validation,d_58,0.0,0.0,0.0,0.0,1.0,0.0,0.0,0.14285714285714285,0.14285714285714285,-0.7818314824680299,0.6234898018587334,1.0,6.123233995736766e-17,1.0
FOODS_0007_WI_2_validation,d_59,1.0,0.0,0.0,0.0,0.0,1.0,0.0,0.2857142857142857,0.21428571428571427,0.0,1.0,1.0,6.123233995736766e-17,2.0
FOODS_0007_WI_2_validation,d_60,2.0,1.0,0.0,0.0,0.0,0.0,1.0,0.5714285714285714,0.35714285714285715,0.7818314824680298,0.6234898018587336,1.0,6.123233995736766e-17,1.0
FOODS_0007_WI_2_validation,d_61,1.0,2.0,1.0,0.0,0.0,0.0,0.0,0.5714285714285714,0.42857142857142855,0.9749279121818236,-0.22252093395631434,1.0,6.123233995736766e-17,0.0
FOODS_0007_WI_2_validation,d_62,0.0,1.0,2.0,1.0,0.0,0.0,0.0,0.5714285714285714,0.35714285714285715,0.43388373911755823,-0.900968867902419,1.0,6.123233995736766e-17,0.0
FOODS_0007_WI_2_validation,d_63,0.0,0.0,1.0,2.0,1.0,0.0,0.0,0.5714285714285714,0.35714285714285715,-0.433883739117558,-0.9009688679024191,0.8660254037844387,-0.4999999999999998,0.0
FOODS_0007_WI_2_validation,d_64,0.0,0.0,0.0,1.0,2.0,1.0,0.0,0.5714285714285714,0.35714285714285715,-0.9749279121818236,-0.2225209339563146,0.8660254037844387,-0.4999999999999998,0.0
FOODS_0007_WI_2_validation,d_65,0.0,0.0,0.0,0.0,1.0,2.0,1.0,0.5714285714285714,0.35714285714285715,-0.7818314824680299,0.6234898018587334,0.8660254037844387,-0.4999999999999998,2.0
FOODS_0007_WI_2_validation,d_66,2.0,0.0,0.0,0.0,0.0,1.0,2.0,0.7142857142857143,0.5,0.0,1.0,0.8660254037844387,-0.4999999999999998,0.0
FOODS_0007_WI_2_validation,d_67,0.0,2.0,0.0,0.0,0.0,0.0,1.0,0.42857142857142855,0.5,0.7818314824680298,0.6234898018587336,0.8660254037844387,-0.4999999999999998,0.0
FOODS_0007_WI_2_validation,d_68,0.0,0.0,2.0,0.0,0.0,0.0,0.0,0.2857142857142857,0.42857142857142855,0.9749279121818236,-0.22252093395631434,0.8660254037844387,-0.4999999999999998,0.0
FOODS_0007_WI_2_validation,d_69,0.0,0.0,0.0,2.0,0.0,0.0,0.0,0.2857142857142857,0.42857142857142855,0.43388373911755823,-0.900968867902419,0.8660254037844387,-0.4999999999999998,0.0
FOODS_0007_WI_2_validation,d_70,0.0,0.0,0.0,0.0,2.0,0.0,0.0,0.2857142857142857,0.42857142857142855,-0.433883739117558,-0.9009688679024191,0.8660254037844387,-0.4999999999999998,0.0
FOODS_0007_WI_2_validation,d_71,0.0,0.0,0.0,0.0,0.0,2.0,0.0,0.2857142857142857,0.42857142857142855,-0.9749279121818236,-0.2225209339563146,0.8660254037844387,-0.4999999999999998,0.0
FOODS_0007_WI_2_validation,d_72,0.0,0.0,0.0,0.0,0.0,0.0,2.0,0.2857142857142857,0.42857142857142855,-0.7818314824680299,0.6234898018587334,0.8660254037844387,-0.4999999999999998,0.0
FOODS_0007_WI_2_validation,d_73,0.0,0.0,0.0,0.0,0.0,0.0,0.0,0.0,0.35714285714285715,0.0,1.0,0.8660254037844387,-0.4999999999999998,0.0
FOODS_0007_WI_2_validation,d_74,0.0,0.0,0.0,0.0,0.0,0.0,0.0,0.0,0.21428571428571427,0.7818314824680298,0.6234898018587336,0.8660254037844387,-0.4999999999999998,0.0
FOODS_0007_WI_2_validation,d_75,0.0,0.0,0.0,0.0,0.0,0.0,0.0,0.0,0.14285714285714285,0.9749279121818236,-0.22252093395631434,0.8660254037844387,-0.4999999999999998,0.0
FOODS_0007_WI_2_validation,d_76,0.0,0.0,0.0,0.0,0.0,0.0,0.0,0.0,0.14285714285714285,0.43388373911755823,-0.900968867902419,0.8660254037844387,-0.4999999999999998,0.0
FOODS_0007_WI_2_validation,d_77,0.0,0.0,0.0,0.0,0.0,0.0,0.0,0.0,0.14285714285714285,-0.433883739117558,-0.9009688679024191,0.8660254037844387,-0.4999999999999998,0.0
FOODS_0007_WI_2_validation,d_78,0.0,0.0,0.0,0.0,0.0,0.0,0.0,0.0,0.14285714285714285,-0.9749279121818236,-0.2225209339563146,0.8660254037844387,-0.4999999999999998,0.0
FOODS_0007_WI_2_validation,d_79,0.0,0.0,0.0,0.0,0.0,0.0,0.0,0.0,0.14285714285714285,-0.7818314824680299,0.6234898018587334,0.8660254037844387,-0.4999999999999998,1.0
FOODS_0007_WI_2_validation,d_80,1.0,0.0,0.0,0.0,0.0,0.0,0.0,0.14285714285714285,0.07142857142857142,0.0,1.0,0.8660254037844387,-0.4999999999999998,1.0
FOODS_0007_WI_2_validation,d_81,1.0,1.0,0.0,0.0,0.0,0.0,0.0,0.2857142857142857,0.14285714285714285,0.7818314824680298,0.6234898018587336,0.8660254037844387,-0.4999999999999998,1.0
FOODS_0007_WI_2_validation,d_82,1.0,1.0,1.0,0.0,0.0,0.0,0.0,0.42857142857142855,0.21428571428571427,0.9749279121818236,-0.22252093395631434,0.8660254037844387,-0.4999999999999998,0.0
FOODS_0007_WI_2_validation,d_83,0.0,1.0,1.0,1.0,0.0,0.0,0.0,0.42857142857142855,0.21428571428571427,0.43388373911755823,-0.900968867902419,0.8660254037844387,-0.4999999999999998,0.0
FOODS_0007_WI_2_validation,d_84,0.0,0.0,1.0,1.0,1.0,0.0,0.0,0.42857142857142855,0.21428571428571427,-0.433883739117558,-0.9009688679024191,0.8660254037844387,-0.4999999999999998,0.0
FOODS_0007_WI_2_validation,d_85,0.0,0.0,0.0,1.0,1.0,1.0,0.0,0.42857142857142855,0.21428571428571427,-0.9749279121818236,-0.2225209339563146,0.8660254037844387,-0.4999999999999998,0.0
FOODS_0007_WI_2_validation,d_86,0.0,0.0,0.0,0.0,1.0,1.0,1.0,0.42857142857142855,0.21428571428571427,-0.7818314824680299,0.6234898018587334,0.8660254037844387,-0.4999999999999998,0.0
FOODS_0007_WI_2_validation,d_87,0.0,0.0,0.0,0.0,0.0,1.0,1.0,0.2857142857142857,0.21428571428571427,0.0,1.0,0.8660254037844387,-0.4999999999999998,3.0
FOODS_0007_WI_2_validation,d_88,3.0,0.0,0.0,0.0,0.0,0.0,1.0,0.5714285714285714,0.42857142857142855,0.7818314824680298,0.6234898018587336,0.8660254037844387,-0.4999999999999998,1.0
FOODS_0007_WI_2_validation,d_89,1.0,3.0,0.0,0.0,0.0,0.0,0.0,0.5714285714285714,0.5,0.9749279121818236,-0.22252093395631434,0.8660254037844387,-0.4999999999999998,0.0
FOODS_0007_WI_2_validation,d_90,0.0,1.0,3.0,0.0,0.0,0.0,0.0,0.5714285714285714,0.5,0.43388373911755823,-0.900968867902419,0.8660254037844387,-0.4999999999999998,0.0
FOODS_0007_WI_2_validation,d_91,0.0,0.0,1.0,3.0,0.0,0.0,0.0,0.5714285714285714,0.5,-0.433883739117558,-0.9009688679024191,0.8660254037844387,-0.4999999999999998,0.0
FOODS_0007_WI_2_validation,d_92,0.0,0.0,0.0,1.0,3.0,0.0,0.0,0.5714285714285714,0.5,-0.9749279121818236,-0.2225209339563146,0.8660254037844387,-0.4999999999999998,0.0
FOODS_0007_WI_2_validation,d_93,0.0,0.0,0.0,0.0,1.0,3.0,0.0,0.5714285714285714,0.5,-0.7818314824680299,0.6234898018587334,0.49999999999999994,-0.8660254037844387,0.0
FOODS_0007_WI_2_validation,d_94,0.0,0.0,0.0,0.0,0.0,1.0,3.0,0.5714285714285714,0.42857142857142855,0.0,1.0,0.49999999999999994,-0.8660254037844387,1.0
FOODS_0007_WI_2_validation,d_95,1.0,0.0,0.0,0.0,0.0,0.0,1.0,0.2857142857142857,0.42857142857142855,0.7818314824680298,0.6234898018587336,0.49999999999999994,-0.8660254037844387,0.0
FOODS_0007_WI_2_validation,d_96,0.0,1.0,0.0,0.0,0.0,0.0,0.0,0.14285714285714285,0.35714285714285715,0.9749279121818236,-0.22252093395631434,0.49999999999999994,-0.8660254037844387,0.0
FOODS_0007_WI_2_validation,d_97,0.0,0.0,1.0,0.0,0.0,0.0,0.0,0.14285714285714285,0.35714285714285715,0.43388373911755823,-0.900968867902419,0.49999999999999994,-0.8660254037844387,0.0
FOODS_0007_WI_2_validation,d_98,0.0,0.0,0.0,1.0,0.0,0.0,0.0,0.14285714285714285,0.35714285714285715,-0.433883739117558,-0.9009688679024191,0.49999999999999994,-0.8660254037844387,1.0
FOODS_0007_WI_2_validation,d_99,1.0,0.0,0.0,0.0,1.0,0.0,0.0,0.2857142857142857,0.42857142857142855,-0.9749279121818236,-0.2225209339563146,0.49999999999999994,-0.8660254037844387,0.0
FOODS_0007_WI_2_validation,d_100,0.0,1.0,0.0,0.0,0.0,1.0,0.0,0.2857142857142857,0.42857142857142855,-0.7818314824680299,0.6234898018587334,0.49999999999999994,-0.8660254037844387,0.0
FOODS_0007_WI_2_validation,d_101,0.0,0.0,1.0,0.0,0.0,0.0,1.0,0.2857142857142857,0.42857142857142855,0.0,1.0,0.49999999999999994,-0.8660254037844387,1.0
FOODS_0007_WI_2_validation,d_102,1.0,0.0,0.0,1.0,0.0,0.0,0.0,0.2857142857142857,0.2857142857142857,0.7818314824680298,0.6234898018587336,0.49999999999999994,-0.8660254037844387,0.0
FOODS_0007_WI_2_validation,d_103,0.0,1.0,0.0,0.0,1.0,0.0,0.0,0.2857142857142857,0.21428571428571427,0.9749279121818236,-0.22252093395631434,0.49999999999999994,-0.8660254037844387,0.0
FOODS_0007_WI_2_validation,d_104,0.0,0.0,1.0,0.0,0.0,1.0,0.0,0.2857142857142857,0.21428571428571427,0.43388373911755823,-0.900968867902419,0.49999999999999994,-0.8660254037844387,0.0
FOODS_0007_WI_2_validation,d_105,0.0,0.0,0.0,1.0,0.0,0.0,1.0,0.2857142857142857,0.21428571428571427,-0.433883739117558,-0.9009688679024191,0.49999999999999994,-0.8660254037844387,0.0
FOODS_0007_WI_2_validation,d_106,0.0,0.0,0.0,0.0,1.0,0.0,0.0,0.14285714285714285,0.21428571428571427,-0.9749279121818236,-0.2225209339563146,0.49999999999999994,-0.8660254037844387,1.0
FOODS_0007_WI_2_validation,d_107,1.0,0.0,0.0,0.0,0.0,1.0,0.0,0.2857142857142857,0.2857142857142857,-0.7818314824680299,0.6234898018587334,0.49999999999999994,-0.8660254037844387,0.0
FOODS_0007_WI_2_validation,d_108,0.0,1.0,0.0,0.0,0.0,0.0,1.0,0.2857142857142857,0.2857142857142857,0.0,1.0,0.49999999999999994,-0.8660254037844387,0.0
FOODS_0007_WI_2_validation,d_109,0.0,0.0,1.0,0.0,0.0,0.0,0.0,0.14285714285714285,0.21428571428571427,0.7818314824680298,0.6234898018587336,0.49999999999999994,-0.8660254037844387,0.0
FOODS_0007_WI_2_validation,d_110,0.0,0.0,0.0,1.0,0.0,0.0,0.0,0.14285714285714285,0.21428571428571427,0.9749279121818236,-0.22252093395631434,0.49999999999999994,-0.8660254037844387,0.0
FOODS_0007_WI_2_validation,d_111,0.0,0.0,0.0,0.0,1.0,0.0,0.0,0.14285714285714285,0.21428571428571427,0.43388373911755823,-0.900968867902419,0.49999999999999994,-0.8660254037844387,0.0
FOODS_0007_WI_2_validation,d_112,0.0,0.0,0.0,0.0,0.0,1.0,0.0,0.14285714285714285,0.21428571428571427,-0.433883739117558,-0.9009688679024191,0.49999999999999994,-0.8660254037844387,0.0
FOODS_0007_WI_2_validation,d_113,0.0,0.0,0.0,0.0,0.0,0.0,1.0,0.14285714285714285,0.14285714285714285,-0.9749279121818236,-0.2225209339563146,0.49999999999999994,-0.8660254037844387,0.0
FOODS_0007_WI_2_validation,d_114,0.0,0.0,0.0,0.0,0.0,0.0,0.0,0.0,0.14285714285714285,-0.7818314824680299,0.6234898018587334,0.49999999999999994,-0.8660254037844387,0.0
FOODS_0007_WI_2_validation,d_115,0.0,0.0,0.0,0.0,0.0,0.0,0.0,0.0,0.14285714285714285,0.0,1.0,0.49999999999999994,-0.8660254037844387,1.0
FOODS_0007_WI_2_validation,d_116,1.0,0.0,0.0,0.0,0.0,0.0,0.0,0.14285714285714285,0.14285714285714285,0.7818314824680298,0.6234898018587336,0.49999999999999994,-0.8660254037844387,0.0
HOBBIES_0009_CA_1_validation,d_50,0.0,0.0,0.0,0.0,0.0,0.0,0.0,0.0,0.14285714285714285,-0.9749279121818236,-0.2225209339563146,1.0,6.123233995736766e-17,0.0
HOBBIES_0009_CA_1_validation,d_51,0.0,0.0,0.0,0.0,0.0,0.0,0.0,0.0,0.14285714285714285,-0.7818314824680299,0.6234898018587334,1.0,6.123233995736766e-17,0.0
HOBBIES_0009_CA_1_validation,d_52,0.0,0.0,0.0,0.0,0.0,0.0,0.0,0.0,0.07142857142857142,0.0,1.0,1.0,6.123233995736766e-17,1.0
HOBBIES_0009_CA_1_validation,d_53,1.0,0.0,0.0,0.0,0.0,0.0,0.0,0.14285714285714285,0.07142857142857142,0.7818314824680298,0.6234898018587336,1.0,6.123233995736766e-17,0.0
HOBBIES_0009_CA_1_validation,d_54,0.0,1.0,0.0,0.0,0.0,0.0,0.0,0.14285714285714285,0.07142857142857142,0.9749279121818236,-0.22252093395631434,1.0,6.123233995736766e-17,0.0
HOBBIES_0009_CA_1_validation,d_55,0.0,0.0,1.0,0.0,0.0,0.0,0.0,0.14285714285714285,0.07142857142857142,0.43388373911755823,-0.900968867902419,1.0,6.123233995736766e-17,0.0
HOBBIES_0009_CA_1_validation,d_56,0.0,0.0,0.0,1.0,0.0,0.0,0.0,0.14285714285714285,0.07142857142857142,-0.433883739117558,-0.9009688679024191,1.0,6.123233995736766e-17,0.0
HOBBIES_0009_CA_1_validation,d_57,0.0,0.0,0.0,0.0,1.0,0.0,0.0,0.14285714285714285,0.07142857142857142,-0.9749279121818236,-0.2225209339563146,1.0,6.123233995736766e-17,0.0
HOBBIES_0009_CA_1_validation,d_58,0.0,0.0,0.0,0.0,0.0,1.0,0.0,0.14285714285714285,0.07142857142857142,-0.7818314824680299,0.6234898018587334,1.0,6.123233995736766e-17,2.0
HOBBIES_0009_CA_1_validation,d_59,2.0,0.0,0.0,0.0,0.0,0.0,1.0,0.42857142857142855,0.21428571428571427,0.0,1.0,1.0,6.123233995736766e-17,1.0
HOBBIES_0009_CA_1_validation,d_60,1.0,2.0,0.0,0.0,0.0,0.0,0.0,0.42857142857142855,0.2857142857142857,0.7818314824680298,0.6234898018587336,1.0,6.123233995736766e-17,0.0
HOBBIES_0009_CA_1_validation,d_61,0.0,1.0,2.0,0.0,0.0,0.0,0.0,0.42857142857142855,0.2857142857142857,0.9749279121818236,-0.22252093395631434,1.0,6.123233995736766e-17,0.0
HOBBIES_0009_CA_1_validation,d_62,0.0,0.0,1.0,2.0,0.0,0.0,0.0,0.42857142857142855,0.2857142857142857,0.43388373911755823,-0.900968867902419,1.0,6.123233995736766e-17,0.0
HOBBIES_0009_CA_1_validation,d_63,0.0,0.0,0.0,1.0,2.0,0.0,0.0,0.42857142857142855,0.2857142857142857,-0.433883739117558,-0.9009688679024191,0.8660254037844387,-0.4999999999999998,0.0
HOBBIES_0009_CA_1_validation,d_64,0.0,0.0,0.0,0.0,1.0,2.0,0.0,0.42857142857142855,0.2857142857142857,-0.9749279121818236,-0.2225209339563146,0.8660254037844387,-0.4999999999999998,0.0
HOBBIES_0009_CA_1_validation,d_65,0.0,0.0,0.0,0.0,0.0,1.0,2.0,0.42857142857142855,0.2857142857142857,-0.7818314824680299,0.6234898018587334,0.8660254037844387,-0.4999999999999998,0.0
HOBBIES_0009_CA_1_validation,d_66,0.0,0.0,0.0,0.0,0.0,0.0,1.0,0.14285714285714285,0.2857142857142857,0.0,1.0,0.8660254037844387,-0.4999999999999998,2.0
HOBBIES_0009_CA_1_validation,d_67,2.0,0.0,0.0,0.0,0.0,0.0,0.0,0.2857142857142857,0.35714285714285715,0.7818314824680298,0.6234898018587336,0.8660254037844387,-0.4999999999999998,0.0
HOBBIES_0009_CA_1_validation,d_68,0.0,2.0,0.0,0.0,0.0,0.0,0.0,0.2857142857142857,0.35714285714285715,0.9749279121818236,-0.22252093395631434,0.8660254037844387,-0.4999999999999998,0.0
HOBBIES_0009_CA_1_validation,d_69,0.0,0.0,2.0,0.0,0.0,0.0,0.0,0.2857142857142857,0.35714285714285715,0.43388373911755823,-0.900968867902419,0.8660254037844387,-0.4999999999999998,0.0
HOBBIES_0009_CA_1_validation,d_70,0.0,0.0,0.0,2.0,0.0,0.0,0.0,0.2857142857142857,0.35714285714285715,-0.433883739117558,-0.9009688679024191,0.8660254037844387,-0.4999999999999998,0.0
HOBBIES_0009_CA_1_validation,d_71,0.0,0.0,0.0,0.0,2.0,0.0,0.0,0.2857142857142857,0.35714285714285715,-0.9749279121818236,-0.2225209339563146,0.8660254037844387,-0.4999999999999998,1.0
HOBBIES_0009_CA_1_validation,d_72,1.0,0.0,0.0,0.0,0.0,2.0,0.0,0.42857142857142855,0.42857142857142855,-0.7818314824680299,0.6234898018587334,0.8660254037844387,-0.4999999999999998,0.0
HOBBIES_0009_CA_1_validation,d_73,0.0,1.0,0.0,0.0,0.0,0.0,2.0,0.42857142857142855,0.2857142857142857,0.0,1.0,0.8660254037844387,-0.4999999999999998,0.0
HOBBIES_0009_CA_1_validation,d_74,0.0,0.0,1.0,0.0,0.0,0.0,0.0,0.14285714285714285,0.21428571428571427,0.7818314824680298,0.6234898018587336,0.8660254037844387,-0.4999999999999998,0.0
HOBBIES_0009_CA_1_validation,d_75,0.0,0.0,0.0,1.0,0.0,0.0,0.0,0.14285714285714285,0.21428571428571427,0.9749279121818236,-0.22252093395631434,0.8660254037844387,-0.4999999999999998,1.0
HOBBIES_0009_CA_1_validation,d_76,1.0,0.0,0.0,0.0,1.0,0.0,0.0,0.2857142857142857,0.2857142857142857,0.43388373911755823,-0.900968867902419,0.8660254037844387,-0.4999999999999998,0.0
HOBBIES_0009_CA_1_validation,d_77,0.0,1.0,0.0,0.0,0.0,1.0,0.0,0.2857142857142857,0.2857142857142857,-0.433883739117558,-0.9009688679024191,0.8660254037844387,-0.4999999999999998,0.0
HOBBIES_0009_CA_1_validation,d_78,0.0,0.0,1.0,0.0,0.0,0.0,1.0,0.2857142857142857,0.2857142857142857,-0.9749279121818236,-0.2225209339563146,0.8660254037844387,-0.4999999999999998,0.0
HOBBIES_0009_CA_1_validation,d_79,0.0,0.0,0.0,1.0,0.0,0.0,0.0,0.14285714285714285,0.2857142857142857,-0.7818314824680299,0.6234898018587334,0.8660254037844387,-0.4999999999999998,0.0
HOBBIES_0009_CA_1_validation,d_80,0.0,0.0,0.0,0.0,1.0,0.0,0.0,0.14285714285714285,0.2857142857142857,0.0,1.0,0.8660254037844387,-0.4999999999999998,0.0
HOBBIES_0009_CA_1_validation,d_81,0.0,0.0,0.0,0.0,0.0,1.0,0.0,0.14285714285714285,0.14285714285714285,0.7818314824680298,0.6234898018587336,0.8660254037844387,-0.4999999999999998,0.0
HOBBIES_0009_CA_1_validation,d_82,0.0,0.0,0.0,0.0,0.0,0.0,1.0,0.14285714285714285,0.14285714285714285,0.9749279121818236,-0.22252093395631434,0.8660254037844387,-0.4999999999999998,0.0
HOBBIES_0009_CA_1_validation,d_83,0.0,0.0,0.0,0.0,0.0,0.0,0.0,0.0,0.14285714285714285,0.43388373911755823,-0.900968867902419,0.8660254037844387,-0.4999999999999998,0.0
HOBBIES_0009_CA_1_validation,d_84,0.0,0.0,0.0,0.0,0.0,0.0,0.0,0.0,0.14285714285714285,-0.433883739117558,-0.9009688679024191,0.8660254037844387,-0.4999999999999998,0.0
HOBBIES_0009_CA_1_validation,d_85,0.0,0.0,0.0,0.0,0.0,0.0,0.0,0.0,0.14285714285714285,-0.9749279121818236,-0.2225209339563146,0.8660254037844387,-0.4999999999999998,1.0
HOBBIES_0009_CA_1_validation,d_86,1.0,0.0,0.0,0.0,0.0,0.0,0.0,0.14285714285714285,0.14285714285714285,-0.7818314824680299,0.6234898018587334,0.8660254037844387,-0.4999999999999998,0.0
HOBBIES_0009_CA_1_validation,d_87,0.0,1.0,0.0,0.0,0.0,0.0,0.0,0.14285714285714285,0.14285714285714285,0.0,1.0,0.8660254037844387,-0.4999999999999998,0.0
HOBBIES_0009_CA_1_validation,d_88,0.0,0.0,1.0,0.0,0.0,0.0,0.0,0.14285714285714285,0.14285714285714285,0.7818314824680298,0.6234898018587336,0.8660254037844387,-0.4999999999999998,2.0
HOBBIES_0009_CA_1_validation,d_89,2.0,0.0,0.0,1.0,0.0,0.0,0.0,0.42857142857142855,0.2857142857142857,0.9749279121818236,-0.22252093395631434,0.8660254037844387,-0.4999999999999998,1.0
HOBBIES_0009_CA_1_validation,d_90,1.0,2.0,0.0,0.0,1.0,0.0,0.0,0.5714285714285714,0.2857142857142857,0.43388373911755823,-0.900968867902419,0.8660254037844387,-0.4999999999999998,0.0
HOBBIES_0009_CA_1_validation,d_91,0.0,1.0,2.0,0.0,0.0,1.0,0.0,0.5714285714285714,0.2857142857142857,-0.433883739117558,-0.9009688679024191,0.8660254037844387,-0.4999999999999998,0.0
HOBBIES_0009_CA_1_validation,d_92,0.0,0.0,1.0,2.0,0.0,0.0,1.0,0.5714285714285714,0.2857142857142857,-0.9749279121818236,-0.2225209339563146,0.8660254037844387,-0.4999999999999998,0.0
HOBBIES_0009_CA_1_validation,d_93,0.0,0.0,0.0,1.0,2.0,0.0,0.0,0.42857142857142855,0.2857142857142857,-0.7818314824680299,0.6234898018587334,0.49999999999999994,-0.8660254037844387,0.0
HOBBIES_0009_CA_1_validation,d_94,0.0,0.0,0.0,0.0,1.0,2.0,0.0,0.42857142857142855,0.2857142857142857,0.0,1.0,0.49999999999999994,-0.8660254037844387,2.0
HOBBIES_0009_CA_1_validation,d_95,2.0,0.0,0.0,0.0,0.0,1.0,2.0,0.7142857142857143,0.42857142857142855,0.7818314824680298,0.6234898018587336,0.49999999999999994,-0.8660254037844387,3.0
HOBBIES_0009_CA_1_validation,d_96,3.0,2.0,0.0,0.0,0.0,0.0,1.0,0.8571428571428571,0.6428571428571429,0.9749279121818236,-0.22252093395631434,0.49999999999999994,-0.8660254037844387,0.0
HOBBIES_0009_CA_1_validation,d_97,0.0,3.0,2.0,0.0,0.0,0.0,0.0,0.7142857142857143,0.6428571428571429,0.43388373911755823,-0.900968867902419,0.49999999999999994,-0.8660254037844387,0.0
HOBBIES_0009_CA_1_validation,d_98,0.0,0.0,3.0,2.0,0.0,0.0,0.0,0.7142857142857143,0.6428571428571429,-0.433883739117558,-0.9009688679024191,0.49999999999999994,-0.8660254037844387,0.0
HOBBIES_0009_CA_1_validation,d_99,0.0,0.0,0.0,3.0,2.0,0.0,0.0,0.7142857142857143,0.6428571428571429,-0.9749279121818236,-0.2225209339563146,0.49999999999999994,-0.8660254037844387,1.0
HOBBIES_0009_CA_1_validation,d_100,1.0,0.0,0.0,0.0,3.0,2.0,0.0,0.8571428571428571,0.6428571428571429,-0.7818314824680299,0.6234898018587334,0.49999999999999994,-0.8660254037844387,0.0
HOBBIES_0009_CA_1_validation,d_101,0.0,1.0,0.0,0.0,0.0,3.0,2.0,0.8571428571428571,0.6428571428571429,0.0,1.0,0.49999999999999994,-0.8660254037844387,0.0
HOBBIES_0009_CA_1_validation,d_102,0.0,0.0,1.0,0.0,0.0,0.0,3.0,0.5714285714285714,0.6428571428571429,0.7818314824680298,0.6234898018587336,0.49999999999999994,-0.8660254037844387,0.0
HOBBIES_0009_CA_1_validation,d_103,0.0,0.0,0.0,1.0,0.0,0.0,0.0,0.14285714285714285,0.5,0.9749279121818236,-0.22252093395631434,0.49999999999999994,-0.8660254037844387,0.0
HOBBIES_0009_CA_1_validation,d_104,0.0,0.0,0.0,0.0,1.0,0.0,0.0,0.14285714285714285,0.42857142857142855,0.43388373911755823,-0.900968867902419,0.49999999999999994,-0.8660254037844387,0.0
HOBBIES_0009_CA_1_validation,d_105,0.0,0.0,0.0,0.0,0.0,1.0,0.0,0.14285714285714285,0.42857142857142855,-0.433883739117558,-0.9009688679024191,0.49999999999999994,-0.8660254037844387,0.0
HOBBIES_0009_CA_1_validation,d_106,0.0,0.0,0.0,0.0,0.0,0.0,1.0,0.14285714285714285,0.42857142857142855,-0.9749279121818236,-0.2225209339563146,0.49999999999999994,-0.8660254037844387,0.0
HOBBIES_0009_CA_1_validation,d_107,0.0,0.0,0.0,0.0,0.0,0.0,0.0,0.0,0.42857142857142855,-0.7818314824680299,0.6234898018587334,0.49999999999999994,-0.8660254037844387,0.0
HOBBIES_0009_CA_1_validation,d_108,0.0,0.0,0.0,0.0,0.0,0.0,0.0,0.0,0.42857142857142855,0.0,1.0,0.49999999999999994,-0.8660254037844387,0.0
HOBBIES_0009_CA_1_validation,d_109,0.0,0.0,0.0,0.0,0.0,0.0,0.0,0.0,0.2857142857142857,0.7818314824680298,0.6234898018587336,0.49999999999999994,-0.8660254037844387,0.0
HOBBIES_0009_CA_1_validation,d_110,0.0,0.0,0.0,0.0,0.0,0.0,0.0,0.0,0.07142857142857142,0.9749279121818236,-0.22252093395631434,0.49999999999999994,-0.8660254037844387,0.0
HOBBIES_0009_CA_1_validation,d_111,0.0,0.0,0.0,0.0,0.0,0.0,0.0,0.0,0.07142857142857142,0.43388373911755823,-0.900968867902419,0.49999999999999994,-0.8660254037844387,0.0
HOBBIES_0009_CA_1_validation,d_112,0.0,0.0,0.0,0.0,0.0,0.0,0.0,0.0,0.07142857142857142,-0.433883739117558,-0.9009688679024191,0.49999999999999994,-0.8660254037844387,0.0
HOBBIES_0009_CA_1_validation,d_113,0.0,0.0,0.0,0.0,0.0,0.0,0.0,0.0,0.07142857142857142,-0.9749279121818236,-0.2225209339563146,0.49999999999999994,-0.8660254037844387,0.0
HOBBIES_0009_CA_1_validation,d_114,0.0,0.0,0.0,0.0,0.0,0.0,0.0,0.0,0.0,-0.7818314824680299,0.6234898018587334,0.49999999999999994,-0.8660254037844387,0.0
HOBBIES_0009_CA_1_validation,d_115,0.0,0.0,0.0,0.0,0.0,0.0,0.0,0.0,0.0,0.0,1.0,0.49999999999999994,-0.8660254037844387,2.0
HOBBIES_0009_CA_1_validation,d_116,2.0,0.0,0.0,0.0,0.0,0.0,0.0,0.2857142857142857,0.14285714285714285,0.7818314824680298,0.6234898018587336,0.49999999999999994,-0.8660254037844387,0.0
HOBBIES_0012_TX_1_validation,d_50,0.0,0.0,0.0,0.0,0.0,0.0,0.0,0.0,0.07142857142857142,-0.9749279121818236,-0.2225209339563146,1.0,6.123233995736766e-17,0.0
HOBBIES_0012_TX_1_validation,d_51,0.0,0.0,0.0,0.0,0.0,0.0,0.0,0.0,0.07142857142857142,-0.7818314824680299,0.6234898018587334,1.0,6.123233995736766e-17,0.0
HOBBIES_0012_TX_1_validation,d_52,0.0,0.0,0.0,0.0,0.0,0.0,0.0,0.0,0.07142857142857142,0.0,1.0,1.0,6.123233995736766e-17,1.0
HOBBIES_0012_TX_1_validation,d_53,1.0,0.0,0.0,0.0,0.0,0.0,0.0,0.14285714285714285,0.07142857142857142,0.7818314824680298,0.6234898018587336,1.0,6.123233995736766e-17,1.0
HOBBIES_0012_TX_1_validation,d_54,1.0,1.0,0.0,0.0,0.0,0.0,0.0,0.2857142857142857,0.14285714285714285,0.9749279121818236,-0.22252093395631434,1.0,6.123233995736766e-17,0.0
HOBBIES_0012_TX_1_validation,d_55,0.0,1.0,1.0,0.0,0.0,0.0,0.0,0.2857142857142857,0.14285714285714285,0.43388373911755823,-0.900968867902419,1.0,6.123233995736766e-17,0.0
HOBBIES_0012_TX_1_validation,d_56,0.0,0.0,1.0,1.0,0.0,0.0,0.0,0.2857142857142857,0.14285714285714285,-0.433883739117558,-0.9009688679024191,1.0,6.123233995736766e-17,0.0
HOBBIES_0012_TX_1_validation,d_57,0.0,0.0,0.0,1.0,1.0,0.0,0.0,0.2857142857142857,0.14285714285714285,-0.9749279121818236,-0.2225209339563146,1.0,6.123233995736766e-17,2.0
HOBBIES_0012_TX_1_validation,d_58,2.0,0.0,0.0,0.0,1.0,1.0,0.0,0.5714285714285714,0.2857142857142857,-0.7818314824680299,0.6234898018587334,1.0,6.123233995736766e-17,1.0
HOBBIES_0012_TX_1_validation,d_59,1.0,2.0,0.0,0.0,0.0,1.0,1.0,0.7142857142857143,0.35714285714285715,0.0,1.0,1.0,6.123233995736766e-17,0.0
HOBBIES_0012_TX_1_validation,d_60,0.0,1.0,2.0,0.0,0.0,0.0,1.0,0.5714285714285714,0.35714285714285715,0.7818314824680298,0.6234898018587336,1.0,6.123233995736766e-17,0.0
HOBBIES_0012_TX_1_validation,d_61,0.0,0.0,1.0,2.0,0.0,0.0,0.0,0.42857142857142855,0.35714285714285715,0.9749279121818236,-0.22252093395631434,1.0,6.123233995736766e-17,1.0
HOBBIES_0012_TX_1_validation,d_62,1.0,0.0,0.0,1.0,2.0,0.0,0.0,0.5714285714285714,0.42857142857142855,0.43388373911755823,-0.900968867902419,1.0,6.123233995736766e-17,2.0
HOBBIES_0012_TX_1_validation,d_63,2.0,1.0,0.0,0.0,1.0,2.0,0.0,0.8571428571428571,0.5714285714285714,-0.433883739117558,-0.9009688679024191,0.8660254037844387,-0.4999999999999998,1.0
HOBBIES_0012_TX_1_validation,d_64,1.0,2.0,1.0,0.0,0.0,1.0,2.0,1.0,0.6428571428571429,-0.9749279121818236,-0.2225209339563146,0.8660254037844387,-0.4999999999999998,2.0
HOBBIES_0012_TX_1_validation,d_65,2.0,1.0,2.0,1.0,0.0,0.0,1.0,1.0,0.7857142857142857,-0.7818314824680299,0.6234898018587334,0.8660254037844387,-0.4999999999999998,0.0
HOBBIES_0012_TX_1_validation,d_66,0.0,2.0,1.0,2.0,1.0,0.0,0.0,0.8571428571428571,0.7857142857142857,0.0,1.0,0.8660254037844387,-0.4999999999999998,0.0
HOBBIES_0012_TX_1_validation,d_67,0.0,0.0,2.0,1.0,2.0,1.0,0.0,0.8571428571428571,0.7142857142857143,0.7818314824680298,0.6234898018587336,0.8660254037844387,-0.4999999999999998,0.0
HOBBIES_0012_TX_1_validation,d_68,0.0,0.0,0.0,2.0,1.0,2.0,1.0,0.8571428571428571,0.6428571428571429,0.9749279121818236,-0.22252093395631434,0.8660254037844387,-0.4999999999999998,0.0
HOBBIES_0012_TX_1_validation,d_69,0.0,0.0,0.0,0.0,2.0,1.0,2.0,0.7142857142857143,0.6428571428571429,0.43388373911755823,-0.900968867902419,0.8660254037844387,-0.4999999999999998,0.0
HOBBIES_0012_TX_1_validation,d_70,0.0,0.0,0.0,0.0,0.0,2.0,1.0,0.42857142857142855,0.6428571428571429,-0.433883739117558,-0.9009688679024191,0.8660254037844387,-0.4999999999999998,0.0
HOBBIES_0012_TX_1_validation,d_71,0.0,0.0,0.0,0.0,0.0,0.0,2.0,0.2857142857142857,0.6428571428571429,-0.9749279121818236,-0.2225209339563146,0.8660254037844387,-0.4999999999999998,0.0
HOBBIES_0012_TX_1_validation,d_72,0.0,0.0,0.0,0.0,0.0,0.0,0.0,0.0,0.5,-0.7818314824680299,0.6234898018587334,0.8660254037844387,-0.4999999999999998,0.0
HOBBIES_0012_TX_1_validation,d_73,0.0,0.0,0.0,0.0,0.0,0.0,0.0,0.0,0.42857142857142855,0.0,1.0,0.8660254037844387,-0.4999999999999998,0.0
HOBBIES_0012_TX_1_validation,d_74,0.0,0.0,0.0,0.0,0.0,0.0,0.0,0.0,0.42857142857142855,0.7818314824680298,0.6234898018587336,0.8660254037844387,-0.4999999999999998,0.0
HOBBIES_0012_TX_1_validation,d_75,0.0,0.0,0.0,0.0,0.0,0.0,0.0,0.0,0.42857142857142855,0.9749279121818236,-0.22252093395631434,0.8660254037844387,-0.4999999999999998,0.0
HOBBIES_0012_TX_1_validation,d_76,0.0,0.0,0.0,0.0,0.0,0.0,0.0,0.0,0.35714285714285715,0.43388373911755823,-0.900968867902419,0.8660254037844387,-0.4999999999999998,0.0
HOBBIES_0012_TX_1_validation,d_77,0.0,0.0,0.0,0.0,0.0,0.0,0.0,0.0,0.21428571428571427,-0.433883739117558,-0.9009688679024191,0.8660254037844387,-0.4999999999999998,0.0
HOBBIES_0012_TX_1_validation,d_78,0.0,0.0,0.0,0.0,0.0,0.0,0.0,0.0,0.14285714285714285,-0.9749279121818236,-0.2225209339563146,0.8660254037844387,-0.4999999999999998,0.0
HOBBIES_0012_TX_1_validation,d_79,0.0,0.0,0.0,0.0,0.0,0.0,0.0,0.0,0.0,-0.7818314824680299,0.6234898018587334,0.8660254037844387,-0.4999999999999998,0.0
HOBBIES_0012_TX_1_validation,d_80,0.0,0.0,0.0,0.0,0.0,0.0,0.0,0.0,0.0,0.0,1.0,0.8660254037844387,-0.4999999999999998,0.0
HOBBIES_0012_TX_1_validation,d_81,0.0,0.0,0.0,0.0,0.0,0.0,0.0,0.0,0.0,0.7818314824680298,0.6234898018587336,0.8660254037844387,-0.4999999999999998,0.0
HOBBIES_0012_TX_1_validation,d_82,0.0,0.0,0.0,0.0,0.0,0.0,0.0,0.0,0.0,0.9749279121818236,-0.22252093395631434,0.8660254037844387,-0.4999999999999998,0.0
HOBBIES_0012_TX_1_validation,d_83,0.0,0.0,0.0,0.0,0.0,0.0,0.0,0.0,0.0,0.43388373911755823,-0.900968867902419,0.8660254037844387,-0.4999999999999998,0.0
HOBBIES_0012_TX_1_validation,d_84,0.0,0.0,0.0,0.0,0.0,0.0,0.0,0.0,0.0,-0.433883739117558,-0.9009688679024191,0.8660254037844387,-0.4999999999999998,0.0
HOBBIES_0012_TX_1_validation,d_85,0.0,0.0,0.0,0.0,0.0,0.0,0.0,0.0,0.0,-0.9749279121818236,-0.2225209339563146,0.8660254037844387,-0.4999999999999998,0.0
HOBBIES_0012_TX_1_validation,d_86,0.0,0.0,0.0,0.0,0.0,0.0,0.0,0.0,0.0,-0.7818314824680299,0.6234898018587334,0.8660254037844387,-0.4999999999999998,1.0
HOBBIES_0012_TX_1_validation,d_87,1.0,0.0,0.0,0.0,0.0,0.0,0.0,0.14285714285714285,0.07142857142857142,0.0,1.0,0.8660254037844387,-0.4999999999999998,0.0
HOBBIES_0012_TX_1_validation,d_88,0.0,1.0,0.0,0.0,0.0,0.0,0.0,0.14285714285714285,0.07142857142857142,0.7818314824680298,0.6234898018587336,0.8660254037844387,-0.4999999999999998,0.0
HOBBIES_0012_TX_1_validation,d_89,0.0,0.0,1.0,0.0,0.0,0.0,0.0,0.14285714285714285,0.07142857142857142,0.9749279121818236,-0.22252093395631434,0.8660254037844387,-0.4999999999999998,0.0
HOBBIES_0012_TX_1_validation,d_90,0.0,0.0,0.0,1.0,0.0,0.0,0.0,0.14285714285714285,0.07142857142857142,0.43388373911755823,-0.900968867902419,0.8660254037844387,-0.4999999999999998,0.0
HOBBIES_0012_TX_1_validation,d_91,0.0,0.0,0.0,0.0,1.0,0.0,0.0,0.14285714285714285,0.07142857142857142,-0.433883739117558,-0.9009688679024191,0.8660254037844387,-0.4999999999999998,0.0
HOBBIES_0012_TX_1_validation,d_92,0.0,0.0,0.0,0.0,0.0,1.0,0.0,0.14285714285714285,0.07142857142857142,-0.9749279121818236,-0.2225209339563146,0.8660254037844387,-0.4999999999999998,0.0
HOBBIES_0012_TX_1_validation,d_93,0.0,0.0,0.0,0.0,0.0,0.0,1.0,0.14285714285714285,0.07142857142857142,-0.7818314824680299,0.6234898018587334,0.49999999999999994,-0.8660254037844387,0.0
HOBBIES_0012_TX_1_validation,d_94,0.0,0.0,0.0,0.0,0.0,0.0,0.0,0.0,0.07142857142857142,0.0,1.0,0.49999999999999994,-0.8660254037844387,0.0
HOBBIES_0012_TX_1_validation,d_95,0.0,0.0,0.0,0.0,0.0,0.0,0.0,0.0,0.07142857142857142,0.7818314824680298,0.6234898018587336,0.49999999999999994,-0.8660254037844387,0.0
HOBBIES_0012_TX_1_validation,d_96,0.0,0.0,0.0,0.0,0.0,0.0,0.0,0.0,0.07142857142857142,0.9749279121818236,-0.22252093395631434,0.49999999999999994,-0.8660254037844387,0.0
HOBBIES_0012_TX_1_validation,d_97,0.0,0.0,0.0,0.0,0.0,0.0,0.0,0.0,0.07142857142857142,0.43388373911755823,-0.900968867902419,0.49999999999999994,-0.8660254037844387,0.0
HOBBIES_0012_TX_1_validation,d_98,0.0,0.0,0.0,0.0,0.0,0.0,0.0,0.0,0.07142857142857142,-0.433883739117558,-0.9009688679024191,0.49999999999999994,-0.8660254037844387,0.0
HOBBIES_0012_TX_1_validation,d_99,0.0,0.0,0.0,0.0,0.0,0.0,0.0,0.0,0.07142857142857142,-0.9749279121818236,-0.2225209339563146,0.49999999999999994,-0.8660254037844387,0.0
HOBBIES_0012_TX_1_validation,d_100,0.0,0.0,0.0,0.0,0.0,0.0,0.0,0.0,0.07142857142857142,-0.7818314824680299,0.6234898018587334,0.49999999999999994,-0.8660254037844387,0.0
HOBBIES_0012_TX_1_validation,d_101,0.0,0.0,0.0,0.0,0.0,0.0,0.0,0.0,0.0,0.0,1.0,0.49999999999999994,-0.8660254037844387,0.0
HOBBIES_0012_TX_1_validation,d_102,0.0,0.0,0.0,0.0,0.0,0.0,0.0,0.0,0.0,0.7818314824680298,0.6234898018587336,0.49999999999999994,-0.8660254037844387,0.0
HOBBIES_0012_TX_1_validation,d_103,0.0,0.0,0.0,0.0,0.0,0.0,0.0,0.0,0.0,0.9749279121818236,-0.22252093395631434,0.49999999999999994,-0.8660254037844387,0.0
HOBBIES_0012_TX_1_validation,d_104,0.0,0.0,0.0,0.0,0.0,0.0,0.0,0.0,0.0,0.43388373911755823,-0.900968867902419,0.49999999999999994,-0.8660254037844387,0.0
HOBBIES_0012_TX_1_validation,d_105,0.0,0.0,0.0,0.0,0.0,0.0,0.0,0.0,0.0,-0.433883739117558,-0.9009688679024191,0.49999999999999994,-0.8660254037844387,0.0
HOBBIES_0012_TX_1_validation,d_106,0.0,0.0,0.0,0.0,0.0,0.0,0.0,0.0,0.0,-0.9749279121818236,-0.2225209339563146,0.49999999999999994,-0.8660254037844387,0.0
HOBBIES_0012_TX_1_validation,d_107,0.0,0.0,0.0,0.0,0.0,0.0,0.0,0.0,0.0,-0.7818314824680299,0.6234898018587334,0.49999999999999994,-0.8660254037844387,1.0
HOBBIES_0012_TX_1_validation,d_108,1.0,0.0,0.0,0.0,0.0,0.0,0.0,0.14285714285714285,0.07142857142857142,0.0,1.0,0.49999999999999994,-0.8660254037844387,2.0
HOBBIES_0012_TX_1_validation,d_109,2.0,1.0,0.0,0.0,0.0,0.0,0.0,0.42857142857142855,0.21428571428571427,0.7818314824680298,0.6234898018587336,0.49999999999999994,-0.8660254037844387,0.0
HOBBIES_0012_TX_1_validation,d_110,0.0,2.0,1.0,0.0,0.0,0.0,0.0,0.42857142857142855,0.21428571428571427,0.9749279121818236,-0.22252093395631434,0.49999999999999994,-0.8660254037844387,0.0
HOBBIES_0012_TX_1_validation,d_111,0.0,0.0,2.0,1.0,0.0,0.0,0.0,0.42857142857142855,0.21428571428571427,0.43388373911755823,-0.900968867902419,0.49999999999999994,-0.8660254037844387,0.0
HOBBIES_0012_TX_1_validation,d_112,0.0,0.0,0.0,2.0,1.0,0.0,0.0,0.42857142857142855,0.21428571428571427,-0.433883739117558,-0.9009688679024191,0.49999999999999994,-0.8660254037844387,0.0
HOBBIES_0012_TX_1_validation,d_113,0.0,0.0,0.0,0.0,2.0,1.0,0.0,0.42857142857142855,0.21428571428571427,-0.9749279121818236,-0.2225209339563146,0.49999999999999994,-0.8660254037844387,1.0
HOBBIES_0012_TX_1_validation,d_114,1.0,0.0,0.0,0.0,0.0,2.0,1.0,0.5714285714285714,0.2857142857142857,-0.7818314824680299,0.6234898018587334,0.49999999999999994,-0.8660254037844387,1.0
HOBBIES_0012_TX_1_validation,d_115,1.0,1.0,0.0,0.0,0.0,0.0,2.0,0.5714285714285714,0.35714285714285715,0.0,1.0,0.49999999999999994,-0.8660254037844387,0.0
HOBBIES_0012_TX_1_validation,d_116,0.0,1.0,1.0,0.0,0.0,0.0,0.0,0.2857142857142857,0.35714285714285715,0.7818314824680298,0.6234898018587336,0.49999999999999994,-0.8660254037844387,0.0
FOODS_0013_TX_2_validation,d_50,0.0,0.0,0.0,1.0,1.0,0.0,1.0,0.42857142857142855,0.9285714285714286,-0.9749279121818236,-0.2225209339563146,1.0,6.123233995736766e-17,0.0
FOODS_0013_TX_2_validation,d_51,0.0,0.0,0.0,0.0,1.0,1.0,0.0,0.2857142857142857,0.8571428571428571,-0.7818314824680299,0.6234898018587334,1.0,6.123233995736766e-17,2.0
FOODS_0013_TX_2_validation,d_52,2.0,0.0,0.0,0.0,0.0,1.0,1.0,0.5714285714285714,0.8571428571428571,0.0,1.0,1.0,6.123233995736766e-17,0.0
FOODS_0013_TX_2_validation,d_53,0.0,2.0,0.0,0.0,0.0,0.0,1.0,0.42857142857142855,0.6428571428571429,0.7818314824680298,0.6234898018587336,1.0,6.123233995736766e-17,0.0
FOODS_0013_TX_2_validation,d_54,0.0,0.0,2.0,0.0,0.0,0.0,0.0,0.2857142857142857,0.5,0.9749279121818236,-0.22252093395631434,1.0,6.123233995736766e-17,1.0
FOODS_0013_TX_2_validation,d_55,1.0,0.0,0.0,2.0,0.0,0.0,0.0,0.42857142857142855,0.42857142857142855,0.43388373911755823,-0.900968867902419,1.0,6.123233995736766e-17,0.0
FOODS_0013_TX_2_validation,d_56,0.0,1.0,0.0,0.0,2.0,0.0,0.0,0.42857142857142855,0.42857142857142855,-0.433883739117558,-0.9009688679024191,1.0,6.123233995736766e-17,0.0
FOODS_0013_TX_2_validation,d_57,0.0,0.0,1.0,0.0,0.0,2.0,0.0,0.42857142857142855,0.42857142857142855,-0.9749279121818236,-0.2225209339563146,1.0,6.123233995736766e-17,0.0
FOODS_0013_TX_2_validation,d_58,0.0,0.0,0.0,1.0,0.0,0.0,2.0,0.42857142857142855,0.35714285714285715,-0.7818314824680299,0.6234898018587334,1.0,6.123233995736766e-17,1.0
FOODS_0013_TX_2_validation,d_59,1.0,0.0,0.0,0.0,1.0,0.0,0.0,0.2857142857142857,0.42857142857142855,0.0,1.0,1.0,6.123233995736766e-17,3.0
FOODS_0013_TX_2_validation,d_60,3.0,1.0,0.0,0.0,0.0,1.0,0.0,0.7142857142857143,0.5714285714285714,0.7818314824680298,0.6234898018587336,1.0,6.123233995736766e-17,1.0
FOODS_0013_TX_2_validation,d_61,1.0,3.0,1.0,0.0,0.0,0.0,1.0,0.8571428571428571,0.5714285714285714,0.9749279121818236,-0.22252093395631434,1.0,6.123233995736766e-17,1.0
FOODS_0013_TX_2_validation,d_62,1.0,1.0,3.0,1.0,0.0,0.0,0.0,0.8571428571428571,0.6428571428571429,0.43388373911755823,-0.900968867902419,1.0,6.123233995736766e-17,0.0
FOODS_0013_TX_2_validation,d_63,0.0,1.0,1.0,3.0,1.0,0.0,0.0,0.8571428571428571,0.6428571428571429,-0.433883739117558,-0.9009688679024191,0.8660254037844387,-0.4999999999999998,0.0
FOODS_0013_TX_2_validation,d_64,0.0,0.0,1.0,1.0,3.0,1.0,0.0,0.8571428571428571,0.6428571428571429,-0.9749279121818236,-0.2225209339563146,0.8660254037844387,-0.4999999999999998,1.0
FOODS_0013_TX_2_validation,d_65,1.0,0.0,0.0,1.0,1.0,3.0,1.0,1.0,0.7142857142857143,-0.7818314824680299,0.6234898018587334,0.8660254037844387,-0.4999999999999998,2.0
FOODS_0013_TX_2_validation,d_66,2.0,1.0,0.0,0.0,1.0,1.0,3.0,1.1428571428571428,0.7142857142857143,0.0,1.0,0.8660254037844387,-0.4999999999999998,2.0
FOODS_0013_TX_2_validation,d_67,2.0,2.0,1.0,0.0,0.0,1.0,1.0,1.0,0.8571428571428571,0.7818314824680298,0.6234898018587336,0.8660254037844387,-0.4999999999999998,0.0
FOODS_0013_TX_2_validation,d_68,0.0,2.0,2.0,1.0,0.0,0.0,1.0,0.8571428571428571,0.8571428571428571,0.9749279121818236,-0.22252093395631434,0.8660254037844387,-0.4999999999999998,0.0
FOODS_0013_TX_2_validation,d_69,0.0,0.0,2.0,2.0,1.0,0.0,0.0,0.7142857142857143,0.7857142857142857,0.43388373911755823,-0.900968867902419,0.8660254037844387,-0.4999999999999998,0.0
FOODS_0013_TX_2_validation,d_70,0.0,0.0,0.0,2.0,2.0,1.0,0.0,0.7142857142857143,0.7857142857142857,-0.433883739117558,-0.9009688679024191,0.8660254037844387,-0.4999999999999998,0.0
FOODS_0013_TX_2_validation,d_71,0.0,0.0,0.0,0.0,2.0,2.0,1.0,0.7142857142857143,0.7857142857142857,-0.9749279121818236,-0.2225209339563146,0.8660254037844387,-0.4999999999999998,1.0
FOODS_0013_TX_2_validation,d_72,1.0,0.0,0.0,0.0,0.0,2.0,2.0,0.7142857142857143,0.8571428571428571,-0.7818314824680299,0.6234898018587334,0.8660254037844387,-0.4999999999999998,1.0
FOODS_0013_TX_2_validation,d_73,1.0,1.0,0.0,0.0,0.0,0.0,2.0,0.5714285714285714,0.8571428571428571,0.0,1.0,0.8660254037844387,-0.4999999999999998,0.0
FOODS_0013_TX_2_validation,d_74,0.0,1.0,1.0,0.0,0.0,0.0,0.0,0.2857142857142857,0.6428571428571429,0.7818314824680298,0.6234898018587336,0.8660254037844387,-0.4999999999999998,2.0
FOODS_0013_TX_2_validation,d_75,2.0,0.0,1.0,1.0,0.0,0.0,0.0,0.5714285714285714,0.7142857142857143,0.9749279121818236,-0.22252093395631434,0.8660254037844387,-0.4999999999999998,0.0
FOODS_0013_TX_2_validation,d_76,0.0,2.0,0.0,1.0,1.0,0.0,0.0,0.5714285714285714,0.6428571428571429,0.43388373911755823,-0.900968867902419,0.8660254037844387,-0.4999999999999998,1.0
FOODS_0013_TX_2_validation,d_77,1.0,0.0,2.0,0.0,1.0,1.0,0.0,0.7142857142857143,0.7142857142857143,-0.433883739117558,-0.9009688679024191,0.8660254037844387,-0.4999999999999998,1.0
FOODS_0013_TX_2_validation,d_78,1.0,1.0,0.0,2.0,0.0,1.0,1.0,0.8571428571428571,0.7857142857142857,-0.9749279121818236,-0.2225209339563146,0.8660254037844387,-0.4999999999999998,1.0
FOODS_0013_TX_2_validation,d_79,1.0,1.0,1.0,0.0,2.0,0.0,1.0,0.8571428571428571,0.7857142857142857,-0.7818314824680299,0.6234898018587334,0.8660254037844387,-0.4999999999999998,0.0
FOODS_0013_TX_2_validation,d_80,0.0,1.0,1.0,1.0,0.0,2.0,0.0,0.7142857142857143,0.6428571428571429,0.0,1.0,0.8660254037844387,-0.4999999999999998,1.0
FOODS_0013_TX_2_validation,d_81,1.0,0.0,1.0,1.0,1.0,0.0,2.0,0.8571428571428571,0.5714285714285714,0.7818314824680298,0.6234898018587336,0.8660254037844387,-0.4999999999999998,4.0
FOODS_0013_TX_2_validation,d_82,4.0,1.0,0.0,1.0,1.0,1.0,0.0,1.1428571428571428,0.8571428571428571,0.9749279121818236,-0.22252093395631434,0.8660254037844387,-0.4999999999999998,2.0
FOODS_0013_TX_2_validation,d_83,2.0,4.0,1.0,0.0,1.0,1.0,1.0,1.4285714285714286,1.0,0.43388373911755823,-0.900968867902419,0.8660254037844387,-0.4999999999999998,1.0
FOODS_0013_TX_2_validation,d_84,1.0,2.0,4.0,1.0,0.0,1.0,1.0,1.4285714285714286,1.0714285714285714,-0.433883739117558,-0.9009688679024191,0.8660254037844387,-0.4999999999999998,0.0
FOODS_0013_TX_2_validation,d_85,0.0,1.0,2.0,4.0,1.0,0.0,1.0,1.2857142857142858,1.0714285714285714,-0.9749279121818236,-0.2225209339563146,0.8660254037844387,-0.4999999999999998,0.0
FOODS_0013_TX_2_validation,d_86,0.0,0.0,1.0,2.0,4.0,1.0,0.0,1.1428571428571428,1.0,-0.7818314824680299,0.6234898018587334,0.8660254037844387,-0.4999999999999998,1.0
FOODS_0013_TX_2_validation,d_87,1.0,0.0,0.0,1.0,2.0,4.0,1.0,1.2857142857142858,1.0,0.0,1.0,0.8660254037844387,-0.4999999999999998,6.0
FOODS_0013_TX_2_validation,d_88,6.0,1.0,0.0,0.0,1.0,2.0,4.0,2.0,1.4285714285714286,0.7818314824680298,0.6234898018587336,0.8660254037844387,-0.4999999999999998,0.0
FOODS_0013_TX_2_validation,d_89,0.0,6.0,1.0,0.0,0.0,1.0,2.0,1.4285714285714286,1.2857142857142858,0.9749279121818236,-0.22252093395631434,0.8660254037844387,-0.4999999999999998,1.0
FOODS_0013_TX_2_validation,d_90,1.0,0.0,6.0,1.0,0.0,0.0,1.0,1.2857142857142858,1.3571428571428572,0.43388373911755823,-0.900968867902419,0.8660254037844387,-0.4999999999999998,0.0
FOODS_0013_TX_2_validation,d_91,0.0,1.0,0.0,6.0,1.0,0.0,0.0,1.1428571428571428,1.2857142857142858,-0.433883739117558,-0.9009688679024191,0.8660254037844387,-0.4999999999999998,0.0
FOODS_0013_TX_2_validation,d_92,0.0,0.0,1.0,0.0,6.0,1.0,0.0,1.1428571428571428,1.2142857142857142,-0.9749279121818236,-0.2225209339563146,0.8660254037844387,-0.4999999999999998,2.0
FOODS_0013_TX_2_validation,d_93,2.0,0.0,0.0,1.0,0.0,6.0,1.0,1.4285714285714286,1.2857142857142858,-0.7818314824680299,0.6234898018587334,0.49999999999999994,-0.8660254037844387,1.0
FOODS_0013_TX_2_validation,d_94,1.0,2.0,0.0,0.0,1.0,0.0,6.0,1.4285714285714286,1.3571428571428572,0.0,1.0,0.49999999999999994,-0.8660254037844387,1.0
FOODS_0013_TX_2_validation,d_95,1.0,1.0,2.0,0.0,0.0,1.0,0.0,0.7142857142857143,1.3571428571428572,0.7818314824680298,0.6234898018587336,0.49999999999999994,-0.8660254037844387,2.0
FOODS_0013_TX_2_validation,d_96,2.0,1.0,1.0,2.0,0.0,0.0,1.0,1.0,1.2142857142857142,0.9749279121818236,-0.22252093395631434,0.49999999999999994,-0.8660254037844387,0.0
FOODS_0013_TX_2_validation,d_97,0.0,2.0,1.0,1.0,2.0,0.0,0.0,0.8571428571428571,1.0714285714285714,0.43388373911755823,-0.900968867902419,0.49999999999999994,-0.8660254037844387,0.0
FOODS_0013_TX_2_validation,d_98,0.0,0.0,2.0,1.0,1.0,2.0,0.0,0.8571428571428571,1.0,-0.433883739117558,-0.9009688679024191,0.49999999999999994,-0.8660254037844387,3.0
FOODS_0013_TX_2_validation,d_99,3.0,0.0,0.0,2.0,1.0,1.0,2.0,1.2857142857142858,1.2142857142857142,-0.9749279121818236,-0.2225209339563146,0.49999999999999994,-0.8660254037844387,1.0
FOODS_0013_TX_2_validation,d_100,1.0,3.0,0.0,0.0,2.0,1.0,1.0,1.1428571428571428,1.2857142857142858,-0.7818314824680299,0.6234898018587334,0.49999999999999994,-0.8660254037844387,0.0
FOODS_0013_TX_2_validation,d_101,0.0,1.0,3.0,0.0,0.0,2.0,1.0,1.0,1.2142857142857142,0.0,1.0,0.49999999999999994,-0.8660254037844387,1.0
FOODS_0013_TX_2_validation,d_102,1.0,0.0,1.0,3.0,0.0,0.0,2.0,1.0,0.8571428571428571,0.7818314824680298,0.6234898018587336,0.49999999999999994,-0.8660254037844387,1.0
FOODS_0013_TX_2_validation,d_103,1.0,1.0,0.0,1.0,3.0,0.0,0.0,0.8571428571428571,0.9285714285714286,0.9749279121818236,-0.22252093395631434,0.49999999999999994,-0.8660254037844387,0.0
FOODS_0013_TX_2_validation,d_104,0.0,1.0,1.0,0.0,1.0,3.0,0.0,0.8571428571428571,0.8571428571428571,0.43388373911755823,-0.900968867902419,0.49999999999999994,-0.8660254037844387,0.0
FOODS_0013_TX_2_validation,d_105,0.0,0.0,1.0,1.0,0.0,1.0,3.0,0.8571428571428571,0.8571428571428571,-0.433883739117558,-0.9009688679024191,0.49999999999999994,-0.8660254037844387,0.0
FOODS_0013_TX_2_validation,d_106,0.0,0.0,0.0,1.0,1.0,0.0,1.0,0.42857142857142855,0.8571428571428571,-0.9749279121818236,-0.2225209339563146,0.49999999999999994,-0.8660254037844387,0.0
FOODS_0013_TX_2_validation,d_107,0.0,0.0,0.0,0.0,1.0,1.0,0.0,0.2857142857142857,0.7142857142857143,-0.7818314824680299,0.6234898018587334,0.49999999999999994,-0.8660254037844387,2.0
FOODS_0013_TX_2_validation,d_108,2.0,0.0,0.0,0.0,0.0,1.0,1.0,0.5714285714285714,0.7857142857142857,0.0,1.0,0.49999999999999994,-0.8660254037844387,0.0
FOODS_0013_TX_2_validation,d_109,0.0,2.0,0.0,0.0,0.0,0.0,1.0,0.42857142857142855,0.7142857142857143,0.7818314824680298,0.6234898018587336,0.49999999999999994,-0.8660254037844387,0.0
FOODS_0013_TX_2_validation,d_110,0.0,0.0,2.0,0.0,0.0,0.0,0.0,0.2857142857142857,0.5714285714285714,0.9749279121818236,-0.22252093395631434,0.49999999999999994,-0.8660254037844387,0.0
FOODS_0013_TX_2_validation,d_111,0.0,0.0,0.0,2.0,0.0,0.0,0.0,0.2857142857142857,0.5714285714285714,0.43388373911755823,-0.900968867902419,0.49999999999999994,-0.8660254037844387,0.0
FOODS_0013_TX_2_validation,d_112,0.0,0.0,0.0,0.0,2.0,0.0,0.0,0.2857142857142857,0.5714285714285714,-0.433883739117558,-0.9009688679024191,0.49999999999999994,-0.8660254037844387,0.0
FOODS_0013_TX_2_validation,d_113,0.0,0.0,0.0,0.0,0.0,2.0,0.0,0.2857142857142857,0.35714285714285715,-0.9749279121818236,-0.2225209339563146,0.49999999999999994,-0.8660254037844387,3.0
FOODS_0013_TX_2_validation,d_114,3.0,0.0,0.0,0.0,0.0,0.0,2.0,0.7142857142857143,0.5,-0.7818314824680299,0.6234898018587334,0.49999999999999994,-0.8660254037844387,4.0
FOODS_0013_TX_2_validation,d_115,4.0,3.0,0.0,0.0,0.0,0.0,0.0,1.0,0.7857142857142857,0.0,1.0,0.49999999999999994,-0.8660254037844387,2.0
FOODS_0013_TX_2_validation,d_116,2.0,4.0,3.0,0.0,0.0,0.0,0.0,1.2857142857142858,0.8571428571428571,0.7818314824680298,0.6234898018587336,0.49999999999999994,-0.8660254037844387,0.0
FOODS_0019_CA_2_validation,d_50,0.0,0.0,0.0,0.0,3.0,0.0,0.0,0.42857142857142855,0.35714285714285715,-0.9749279121818236,-0.2225209339563146,1.0,6.123233995736766e-17,0.0
FOODS_0019_CA_2_validation,d_51,0.0,0.0,0.0,0.0,0.0,3.0,0.0,0.42857142857142855,0.35714285714285715,-0.7818314824680299,0.6234898018587334,1.0,6.123233995736766e-17,0.0
FOODS_0019_CA_2_validation,d_52,0.0,0.0,0.0,0.0,0.0,0.0,3.0,0.42857142857142855,0.35714285714285715,0.0,1.0,1.0,6.123233995736766e-17,0.0
FOODS_0019_CA_2_validation,d_53,0.0,0.0,0.0,0.0,0.0,0.0,0.0,0.0,0.2857142857142857,0.7818314824680298,0.6234898018587336,1.0,6.123233995736766e-17,0.0
FOODS_0019_CA_2_validation,d_54,0.0,0.0,0.0,0.0,0.0,0.0,0.0,0.0,0.21428571428571427,0.9749279121818236,-0.22252093395631434,1.0,6.123233995736766e-17,1.0
FOODS_0019_CA_2_validation,d_55,1.0,0.0,0.0,0.0,0.0,0.0,0.0,0.14285714285714285,0.2857142857142857,0.43388373911755823,-0.900968867902419,1.0,6.123233995736766e-17,1.0
FOODS_0019_CA_2_validation,d_56,1.0,1.0,0.0,0.0,0.0,0.0,0.0,0.2857142857142857,0.35714285714285715,-0.433883739117558,-0.9009688679024191,1.0,6.123233995736766e-17,1.0
FOODS_0019_CA_2_validation,d_57,1.0,1.0,1.0,0.0,0.0,0.0,0.0,0.42857142857142855,0.42857142857142855,-0.9749279121818236,-0.2225209339563146,1.0,6.123233995736766e-17,0.0
FOODS_0019_CA_2_validation,d_58,0.0,1.0,1.0,1.0,0.0,0.0,0.0,0.42857142857142855,0.42857142857142855,-0.7818314824680299,0.6234898018587334,1.0,6.123233995736766e-17,0.0
FOODS_0019_CA_2_validation,d_59,0.0,0.0,1.0,1.0,1.0,0.0,0.0,0.42857142857142855,0.42857142857142855,0.0,1.0,1.0,6.123233995736766e-17,2.0
FOODS_0019_CA_2_validation,d_60,2.0,0.0,0.0,1.0,1.0,1.0,0.0,0.7142857142857143,0.35714285714285715,0.7818314824680298,0.6234898018587336,1.0,6.123233995736766e-17,0.0
FOODS_0019_CA_2_validation,d_61,0.0,2.0,0.0,0.0,1.0,1.0,1.0,0.7142857142857143,0.35714285714285715,0.9749279121818236,-0.22252093395631434,1.0,6.123233995736766e-17,0.0
FOODS_0019_CA_2_validation,d_62,0.0,0.0,2.0,0.0,0.0,1.0,1.0,0.5714285714285714,0.35714285714285715,0.43388373911755823,-0.900968867902419,1.0,6.123233995736766e-17,0.0
FOODS_0019_CA_2_validation,d_63,0.0,0.0,0.0,2.0,0.0,0.0,1.0,0.42857142857142855,0.35714285714285715,-0.433883739117558,-0.9009688679024191,0.8660254037844387,-0.4999999999999998,1.0
FOODS_0019_CA_2_validation,d_64,1.0,0.0,0.0,0.0,2.0,0.0,0.0,0.42857142857142855,0.42857142857142855,-0.9749279121818236,-0.2225209339563146,0.8660254037844387,-0.4999999999999998,0.0
FOODS_0019_CA_2_validation,d_65,0.0,1.0,0.0,0.0,0.0,2.0,0.0,0.42857142857142855,0.42857142857142855,-0.7818314824680299,0.6234898018587334,0.8660254037844387,-0.4999999999999998,0.0
FOODS_0019_CA_2_validation,d_66,0.0,0.0,1.0,0.0,0.0,0.0,2.0,0.42857142857142855,0.42857142857142855,0.0,1.0,0.8660254037844387,-0.4999999999999998,0.0
FOODS_0019_CA_2_validation,d_67,0.0,0.0,0.0,1.0,0.0,0.0,0.0,0.14285714285714285,0.42857142857142855,0.7818314824680298,0.6234898018587336,0.8660254037844387,-0.4999999999999998,0.0
FOODS_0019_CA_2_validation,d_68,0.0,0.0,0.0,0.0,1.0,0.0,0.0,0.14285714285714285,0.42857142857142855,0.9749279121818236,-0.22252093395631434,0.8660254037844387,-0.4999999999999998,0.0
FOODS_0019_CA_2_validation,d_69,0.0,0.0,0.0,0.0,0.0,1.0,0.0,0.14285714285714285,0.35714285714285715,0.43388373911755823,-0.900968867902419,0.8660254037844387,-0.4999999999999998,0.0
FOODS_0019_CA_2_validation,d_70,0.0,0.0,0.0,0.0,0.0,0.0,1.0,0.14285714285714285,0.2857142857142857,-0.433883739117558,-0.9009688679024191,0.8660254037844387,-0.4999999999999998,1.0
FOODS_0019_CA_2_validation,d_71,1.0,0.0,0.0,0.0,0.0,0.0,0.0,0.14285714285714285,0.2857142857142857,-0.9749279121818236,-0.2225209339563146,0.8660254037844387,-0.4999999999999998,4.0
FOODS_0019_CA_2_validation,d_72,4.0,1.0,0.0,0.0,0.0,0.0,0.0,0.7142857142857143,0.5714285714285714,-0.7818314824680299,0.6234898018587334,0.8660254037844387,-0.4999999999999998,0.0
FOODS_0019_CA_2_validation,d_73,0.0,4.0,1.0,0.0,0.0,0.0,0.0,0.7142857142857143,0.5714285714285714,0.0,1.0,0.8660254037844387,-0.4999999999999998,0.0
FOODS_0019_CA_2_validation,d_74,0.0,0.0,4.0,1.0,0.0,0.0,0.0,0.7142857142857143,0.42857142857142855,0.7818314824680298,0.6234898018587336,0.8660254037844387,-0.4999999999999998,1.0
FOODS_0019_CA_2_validation,d_75,1.0,0.0,0.0,4.0,1.0,0.0,0.0,0.8571428571428571,0.5,0.9749279121818236,-0.22252093395631434,0.8660254037844387,-0.4999999999999998,0.0
FOODS_0019_CA_2_validation,d_76,0.0,1.0,0.0,0.0,4.0,1.0,0.0,0.8571428571428571,0.5,0.43388373911755823,-0.900968867902419,0.8660254037844387,-0.4999999999999998,1.0
FOODS_0019_CA_2_validation,d_77,1.0,0.0,1.0,0.0,0.0,4.0,1.0,1.0,0.5714285714285714,-0.433883739117558,-0.9009688679024191,0.8660254037844387,-0.4999999999999998,0.0
FOODS_0019_CA_2_validation,d_78,0.0,1.0,0.0,1.0,0.0,0.0,4.0,0.8571428571428571,0.5,-0.9749279121818236,-0.2225209339563146,0.8660254037844387,-0.4999999999999998,0.0
FOODS_0019_CA_2_validation,d_79,0.0,0.0,1.0,0.0,1.0,0.0,0.0,0.2857142857142857,0.5,-0.7818314824680299,0.6234898018587334,0.8660254037844387,-0.4999999999999998,0.0
FOODS_0019_CA_2_validation,d_80,0.0,0.0,0.0,1.0,0.0,1.0,0.0,0.2857142857142857,0.5,0.0,1.0,0.8660254037844387,-0.4999999999999998,1.0
FOODS_0019_CA_2_validation,d_81,1.0,0.0,0.0,0.0,1.0,0.0,1.0,0.42857142857142855,0.5714285714285714,0.7818314824680298,0.6234898018587336,0.8660254037844387,-0.4999999999999998,1.0
FOODS_0019_CA_2_validation,d_82,1.0,1.0,0.0,0.0,0.0,1.0,0.0,0.42857142857142855,0.6428571428571429,0.9749279121818236,-0.22252093395631434,0.8660254037844387,-0.4999999999999998,0.0
FOODS_0019_CA_2_validation,d_83,0.0,1.0,1.0,0.0,0.0,0.0,1.0,0.42857142857142855,0.6428571428571429,0.43388373911755823,-0.900968867902419,0.8660254037844387,-0.4999999999999998,0.0
FOODS_0019_CA_2_validation,d_84,0.0,0.0,1.0,1.0,0.0,0.0,0.0,0.2857142857142857,0.6428571428571429,-0.433883739117558,-0.9009688679024191,0.8660254037844387,-0.4999999999999998,1.0
FOODS_0019_CA_2_validation,d_85,1.0,0.0,0.0,1.0,1.0,0.0,0.0,0.42857142857142855,0.6428571428571429,-0.9749279121818236,-0.2225209339563146,0.8660254037844387,-0.4999999999999998,1.0
FOODS_0019_CA_2_validation,d_86,1.0,1.0,0.0,0.0,1.0,1.0,0.0,0.5714285714285714,0.42857142857142855,-0.7818314824680299,0.6234898018587334,0.8660254037844387,-0.4999999999999998,1.0
FOODS_0019_CA_2_validation,d_87,1.0,1.0,1.0,0.0,0.0,1.0,1.0,0.7142857142857143,0.5,0.0,1.0,0.8660254037844387,-0.4999999999999998,0.0
FOODS_0019_CA_2_validation,d_88,0.0,1.0,1.0,1.0,0.0,0.0,1.0,0.5714285714285714,0.5,0.7818314824680298,0.6234898018587336,0.8660254037844387,-0.4999999999999998,2.0
FOODS_0019_CA_2_validation,d_89,2.0,0.0,1.0,1.0,1.0,0.0,0.0,0.7142857142857143,0.5714285714285714,0.9749279121818236,-0.22252093395631434,0.8660254037844387,-0.4999999999999998,1.0
FOODS_0019_CA_2_validation,d_90,1.0,2.0,0.0,1.0,1.0,1.0,0.0,0.8571428571428571,0.6428571428571429,0.43388373911755823,-0.900968867902419,0.8660254037844387,-0.4999999999999998,1.0
FOODS_0019_CA_2_validation,d_91,1.0,1.0,2.0,0.0,1.0,1.0,1.0,1.0,0.6428571428571429,-0.433883739117558,-0.9009688679024191,0.8660254037844387,-0.4999999999999998,3.0
FOODS_0019_CA_2_validation,d_92,3.0,1.0,1.0,2.0,0.0,1.0,1.0,1.2857142857142858,0.8571428571428571,-0.9749279121818236,-0.2225209339563146,0.8660254037844387,-0.4999999999999998,2.0
FOODS_0019_CA_2_validation,d_93,2.0,3.0,1.0,1.0,2.0,0.0,1.0,1.4285714285714286,1.0,-0.7818314824680299,0.6234898018587334,0.49999999999999994,-0.8660254037844387,3.0
FOODS_0019_CA_2_validation,d_94,3.0,2.0,3.0,1.0,1.0,2.0,0.0,1.7142857142857142,1.2142857142857142,0.0,1.0,0.49999999999999994,-0.8660254037844387,0.0
FOODS_0019_CA_2_validation,d_95,0.0,3.0,2.0,3.0,1.0,1.0,2.0,1.7142857142857142,1.1428571428571428,0.7818314824680298,0.6234898018587336,0.49999999999999994,-0.8660254037844387,2.0
FOODS_0019_CA_2_validation,d_96,2.0,0.0,3.0,2.0,3.0,1.0,1.0,1.7142857142857142,1.2142857142857142,0.9749279121818236,-0.22252093395631434,0.49999999999999994,-0.8660254037844387,0.0
FOODS_0019_CA_2_validation,d_97,0.0,2.0,0.0,3.0,2.0,3.0,1.0,1.5714285714285714,1.2142857142857142,0.43388373911755823,-0.900968867902419,0.49999999999999994,-0.8660254037844387,1.0
FOODS_0019_CA_2_validation,d_98,1.0,0.0,2.0,0.0,3.0,2.0,3.0,1.5714285714285714,1.2857142857142858,-0.433883739117558,-0.9009688679024191,0.49999999999999994,-0.8660254037844387,1.0
FOODS_0019_CA_2_validation,d_99,1.0,1.0,0.0,2.0,0.0,3.0,2.0,1.2857142857142858,1.2857142857142858,-0.9749279121818236,-0.2225209339563146,0.49999999999999994,-0.8660254037844387,0.0
FOODS_0019_CA_2_validation,d_100,0.0,1.0,1.0,0.0,2.0,0.0,3.0,1.0,1.2142857142857142,-0.7818314824680299,0.6234898018587334,0.49999999999999994,-0.8660254037844387,0.0
FOODS_0019_CA_2_validation,d_101,0.0,0.0,1.0,1.0,0.0,2.0,0.0,0.5714285714285714,1.1428571428571428,0.0,1.0,0.49999999999999994,-0.8660254037844387,4.0
FOODS_0019_CA_2_validation,d_102,4.0,0.0,0.0,1.0,1.0,0.0,2.0,1.1428571428571428,1.4285714285714286,0.7818314824680298,0.6234898018587336,0.49999999999999994,-0.8660254037844387,0.0
FOODS_0019_CA_2_validation,d_103,0.0,4.0,0.0,0.0,1.0,1.0,0.0,0.8571428571428571,1.2857142857142858,0.9749279121818236,-0.22252093395631434,0.49999999999999994,-0.8660254037844387,0.0
FOODS_0019_CA_2_validation,d_104,0.0,0.0,4.0,0.0,0.0,1.0,1.0,0.8571428571428571,1.2142857142857142,0.43388373911755823,-0.900968867902419,0.49999999999999994,-0.8660254037844387,0.0
FOODS_0019_CA_2_validation,d_105,0.0,0.0,0.0,4.0,0.0,0.0,1.0,0.7142857142857143,1.1428571428571428,-0.433883739117558,-0.9009688679024191,0.49999999999999994,-0.8660254037844387,0.0
FOODS_0019_CA_2_validation,d_106,0.0,0.0,0.0,0.0,4.0,0.0,0.0,0.5714285714285714,0.9285714285714286,-0.9749279121818236,-0.2225209339563146,0.49999999999999994,-0.8660254037844387,2.0
FOODS_0019_CA_2_validation,d_107,2.0,0.0,0.0,0.0,0.0,4.0,0.0,0.8571428571428571,0.9285714285714286,-0.7818314824680299,0.6234898018587334,0.49999999999999994,-0.8660254037844387,2.0
FOODS_0019_CA_2_validation,d_108,2.0,2.0,0.0,0.0,0.0,0.0,4.0,1.1428571428571428,0.8571428571428571,0.0,1.0,0.49999999999999994,-0.8660254037844387,1.0
FOODS_0019_CA_2_validation,d_109,1.0,2.0,2.0,0.0,0.0,0.0,0.0,0.7142857142857143,0.9285714285714286,0.7818314824680298,0.6234898018587336,0.49999999999999994,-0.8660254037844387,1.0
FOODS_0019_CA_2_validation,d_110,1.0,1.0,2.0,2.0,0.0,0.0,0.0,0.8571428571428571,0.8571428571428571,0.9749279121818236,-0.22252093395631434,0.49999999999999994,-0.8660254037844387,1.0
FOODS_0019_CA_2_validation,d_111,1.0,1.0,1.0,2.0,2.0,0.0,0.0,1.0,0.9285714285714286,0.43388373911755823,-0.900968867902419,0.49999999999999994,-0.8660254037844387,0.0
FOODS_0019_CA_2_validation,d_112,0.0,1.0,1.0,1.0,2.0,2.0,0.0,1.0,0.8571428571428571,-0.433883739117558,-0.9009688679024191,0.49999999999999994,-0.8660254037844387,0.0
FOODS_0019_CA_2_validation,d_113,0.0,0.0,1.0,1.0,1.0,2.0,2.0,1.0,0.7857142857142857,-0.9749279121818236,-0.2225209339563146,0.49999999999999994,-0.8660254037844387,1.0
FOODS_0019_CA_2_validation,d_114,1.0,0.0,0.0,1.0,1.0,1.0,2.0,0.8571428571428571,0.8571428571428571,-0.7818314824680299,0.6234898018587334,0.49999999999999994,-0.8660254037844387,1.0
FOODS_0019_CA_2_validation,d_115,1.0,1.0,0.0,0.0,1.0,1.0,1.0,0.7142857142857143,0.9285714285714286,0.0,1.0,0.49999999999999994,-0.8660254037844387,2.0
FOODS_0019_CA_2_validation,d_116,2.0,1.0,1.0,0.0,0.0,1.0,1.0,0.8571428571428571,0.7857142857142857,0.7818314824680298,0.6234898018587336,0.49999999999999994,-0.8660254037844387,0.0
HOUSEHOLD_0023_TX_3_validation,d_50,0.0,0.0,0.0,0.0,0.0,0.0,0.0,0.0,0.14285714285714285,-0.9749279121818236,-0.2225209339563146,1.0,6.123233995736766e-17,0.0
HOUSEHOLD_0023_TX_3_validation,d_51,0.0,0.0,0.0,0.0,0.0,0.0,0.0,0.0,0.14285714285714285,-0.7818314824680299,0.6234898018587334,1.0,6.123233995736766e-17,0.0
HOUSEHOLD_0023_TX_3_validation,d_52,0.0,0.0,0.0,0.0,0.0,0.0,0.0,0.0,0.07142857142857142,0.0,1.0,1.0,6.123233995736766e-17,0.0
HOUSEHOLD_0023_TX_3_validation,d_53,0.0,0.0,0.0,0.0,0.0,0.0,0.0,0.0,0.0,0.7818314824680298,0.6234898018587336,1.0,6.123233995736766e-17,0.0
HOUSEHOLD_0023_TX_3_validation,d_54,0.0,0.0,0.0,0.0,0.0,0.0,0.0,0.0,0.0,0.9749279121818236,-0.22252093395631434,1.0,6.123233995736766e-17,0.0
HOUSEHOLD_0023_TX_3_validation,d_55,0.0,0.0,0.0,0.0,0.0,0.0,0.0,0.0,0.0,0.43388373911755823,-0.900968867902419,1.0,6.123233995736766e-17,0.0
HOUSEHOLD_0023_TX_3_validation,d_56,0.0,0.0,0.0,0.0,0.0,0.0,0.0,0.0,0.0,-0.433883739117558,-0.9009688679024191,1.0,6.123233995736766e-17,0.0
HOUSEHOLD_0023_TX_3_validation,d_57,0.0,0.0,0.0,0.0,0.0,0.0,0.0,0.0,0.0,-0.9749279121818236,-0.2225209339563146,1.0,6.123233995736766e-17,0.0
HOUSEHOLD_0023_TX_3_validation,d_58,0.0,0.0,0.0,0.0,0.0,0.0,0.0,0.0,0.0,-0.7818314824680299,0.6234898018587334,1.0,6.123233995736766e-17,0.0
HOUSEHOLD_0023_TX_3_validation,d_59,0.0,0.0,0.0,0.0,0.0,0.0,0.0,0.0,0.0,0.0,1.0,1.0,6.123233995736766e-17,0.0
HOUSEHOLD_0023_TX_3_validation,d_60,0.0,0.0,0.0,0.0,0.0,0.0,0.0,0.0,0.0,0.7818314824680298,0.6234898018587336,1.0,6.123233995736766e-17,0.0
HOUSEHOLD_0023_TX_3_validation,d_61,0.0,0.0,0.0,0.0,0.0,0.0,0.0,0.0,0.0,0.9749279121818236,-0.22252093395631434,1.0,6.123233995736766e-17,0.0
HOUSEHOLD_0023_TX_3_validation,d_62,0.0,0.0,0.0,0.0,0.0,0.0,0.0,0.0,0.0,0.43388373911755823,-0.900968867902419,1.0,6.123233995736766e-17,0.0
HOUSEHOLD_0023_TX_3_validation,d_63,0.0,0.0,0.0,0.0,0.0,0.0,0.0,0.0,0.0,-0.433883739117558,-0.9009688679024191,0.8660254037844387,-0.4999999999999998,0.0
HOUSEHOLD_0023_TX_3_validation,d_64,0.0,0.0,0.0,0.0,0.0,0.0,0.0,0.0,0.0,-0.9749279121818236,-0.2225209339563146,0.8660254037844387,-0.4999999999999998,0.0
HOUSEHOLD_0023_TX_3_validation,d_65,0.0,0.0,0.0,0.0,0.0,0.0,0.0,0.0,0.0,-0.7818314824680299,0.6234898018587334,0.8660254037844387,-0.4999999999999998,2.0
HOUSEHOLD_0023_TX_3_validation,d_66,2.0,0.0,0.0,0.0,0.0,0.0,0.0,0.2857142857142857,0.14285714285714285,0.0,1.0,0.8660254037844387,-0.4999999999999998,0.0
HOUSEHOLD_0023_TX_3_validation,d_67,0.0,2.0,0.0,0.0,0.0,0.0,0.0,0.2857142857142857,0.14285714285714285,0.7818314824680298,0.6234898018587336,0.8660254037844387,-0.4999999999999998,0.0
HOUSEHOLD_0023_TX_3_validation,d_68,0.0,0.0,2.0,0.0,0.0,0.0,0.0,0.2857142857142857,0.14285714285714285,0.9749279121818236,-0.22252093395631434,0.8660254037844387,-0.4999999999999998,0.0
HOUSEHOLD_0023_TX_3_validation,d_69,0.0,0.0,0.0,2.0,0.0,0.0,0.0,0.2857142857142857,0.14285714285714285,0.43388373911755823,-0.900968867902419,0.8660254037844387,-0.4999999999999998,0.0
HOUSEHOLD_0023_TX_3_validation,d_70,0.0,0.0,0.0,0.0,2.0,0.0,0.0,0.2857142857142857,0.14285714285714285,-0.433883739117558,-0.9009688679024191,0.8660254037844387,-0.4999999999999998,0.0
HOUSEHOLD_0023_TX_3_validation,d_71,0.0,0.0,0.0,0.0,0.0,2.0,0.0,0.2857142857142857,0.14285714285714285,-0.9749279121818236,-0.2225209339563146,0.8660254037844387,-0.4999999999999998,0.0
HOUSEHOLD_0023_TX_3_validation,d_72,0.0,0.0,0.0,0.0,0.0,0.0,2.0,0.2857142857142857,0.14285714285714285,-0.7818314824680299,0.6234898018587334,0.8660254037844387,-0.4999999999999998,0.0
HOUSEHOLD_0023_TX_3_validation,d_73,0.0,0.0,0.0,0.0,0.0,0.0,0.0,0.0,0.14285714285714285,0.0,1.0,0.8660254037844387,-0.4999999999999998,0.0
HOUSEHOLD_0023_TX_3_validation,d_74,0.0,0.0,0.0,0.0,0.0,0.0,0.0,0.0,0.14285714285714285,0.7818314824680298,0.6234898018587336,0.8660254037844387,-0.4999999999999998,0.0
HOUSEHOLD_0023_TX_3_validation,d_75,0.0,0.0,0.0,0.0,0.0,0.0,0.0,0.0,0.14285714285714285,0.9749279121818236,-0.22252093395631434,0.8660254037844387,-0.4999999999999998,0.0
HOUSEHOLD_0023_TX_3_validation,d_76,0.0,0.0,0.0,0.0,0.0,0.0,0.0,0.0,0.14285714285714285,0.43388373911755823,-0.900968867902419,0.8660254037844387,-0.4999999999999998,0.0
HOUSEHOLD_0023_TX_3_validation,d_77,0.0,0.0,0.0,0.0,0.0,0.0,0.0,0.0,0.14285714285714285,-0.433883739117558,-0.9009688679024191,0.8660254037844387,-0.4999999999999998,0.0
HOUSEHOLD_0023_TX_3_validation,d_78,0.0,0.0,0.0,0.0,0.0,0.0,0.0,0.0,0.14285714285714285,-0.9749279121818236,-0.2225209339563146,0.8660254037844387,-0.4999999999999998,0.0
HOUSEHOLD_0023_TX_3_validation,d_79,0.0,0.0,0.0,0.0,0.0,0.0,0.0,0.0,0.14285714285714285,-0.7818314824680299,0.6234898018587334,0.8660254037844387,-0.4999999999999998,0.0
HOUSEHOLD_0023_TX_3_validation,d_80,0.0,0.0,0.0,0.0,0.0,0.0,0.0,0.0,0.0,0.0,1.0,0.8660254037844387,-0.4999999999999998,0.0
HOUSEHOLD_0023_TX_3_validation,d_81,0.0,0.0,0.0,0.0,0.0,0.0,0.0,0.0,0.0,0.7818314824680298,0.6234898018587336,0.8660254037844387,-0.4999999999999998,0.0
HOUSEHOLD_0023_TX_3_validation,d_82,0.0,0.0,0.0,0.0,0.0,0.0,0.0,0.0,0.0,0.9749279121818236,-0.22252093395631434,0.8660254037844387,-0.4999999999999998,0.0
HOUSEHOLD_0023_TX_3_validation,d_83,0.0,0.0,0.0,0.0,0.0,0.0,0.0,0.0,0.0,0.43388373911755823,-0.900968867902419,0.8660254037844387,-0.4999999999999998,0.0
HOUSEHOLD_0023_TX_3_validation,d_84,0.0,0.0,0.0,0.0,0.0,0.0,0.0,0.0,0.0,-0.433883739117558,-0.9009688679024191,0.8660254037844387,-0.4999999999999998,0.0
HOUSEHOLD_0023_TX_3_validation,d_85,0.0,0.0,0.0,0.0,0.0,0.0,0.0,0.0,0.0,-0.9749279121818236,-0.2225209339563146,0.8660254037844387,-0.4999999999999998,0.0
HOUSEHOLD_0023_TX_3_validation,d_86,0.0,0.0,0.0,0.0,0.0,0.0,0.0,0.0,0.0,-0.7818314824680299,0.6234898018587334,0.8660254037844387,-0.4999999999999998,0.0
HOUSEHOLD_0023_TX_3_validation,d_87,0.0,0.0,0.0,0.0,0.0,0.0,0.0,0.0,0.0,0.0,1.0,0.8660254037844387,-0.4999999999999998,0.0
HOUSEHOLD_0023_TX_3_validation,d_88,0.0,0.0,0.0,0.0,0.0,0.0,0.0,0.0,0.0,0.7818314824680298,0.6234898018587336,0.8660254037844387,-0.4999999999999998,0.0
HOUSEHOLD_0023_TX_3_validation,d_89,0.0,0.0,0.0,0.0,0.0,0.0,0.0,0.0,0.0,0.9749279121818236,-0.22252093395631434,0.8660254037844387,-0.4999999999999998,0.0
HOUSEHOLD_0023_TX_3_validation,d_90,0.0,0.0,0.0,0.0,0.0,0.0,0.0,0.0,0.0,0.43388373911755823,-0.900968867902419,0.8660254037844387,-0.4999999999999998,0.0
HOUSEHOLD_0023_TX_3_validation,d_91,0.0,0.0,0.0,0.0,0.0,0.0,0.0,0.0,0.0,-0.433883739117558,-0.9009688679024191,0.8660254037844387,-0.4999999999999998,0.0
HOUSEHOLD_0023_TX_3_validation,d_92,0.0,0.0,0.0,0.0,0.0,0.0,0.0,0.0,0.0,-0.9749279121818236,-0.2225209339563146,0.8660254037844387,-0.4999999999999998,0.0
HOUSEHOLD_0023_TX_3_validation,d_93,0.0,0.0,0.0,0.0,0.0,0.0,0.0,0.0,0.0,-0.7818314824680299,0.6234898018587334,0.49999999999999994,-0.8660254037844387,1.0
HOUSEHOLD_0023_TX_3_validation,d_94,1.0,0.0,0.0,0.0,0.0,0.0,0.0,0.14285714285714285,0.07142857142857142,0.0,1.0,0.49999999999999994,-0.8660254037844387,2.0
HOUSEHOLD_0023_TX_3_validation,d_95,2.0,1.0,0.0,0.0,0.0,0.0,0.0,0.42857142857142855,0.21428571428571427,0.7818314824680298,0.6234898018587336,0.49999999999999994,-0.8660254037844387,0.0
HOUSEHOLD_0023_TX_3_validation,d_96,0.0,2.0,1.0,0.0,0.0,0.0,0.0,0.42857142857142855,0.21428571428571427,0.9749279121818236,-0.22252093395631434,0.49999999999999994,-0.8660254037844387,0.0
HOUSEHOLD_0023_TX_3_validation,d_97,0.0,0.0,2.0,1.0,0.0,0.0,0.0,0.42857142857142855,0.21428571428571427,0.43388373911755823,-0.900968867902419,0.49999999999999994,-0.8660254037844387,0.0
HOUSEHOLD_0023_TX_3_validation,d_98,0.0,0.0,0.0,2.0,1.0,0.0,0.0,0.42857142857142855,0.21428571428571427,-0.433883739117558,-0.9009688679024191,0.49999999999999994,-0.8660254037844387,0.0
HOUSEHOLD_0023_TX_3_validation,d_99,0.0,0.0,0.0,0.0,2.0,1.0,0.0,0.42857142857142855,0.21428571428571427,-0.9749279121818236,-0.2225209339563146,0.49999999999999994,-0.8660254037844387,0.0
HOUSEHOLD_0023_TX_3_validation,d_100,0.0,0.0,0.0,0.0,0.0,2.0,1.0,0.42857142857142855,0.21428571428571427,-0.7818314824680299,0.6234898018587334,0.49999999999999994,-0.8660254037844387,1.0
HOUSEHOLD_0023_TX_3_validation,d_101,1.0,0.0,0.0,0.0,0.0,0.0,2.0,0.42857142857142855,0.2857142857142857,0.0,1.0,0.49999999999999994,-0.8660254037844387,1.0
HOUSEHOLD_0023_TX_3_validation,d_102,1.0,1.0,0.0,0.0,0.0,0.0,0.0,0.2857142857142857,0.35714285714285715,0.7818314824680298,0.6234898018587336,0.49999999999999994,-0.8660254037844387,0.0
HOUSEHOLD_0023_TX_3_validation,d_103,0.0,1.0,1.0,0.0,0.0,0.0,0.0,0.2857142857142857,0.35714285714285715,0.9749279121818236,-0.22252093395631434,0.49999999999999994,-0.8660254037844387,0.0
HOUSEHOLD_0023_TX_3_validation,d_104,0.0,0.0,1.0,1.0,0.0,0.0,0.0,0.2857142857142857,0.35714285714285715,0.43388373911755823,-0.900968867902419,0.49999999999999994,-0.8660254037844387,0.0
HOUSEHOLD_0023_TX_3_validation,d_105,0.0,0.0,0.0,1.0,1.0,0.0,0.0,0.2857142857142857,0.35714285714285715,-0.433883739117558,-0.9009688679024191,0.49999999999999994,-0.8660254037844387,0.0
HOUSEHOLD_0023_TX_3_validation,d_106,0.0,0.0,0.0,0.0,1.0,1.0,0.0,0.2857142857142857,0.35714285714285715,-0.9749279121818236,-0.2225209339563146,0.49999999999999994,-0.8660254037844387,0.0
HOUSEHOLD_0023_TX_3_validation,d_107,0.0,0.0,0.0,0.0,0.0,1.0,1.0,0.2857142857142857,0.35714285714285715,-0.7818314824680299,0.6234898018587334,0.49999999999999994,-0.8660254037844387,0.0
HOUSEHOLD_0023_TX_3_validation,d_108,0.0,0.0,0.0,0.0,0.0,0.0,1.0,0.14285714285714285,0.2857142857142857,0.0,1.0,0.49999999999999994,-0.8660254037844387,0.0
HOUSEHOLD_0023_TX_3_validation,d_109,0.0,0.0,0.0,0.0,0.0,0.0,0.0,0.0,0.14285714285714285,0.7818314824680298,0.6234898018587336,0.49999999999999994,-0.8660254037844387,0.0
HOUSEHOLD_0023_TX_3_validation,d_110,0.0,0.0,0.0,0.0,0.0,0.0,0.0,0.0,0.14285714285714285,0.9749279121818236,-0.22252093395631434,0.49999999999999994,-0.8660254037844387,0.0
HOUSEHOLD_0023_TX_3_validation,d_111,0.0,0.0,0.0,0.0,0.0,0.0,0.0,0.0,0.14285714285714285,0.43388373911755823,-0.900968867902419,0.49999999999999994,-0.8660254037844387,0.0
HOUSEHOLD_0023_TX_3_validation,d_112,0.0,0.0,0.0,0.0,0.0,0.0,0.0,0.0,0.14285714285714285,-0.433883739117558,-0.9009688679024191,0.49999999999999994,-0.8660254037844387,0.0
HOUSEHOLD_0023_TX_3_validation,d_113,0.0,0.0,0.0,0.0,0.0,0.0,0.0,0.0,0.14285714285714285,-0.9749279121818236,-0.2225209339563146,0.49999999999999994,-0.8660254037844387,0.0
HOUSEHOLD_0023_TX_3_validation,d_114,0.0,0.0,0.0,0.0,0.0,0.0,0.0,0.0,0.14285714285714285,-0.7818314824680299,0.6234898018587334,0.49999999999999994,-0.8660254037844387,1.0
HOUSEHOLD_0023_TX_3_validation,d_115,1.0,0.0,0.0,0.0,0.0,0.0,0.0,0.14285714285714285,0.14285714285714285,0.0,1.0,0.49999999999999994,-0.8660254037844387,0.0
HOUSEHOLD_0023_TX_3_validation,d_116,0.0,1.0,0.0,0.0,0.0,0.0,0.0,0.14285714285714285,0.07142857142857142,0.7818314824680298,0.6234898018587336,0.49999999999999994,-0.8660254037844387,0.0
HOUSEHOLD_0026_WI_3_validation,d_50,0.0,0.0,0.0,2.0,1.0,0.0,1.0,0.5714285714285714,0.6428571428571429,-0.9749279121818236,-0.2225209339563146,1.0,6.123233995736766e-17,0.0
HOUSEHOLD_0026_WI_3_validation,d_51,0.0,0.0,0.0,0.0,2.0,1.0,0.0,0.42857142857142855,0.6428571428571429,-0.7818314824680299,0.6234898018587334,1.0,6.123233995736766e-17,1.0
HOUSEHOLD_0026_WI_3_validation,d_52,1.0,0.0,0.0,0.0,0.0,2.0,1.0,0.5714285714285714,0.6428571428571429,0.0,1.0,1.0,6.123233995736766e-17,2.0
HOUSEHOLD_0026_WI_3_validation,d_53,2.0,1.0,0.0,0.0,0.0,0.0,2.0,0.7142857142857143,0.5714285714285714,0.7818314824680298,0.6234898018587336,1.0,6.123233995736766e-17,1.0
HOUSEHOLD_0026_WI_3_validation,d_54,1.0,2.0,1.0,0.0,0.0,0.0,0.0,0.5714285714285714,0.5714285714285714,0.9749279121818236,-0.22252093395631434,1.0,6.123233995736766e-17,0.0
HOUSEHOLD_0026_WI_3_validation,d_55,0.0,1.0,2.0,1.0,0.0,0.0,0.0,0.5714285714285714,0.5714285714285714,0.43388373911755823,-0.900968867902419,1.0,6.123233995736766e-17,0.0
HOUSEHOLD_0026_WI_3_validation,d_56,0.0,0.0,1.0,2.0,1.0,0.0,0.0,0.5714285714285714,0.5714285714285714,-0.433883739117558,-0.9009688679024191,1.0,6.123233995736766e-17,0.0
HOUSEHOLD_0026_WI_3_validation,d_57,0.0,0.0,0.0,1.0,2.0,1.0,0.0,0.5714285714285714,0.5714285714285714,-0.9749279121818236,-0.2225209339563146,1.0,6.123233995736766e-17,1.0
HOUSEHOLD_0026_WI_3_validation,d_58,1.0,0.0,0.0,0.0,1.0,2.0,1.0,0.7142857142857143,0.5714285714285714,-0.7818314824680299,0.6234898018587334,1.0,6.123233995736766e-17,3.0
HOUSEHOLD_0026_WI_3_validation,d_59,3.0,1.0,0.0,0.0,0.0,1.0,2.0,1.0,0.7857142857142857,0.0,1.0,1.0,6.123233995736766e-17,0.0
HOUSEHOLD_0026_WI_3_validation,d_60,0.0,3.0,1.0,0.0,0.0,0.0,1.0,0.7142857142857143,0.7142857142857143,0.7818314824680298,0.6234898018587336,1.0,6.123233995736766e-17,4.0
HOUSEHOLD_0026_WI_3_validation,d_61,4.0,0.0,3.0,1.0,0.0,0.0,0.0,1.1428571428571428,0.8571428571428571,0.9749279121818236,-0.22252093395631434,1.0,6.123233995736766e-17,1.0
HOUSEHOLD_0026_WI_3_validation,d_62,1.0,4.0,0.0,3.0,1.0,0.0,0.0,1.2857142857142858,0.9285714285714286,0.43388373911755823,-0.900968867902419,1.0,6.123233995736766e-17,1.0
HOUSEHOLD_0026_WI_3_validation,d_63,1.0,1.0,4.0,0.0,3.0,1.0,0.0,1.4285714285714286,1.0,-0.433883739117558,-0.9009688679024191,0.8660254037844387,-0.4999999999999998,0.0
HOUSEHOLD_0026_WI_3_validation,d_64,0.0,1.0,1.0,4.0,0.0,3.0,1.0,1.4285714285714286,1.0,-0.9749279121818236,-0.2225209339563146,0.8660254037844387,-0.4999999999999998,0.0
HOUSEHOLD_0026_WI_3_validation,d_65,0.0,0.0,1.0,1.0,4.0,0.0,3.0,1.2857142857142858,1.0,-0.7818314824680299,0.6234898018587334,0.8660254037844387,-0.4999999999999998,2.0
HOUSEHOLD_0026_WI_3_validation,d_66,2.0,0.0,0.0,1.0,1.0,4.0,0.0,1.1428571428571428,1.0714285714285714,0.0,1.0,0.8660254037844387,-0.4999999999999998,2.0
HOUSEHOLD_0026_WI_3_validation,d_67,2.0,2.0,0.0,0.0,1.0,1.0,4.0,1.4285714285714286,1.0714285714285714,0.7818314824680298,0.6234898018587336,0.8660254037844387,-0.4999999999999998,4.0
HOUSEHOLD_0026_WI_3_validation,d_68,4.0,2.0,2.0,0.0,0.0,1.0,1.0,1.4285714285714286,1.2857142857142858,0.9749279121818236,-0.22252093395631434,0.8660254037844387,-0.4999999999999998,0.0
HOUSEHOLD_0026_WI_3_validation,d_69,0.0,4.0,2.0,2.0,0.0,0.0,1.0,1.2857142857142858,1.2857142857142858,0.43388373911755823,-0.900968867902419,0.8660254037844387,-0.4999999999999998,0.0
HOUSEHOLD_0026_WI_3_validation,d_70,0.0,0.0,4.0,2.0,2.0,0.0,0.0,1.1428571428571428,1.2857142857142858,-0.433883739117558,-0.9009688679024191,0.8660254037844387,-0.4999999999999998,0.0
HOUSEHOLD_0026_WI_3_validation,d_71,0.0,0.0,0.0,4.0,2.0,2.0,0.0,1.1428571428571428,1.2857142857142858,-0.9749279121818236,-0.2225209339563146,0.8660254037844387,-0.4999999999999998,0.0
HOUSEHOLD_0026_WI_3_validation,d_72,0.0,0.0,0.0,0.0,4.0,2.0,2.0,1.1428571428571428,1.2142857142857142,-0.7818314824680299,0.6234898018587334,0.8660254037844387,-0.4999999999999998,1.0
HOUSEHOLD_0026_WI_3_validation,d_73,1.0,0.0,0.0,0.0,0.0,4.0,2.0,1.0,1.0714285714285714,0.0,1.0,0.8660254037844387,-0.4999999999999998,0.0
HOUSEHOLD_0026_WI_3_validation,d_74,0.0,1.0,0.0,0.0,0.0,0.0,4.0,0.7142857142857143,1.0714285714285714,0.7818314824680298,0.6234898018587336,0.8660254037844387,-0.4999999999999998,2.0
HOUSEHOLD_0026_WI_3_validation,d_75,2.0,0.0,1.0,0.0,0.0,0.0,0.0,0.42857142857142855,0.9285714285714286,0.9749279121818236,-0.22252093395631434,0.8660254037844387,-0.4999999999999998,0.0
HOUSEHOLD_0026_WI_3_validation,d_76,0.0,2.0,0.0,1.0,0.0,0.0,0.0,0.42857142857142855,0.8571428571428571,0.43388373911755823,-0.900968867902419,0.8660254037844387,-0.4999999999999998,0.0
HOUSEHOLD_0026_WI_3_validation,d_77,0.0,0.0,2.0,0.0,1.0,0.0,0.0,0.42857142857142855,0.7857142857142857,-0.433883739117558,-0.9009688679024191,0.8660254037844387,-0.4999999999999998,0.0
HOUSEHOLD_0026_WI_3_validation,d_78,0.0,0.0,0.0,2.0,0.0,1.0,0.0,0.42857142857142855,0.7857142857142857,-0.9749279121818236,-0.2225209339563146,0.8660254037844387,-0.4999999999999998,0.0
HOUSEHOLD_0026_WI_3_validation,d_79,0.0,0.0,0.0,0.0,2.0,0.0,1.0,0.42857142857142855,0.7857142857142857,-0.7818314824680299,0.6234898018587334,0.8660254037844387,-0.4999999999999998,1.0
HOUSEHOLD_0026_WI_3_validation,d_80,1.0,0.0,0.0,0.0,0.0,2.0,0.0,0.42857142857142855,0.7142857142857143,0.0,1.0,0.8660254037844387,-0.4999999999999998,0.0
HOUSEHOLD_0026_WI_3_validation,d_81,0.0,1.0,0.0,0.0,0.0,0.0,2.0,0.42857142857142855,0.5714285714285714,0.7818314824680298,0.6234898018587336,0.8660254037844387,-0.4999999999999998,1.0
HOUSEHOLD_0026_WI_3_validation,d_82,1.0,0.0,1.0,0.0,0.0,0.0,0.0,0.2857142857142857,0.35714285714285715,0.9749279121818236,-0.22252093395631434,0.8660254037844387,-0.4999999999999998,0.0
HOUSEHOLD_0026_WI_3_validation,d_83,0.0,1.0,0.0,1.0,0.0,0.0,0.0,0.2857142857142857,0.35714285714285715,0.43388373911755823,-0.900968867902419,0.8660254037844387,-0.4999999999999998,0.0
HOUSEHOLD_0026_WI_3_validation,d_84,0.0,0.0,1.0,0.0,1.0,0.0,0.0,0.2857142857142857,0.35714285714285715,-0.433883739117558,-0.9009688679024191,0.8660254037844387,-0.4999999999999998,0.0
HOUSEHOLD_0026_WI_3_validation,d_85,0.0,0.0,0.0,1.0,0.0,1.0,0.0,0.2857142857142857,0.35714285714285715,-0.9749279121818236,-0.2225209339563146,0.8660254037844387,-0.4999999999999998,1.0
HOUSEHOLD_0026_WI_3_validation,d_86,1.0,0.0,0.0,0.0,1.0,0.0,1.0,0.42857142857142855,0.42857142857142855,-0.7818314824680299,0.6234898018587334,0.8660254037844387,-0.4999999999999998,3.0
HOUSEHOLD_0026_WI_3_validation,d_87,3.0,1.0,0.0,0.0,0.0,1.0,0.0,0.7142857142857143,0.5714285714285714,0.0,1.0,0.8660254037844387,-0.4999999999999998,0.0
HOUSEHOLD_0026_WI_3_validation,d_88,0.0,3.0,1.0,0.0,0.0,0.0,1.0,0.7142857142857143,0.5714285714285714,0.7818314824680298,0.6234898018587336,0.8660254037844387,-0.4999999999999998,2.0
HOUSEHOLD_0026_WI_3_validation,d_89,2.0,0.0,3.0,1.0,0.0,0.0,0.0,0.8571428571428571,0.5714285714285714,0.9749279121818236,-0.22252093395631434,0.8660254037844387,-0.4999999999999998,0.0
HOUSEHOLD_0026_WI_3_validation,d_90,0.0,2.0,0.0,3.0,1.0,0.0,0.0,0.8571428571428571,0.5714285714285714,0.43388373911755823,-0.900968867902419,0.8660254037844387,-0.4999999999999998,0.0
HOUSEHOLD_0026_WI_3_validation,d_91,0.0,0.0,2.0,0.0,3.0,1.0,0.0,0.8571428571428571,0.5714285714285714,-0.433883739117558,-0.9009688679024191,0.8660254037844387,-0.4999999999999998,0.0
HOUSEHOLD_0026_WI_3_validation,d_92,0.0,0.0,0.0,2.0,0.0,3.0,1.0,0.8571428571428571,0.5714285714285714,-0.9749279121818236,-0.2225209339563146,0.8660254037844387,-0.4999999999999998,2.0
HOUSEHOLD_0026_WI_3_validation,d_93,2.0,0.0,0.0,0.0,2.0,0.0,3.0,1.0,0.7142857142857143,-0.7818314824680299,0.6234898018587334,0.49999999999999994,-0.8660254037844387,2.0
HOUSEHOLD_0026_WI_3_validation,d_94,2.0,2.0,0.0,0.0,0.0,2.0,0.0,0.8571428571428571,0.7857142857142857,0.0,1.0,0.49999999999999994,-0.8660254037844387,1.0
HOUSEHOLD_0026_WI_3_validation,d_95,1.0,2.0,2.0,0.0,0.0,0.0,2.0,1.0,0.8571428571428571,0.7818314824680298,0.6234898018587336,0.49999999999999994,-0.8660254037844387,2.0
HOUSEHOLD_0026_WI_3_validation,d_96,2.0,1.0,2.0,2.0,0.0,0.0,0.0,1.0,0.9285714285714286,0.9749279121818236,-0.22252093395631434,0.49999999999999994,-0.8660254037844387,0.0
HOUSEHOLD_0026_WI_3_validation,d_97,0.0,2.0,1.0,2.0,2.0,0.0,0.0,1.0,0.9285714285714286,0.43388373911755823,-0.900968867902419,0.49999999999999994,-0.8660254037844387,0.0
HOUSEHOLD_0026_WI_3_validation,d_98,0.0,0.0,2.0,1.0,2.0,2.0,0.0,1.0,0.9285714285714286,-0.433883739117558,-0.9009688679024191,0.49999999999999994,-0.8660254037844387,0.0
HOUSEHOLD_0026_WI_3_validation,d_99,0.0,0.0,0.0,2.0,1.0,2.0,2.0,1.0,0.9285714285714286,-0.9749279121818236,-0.2225209339563146,0.49999999999999994,-0.8660254037844387,0.0
HOUSEHOLD_0026_WI_3_validation,d_100,0.0,0.0,0.0,0.0,2.0,1.0,2.0,0.7142857142857143,0.8571428571428571,-0.7818314824680299,0.6234898018587334,0.49999999999999994,-0.8660254037844387,0.0
HOUSEHOLD_0026_WI_3_validation,d_101,0.0,0.0,0.0,0.0,0.0,2.0,1.0,0.42857142857142855,0.6428571428571429,0.0,1.0,0.49999999999999994,-0.8660254037844387,1.0
HOUSEHOLD_0026_WI_3_validation,d_102,1.0,0.0,0.0,0.0,0.0,0.0,2.0,0.42857142857142855,0.7142857142857143,0.7818314824680298,0.6234898018587336,0.49999999999999994,-0.8660254037844387,0.0
HOUSEHOLD_0026_WI_3_validation,d_103,0.0,1.0,0.0,0.0,0.0,0.0,0.0,0.14285714285714285,0.5714285714285714,0.9749279121818236,-0.22252093395631434,0.49999999999999994,-0.8660254037844387,0.0
HOUSEHOLD_0026_WI_3_validation,d_104,0.0,0.0,1.0,0.0,0.0,0.0,0.0,0.14285714285714285,0.5714285714285714,0.43388373911755823,-0.900968867902419,0.49999999999999994,-0.8660254037844387,0.0
HOUSEHOLD_0026_WI_3_validation,d_105,0.0,0.0,0.0,1.0,0.0,0.0,0.0,0.14285714285714285,0.5714285714285714,-0.433883739117558,-0.9009688679024191,0.49999999999999994,-0.8660254037844387,0.0
HOUSEHOLD_0026_WI_3_validation,d_106,0.0,0.0,0.0,0.0,1.0,0.0,0.0,0.14285714285714285,0.5714285714285714,-0.9749279121818236,-0.2225209339563146,0.49999999999999994,-0.8660254037844387,1.0
HOUSEHOLD_0026_WI_3_validation,d_107,1.0,0.0,0.0,0.0,0.0,1.0,0.0,0.2857142857142857,0.5,-0.7818314824680299,0.6234898018587334,0.49999999999999994,-0.8660254037844387,0.0
HOUSEHOLD_0026_WI_3_validation,d_108,0.0,1.0,0.0,0.0,0.0,0.0,1.0,0.2857142857142857,0.35714285714285715,0.0,1.0,0.49999999999999994,-0.8660254037844387,3.0
HOUSEHOLD_0026_WI_3_validation,d_109,3.0,0.0,1.0,0.0,0.0,0.0,0.0,0.5714285714285714,0.5,0.7818314824680298,0.6234898018587336,0.49999999999999994,-0.8660254037844387,0.0
HOUSEHOLD_0026_WI_3_validation,d_110,0.0,3.0,0.0,1.0,0.0,0.0,0.0,0.5714285714285714,0.35714285714285715,0.9749279121818236,-0.22252093395631434,0.49999999999999994,-0.8660254037844387,1.0
HOUSEHOLD_0026_WI_3_validation,d_111,1.0,0.0,3.0,0.0,1.0,0.0,0.0,0.7142857142857143,0.42857142857142855,0.43388373911755823,-0.900968867902419,0.49999999999999994,-0.8660254037844387,0.0
HOUSEHOLD_0026_WI_3_validation,d_112,0.0,1.0,0.0,3.0,0.0,1.0,0.0,0.7142857142857143,0.42857142857142855,-0.433883739117558,-0.9009688679024191,0.49999999999999994,-0.8660254037844387,1.0
HOUSEHOLD_0026_WI_3_validation,d_113,1.0,0.0,1.0,0.0,3.0,0.0,1.0,0.8571428571428571,0.5,-0.9749279121818236,-0.2225209339563146,0.49999999999999994,-0.8660254037844387,0.0
HOUSEHOLD_0026_WI_3_validation,d_114,0.0,1.0,0.0,1.0,0.0,3.0,0.0,0.7142857142857143,0.5,-0.7818314824680299,0.6234898018587334,0.49999999999999994,-0.8660254037844387,1.0
HOUSEHOLD_0026_WI_3_validation,d_115,1.0,0.0,1.0,0.0,1.0,0.0,3.0,0.8571428571428571,0.5714285714285714,0.0,1.0,0.49999999999999994,-0.8660254037844387,3.0
HOUSEHOLD_0026_WI_3_validation,d_116,3.0,1.0,0.0,1.0,0.0,1.0,0.0,0.8571428571428571,0.7142857142857143,0.7818314824680298,0.6234898018587336,0.49999999999999994,-0.8660254037844387,0.0
HOBBIES_0027_CA_1_validation,d_50,0.0,0.0,0.0,0.0,1.0,2.0,0.0,0.42857142857142855,0.2857142857142857,-0.9749279121818236,-0.2225209339563146,1.0,6.123233995736766e-17,0.0
HOBBIES_0027_CA_1_validation,d_51,0.0,0.0,0.0,0.0,0.0,1.0,2.0,0.42857142857142855,0.2857142857142857,-0.7818314824680299,0.6234898018587334,1.0,6.123233995736766e-17,0.0
HOBBIES_0027_CA_1_validation,d_52,0.0,0.0,0.0,0.0,0.0,0.0,1.0,0.14285714285714285,0.2857142857142857,0.0,1.0,1.0,6.123233995736766e-17,0.0
HOBBIES_0027_CA_1_validation,d_53,0.0,0.0,0.0,0.0,0.0,0.0,0.0,0.0,0.21428571428571427,0.7818314824680298,0.6234898018587336,1.0,6.123233995736766e-17,0.0
HOBBIES_0027_CA_1_validation,d_54,0.0,0.0,0.0,0.0,0.0,0.0,0.0,0.0,0.21428571428571427,0.9749279121818236,-0.22252093395631434,1.0,6.123233995736766e-17,0.0
HOBBIES_0027_CA_1_validation,d_55,0.0,0.0,0.0,0.0,0.0,0.0,0.0,0.0,0.21428571428571427,0.43388373911755823,-0.900968867902419,1.0,6.123233995736766e-17,0.0
HOBBIES_0027_CA_1_validation,d_56,0.0,0.0,0.0,0.0,0.0,0.0,0.0,0.0,0.21428571428571427,-0.433883739117558,-0.9009688679024191,1.0,6.123233995736766e-17,0.0
HOBBIES_0027_CA_1_validation,d_57,0.0,0.0,0.0,0.0,0.0,0.0,0.0,0.0,0.21428571428571427,-0.9749279121818236,-0.2225209339563146,1.0,6.123233995736766e-17,1.0
HOBBIES_0027_CA_1_validation,d_58,1.0,0.0,0.0,0.0,0.0,0.0,0.0,0.14285714285714285,0.2857142857142857,-0.7818314824680299,0.6234898018587334,1.0,6.123233995736766e-17,0.0
HOBBIES_0027_CA_1_validation,d_59,0.0,1.0,0.0,0.0,0.0,0.0,0.0,0.14285714285714285,0.14285714285714285,0.0,1.0,1.0,6.123233995736766e-17,0.0
HOBBIES_0027_CA_1_validation,d_60,0.0,0.0,1.0,0.0,0.0,0.0,0.0,0.14285714285714285,0.07142857142857142,0.7818314824680298,0.6234898018587336,1.0,6.123233995736766e-17,1.0
HOBBIES_0027_CA_1_validation,d_61,1.0,0.0,0.0,1.0,0.0,0.0,0.0,0.2857142857142857,0.14285714285714285,0.9749279121818236,-0.22252093395631434,1.0,6.123233995736766e-17,1.0
HOBBIES_0027_CA_1_validation,d_62,1.0,1.0,0.0,0.0,1.0,0.0,0.0,0.42857142857142855,0.21428571428571427,0.43388373911755823,-0.900968867902419,1.0,6.123233995736766e-17,0.0
HOBBIES_0027_CA_1_validation,d_63,0.0,1.0,1.0,0.0,0.0,1.0,0.0,0.42857142857142855,0.21428571428571427,-0.433883739117558,-0.9009688679024191,0.8660254037844387,-0.4999999999999998,0.0
HOBBIES_0027_CA_1_validation,d_64,0.0,0.0,1.0,1.0,0.0,0.0,1.0,0.42857142857142855,0.21428571428571427,-0.9749279121818236,-0.2225209339563146,0.8660254037844387,-0.4999999999999998,0.0
HOBBIES_0027_CA_1_validation,d_65,0.0,0.0,0.0,1.0,1.0,0.0,0.0,0.2857142857142857,0.21428571428571427,-0.7818314824680299,0.6234898018587334,0.8660254037844387,-0.4999999999999998,1.0
HOBBIES_0027_CA_1_validation,d_66,1.0,0.0,0.0,0.0,1.0,1.0,0.0,0.42857142857142855,0.2857142857142857,0.0,1.0,0.8660254037844387,-0.4999999999999998,0.0
HOBBIES_0027_CA_1_validation,d_67,0.0,1.0,0.0,0.0,0.0,1.0,1.0,0.42857142857142855,0.2857142857142857,0.7818314824680298,0.6234898018587336,0.8660254037844387,-0.4999999999999998,0.0
HOBBIES_0027_CA_1_validation,d_68,0.0,0.0,1.0,0.0,0.0,0.0,1.0,0.2857142857142857,0.2857142857142857,0.9749279121818236,-0.22252093395631434,0.8660254037844387,-0.4999999999999998,0.0
HOBBIES_0027_CA_1_validation,d_69,0.0,0.0,0.0,1.0,0.0,0.0,0.0,0.14285714285714285,0.2857142857142857,0.43388373911755823,-0.900968867902419,0.8660254037844387,-0.4999999999999998,0.0
HOBBIES_0027_CA_1_validation,d_70,0.0,0.0,0.0,0.0,1.0,0.0,0.0,0.14285714285714285,0.2857142857142857,-0.433883739117558,-0.9009688679024191,0.8660254037844387,-0.4999999999999998,0.0
HOBBIES_0027_CA_1_validation,d_71,0.0,0.0,0.0,0.0,0.0,1.0,0.0,0.14285714285714285,0.2857142857142857,-0.9749279121818236,-0.2225209339563146,0.8660254037844387,-0.4999999999999998,0.0
HOBBIES_0027_CA_1_validation,d_72,0.0,0.0,0.0,0.0,0.0,0.0,1.0,0.14285714285714285,0.21428571428571427,-0.7818314824680299,0.6234898018587334,0.8660254037844387,-0.4999999999999998,0.0
HOBBIES_0027_CA_1_validation,d_73,0.0,0.0,0.0,0.0,0.0,0.0,0.0,0.0,0.21428571428571427,0.0,1.0,0.8660254037844387,-0.4999999999999998,0.0
HOBBIES_0027_CA_1_validation,d_74,0.0,0.0,0.0,0.0,0.0,0.0,0.0,0.0,0.21428571428571427,0.7818314824680298,0.6234898018587336,0.8660254037844387,-0.4999999999999998,0.0
HOBBIES_0027_CA_1_validation,d_75,0.0,0.0,0.0,0.0,0.0,0.0,0.0,0.0,0.14285714285714285,0.9749279121818236,-0.22252093395631434,0.8660254037844387,-0.4999999999999998,0.0
HOBBIES_0027_CA_1_validation,d_76,0.0,0.0,0.0,0.0,0.0,0.0,0.0,0.0,0.07142857142857142,0.43388373911755823,-0.900968867902419,0.8660254037844387,-0.4999999999999998,0.0
HOBBIES_0027_CA_1_validation,d_77,0.0,0.0,0.0,0.0,0.0,0.0,0.0,0.0,0.07142857142857142,-0.433883739117558,-0.9009688679024191,0.8660254037844387,-0.4999999999999998,0.0
HOBBIES_0027_CA_1_validation,d_78,0.0,0.0,0.0,0.0,0.0,0.0,0.0,0.0,0.07142857142857142,-0.9749279121818236,-0.2225209339563146,0.8660254037844387,-0.4999999999999998,0.0
HOBBIES_0027_CA_1_validation,d_79,0.0,0.0,0.0,0.0,0.0,0.0,0.0,0.0,0.07142857142857142,-0.7818314824680299,0.6234898018587334,0.8660254037844387,-0.4999999999999998,0.0
HOBBIES_0027_CA_1_validation,d_80,0.0,0.0,0.0,0.0,0.0,0.0,0.0,0.0,0.0,0.0,1.0,0.8660254037844387,-0.4999999999999998,0.0
HOBBIES_0027_CA_1_validation,d_81,0.0,0.0,0.0,0.0,0.0,0.0,0.0,0.0,0.0,0.7818314824680298,0.6234898018587336,0.8660254037844387,-0.4999999999999998,0.0
HOBBIES_0027_CA_1_validation,d_82,0.0,0.0,0.0,0.0,0.0,0.0,0.0,0.0,0.0,0.9749279121818236,-0.22252093395631434,0.8660254037844387,-0.4999999999999998,0.0
HOBBIES_0027_CA_1_validation,d_83,0.0,0.0,0.0,0.0,0.0,0.0,0.0,0.0,0.0,0.43388373911755823,-0.900968867902419,0.8660254037844387,-0.4999999999999998,0.0
HOBBIES_0027_CA_1_validation,d_84,0.0,0.0,0.0,0.0,0.0,0.0,0.0,0.0,0.0,-0.433883739117558,-0.9009688679024191,0.8660254037844387,-0.4999999999999998,0.0
HOBBIES_0027_CA_1_validation,d_85,0.0,0.0,0.0,0.0,0.0,0.0,0.0,0.0,0.0,-0.9749279121818236,-0.2225209339563146,0.8660254037844387,-0.4999999999999998,0.0
HOBBIES_0027_CA_1_validation,d_86,0.0,0.0,0.0,0.0,0.0,0.0,0.0,0.0,0.0,-0.7818314824680299,0.6234898018587334,0.8660254037844387,-0.4999999999999998,0.0
HOBBIES_0027_CA_1_validation,d_87,0.0,0.0,0.0,0.0,0.0,0.0,0.0,0.0,0.0,0.0,1.0,0.8660254037844387,-0.4999999999999998,1.0
HOBBIES_0027_CA_1_validation,d_88,1.0,0.0,0.0,0.0,0.0,0.0,0.0,0.14285714285714285,0.07142857142857142,0.7818314824680298,0.6234898018587336,0.8660254037844387,-0.4999999999999998,0.0
HOBBIES_0027_CA_1_validation,d_89,0.0,1.0,0.0,0.0,0.0,0.0,0.0,0.14285714285714285,0.07142857142857142,0.9749279121818236,-0.22252093395631434,0.8660254037844387,-0.4999999999999998,0.0
HOBBIES_0027_CA_1_validation,d_90,0.0,0.0,1.0,0.0,0.0,0.0,0.0,0.14285714285714285,0.07142857142857142,0.43388373911755823,-0.900968867902419,0.8660254037844387,-0.4999999999999998,0.0
HOBBIES_0027_CA_1_validation,d_91,0.0,0.0,0.0,1.0,0.0,0.0,0.0,0.14285714285714285,0.07142857142857142,-0.433883739117558,-0.9009688679024191,0.8660254037844387,-0.4999999999999998,0.0
HOBBIES_0027_CA_1_validation,d_92,0.0,0.0,0.0,0.0,1.0,0.0,0.0,0.14285714285714285,0.07142857142857142,-0.9749279121818236,-0.2225209339563146,0.8660254037844387,-0.4999999999999998,0.0
HOBBIES_0027_CA_1_validation,d_93,0.0,0.0,0.0,0.0,0.0,1.0,0.0,0.14285714285714285,0.07142857142857142,-0.7818314824680299,0.6234898018587334,0.49999999999999994,-0.8660254037844387,1.0
HOBBIES_0027_CA_1_validation,d_94,1.0,0.0,0.0,0.0,0.0,0.0,1.0,0.2857142857142857,0.14285714285714285,0.0,1.0,0.49999999999999994,-0.8660254037844387,0.0
HOBBIES_0027_CA_1_validation,d_95,0.0,1.0,0.0,0.0,0.0,0.0,0.0,0.14285714285714285,0.14285714285714285,0.7818314824680298,0.6234898018587336,0.49999999999999994,-0.8660254037844387,1.0
HOBBIES_0027_CA_1_validation,d_96,1.0,0.0,1.0,0.0,0.0,0.0,0.0,0.2857142857142857,0.21428571428571427,0.9749279121818236,-0.22252093395631434,0.49999999999999994,-0.8660254037844387,0.0
HOBBIES_0027_CA_1_validation,d_97,0.0,1.0,0.0,1.0,0.0,0.0,0.0,0.2857142857142857,0.21428571428571427,0.43388373911755823,-0.900968867902419,0.49999999999999994,-0.8660254037844387,0.0
HOBBIES_0027_CA_1_validation,d_98,0.0,0.0,1.0,0.0,1.0,0.0,0.0,0.2857142857142857,0.21428571428571427,-0.433883739117558,-0.9009688679024191,0.49999999999999994,-0.8660254037844387,1.0
HOBBIES_0027_CA_1_validation,d_99,1.0,0.0,0.0,1.0,0.0,1.0,0.0,0.42857142857142855,0.2857142857142857,-0.9749279121818236,-0.2225209339563146,0.49999999999999994,-0.8660254037844387,0.0
HOBBIES_0027_CA_1_validation,d_100,0.0,1.0,0.0,0.0,1.0,0.0,1.0,0.42857142857142855,0.2857142857142857,-0.7818314824680299,0.6234898018587334,0.49999999999999994,-0.8660254037844387,0.0
HOBBIES_0027_CA_1_validation,d_101,0.0,0.0,1.0,0.0,0.0,1.0,0.0,0.2857142857142857,0.2857142857142857,0.0,1.0,0.49999999999999994,-0.8660254037844387,1.0
HOBBIES_0027_CA_1_validation,d_102,1.0,0.0,0.0,1.0,0.0,0.0,1.0,0.42857142857142855,0.2857142857142857,0.7818314824680298,0.6234898018587336,0.49999999999999994,-0.8660254037844387,0.0
HOBBIES_0027_CA_1_validation,d_103,0.0,1.0,0.0,0.0,1.0,0.0,0.0,0.2857142857142857,0.2857142857142857,0.9749279121818236,-0.22252093395631434,0.49999999999999994,-0.8660254037844387,0.0
HOBBIES_0027_CA_1_validation,d_104,0.0,0.0,1.0,0.0,0.0,1.0,0.0,0.2857142857142857,0.2857142857142857,0.43388373911755823,-0.900968867902419,0.49999999999999994,-0.8660254037844387,0.0
HOBBIES_0027_CA_1_validation,d_105,0.0,0.0,0.0,1.0,0.0,0.0,1.0,0.2857142857142857,0.2857142857142857,-0.433883739117558,-0.9009688679024191,0.49999999999999994,-0.8660254037844387,0.0
HOBBIES_0027_CA_1_validation,d_106,0.0,0.0,0.0,0.0,1.0,0.0,0.0,0.14285714285714285,0.2857142857142857,-0.9749279121818236,-0.2225209339563146,0.49999999999999994,-0.8660254037844387,0.0
HOBBIES_0027_CA_1_validation,d_107,0.0,0.0,0.0,0.0,0.0,1.0,0.0,0.14285714285714285,0.2857142857142857,-0.7818314824680299,0.6234898018587334,0.49999999999999994,-0.8660254037844387,1.0
HOBBIES_0027_CA_1_validation,d_108,1.0,0.0,0.0,0.0,0.0,0.0,1.0,0.2857142857142857,0.2857142857142857,0.0,1.0,0.49999999999999994,-0.8660254037844387,0.0
HOBBIES_0027_CA_1_validation,d_109,0.0,1.0,0.0,0.0,0.0,0.0,0.0,0.14285714285714285,0.2857142857142857,0.7818314824680298,0.6234898018587336,0.49999999999999994,-0.8660254037844387,0.0
HOBBIES_0027_CA_1_validation,d_110,0.0,0.0,1.0,0.0,0.0,0.0,0.0,0.14285714285714285,0.21428571428571427,0.9749279121818236,-0.22252093395631434,0.49999999999999994,-0.8660254037844387,0.0
HOBBIES_0027_CA_1_validation,d_111,0.0,0.0,0.0,1.0,0.0,0.0,0.0,0.14285714285714285,0.21428571428571427,0.43388373911755823,-0.900968867902419,0.49999999999999994,-0.8660254037844387,0.0
HOBBIES_0027_CA_1_validation,d_112,0.0,0.0,0.0,0.0,1.0,0.0,0.0,0.14285714285714285,0.21428571428571427,-0.433883739117558,-0.9009688679024191,0.49999999999999994,-0.8660254037844387,0.0
HOBBIES_0027_CA_1_validation,d_113,0.0,0.0,0.0,0.0,0.0,1.0,0.0,0.14285714285714285,0.14285714285714285,-0.9749279121818236,-0.2225209339563146,0.49999999999999994,-0.8660254037844387,0.0
HOBBIES_0027_CA_1_validation,d_114,0.0,0.0,0.0,0.0,0.0,0.0,1.0,0.14285714285714285,0.14285714285714285,-0.7818314824680299,0.6234898018587334,0.49999999999999994,-0.8660254037844387,0.0
HOBBIES_0027_CA_1_validation,d_115,0.0,0.0,0.0,0.0,0.0,0.0,0.0,0.0,0.14285714285714285,0.0,1.0,0.49999999999999994,-0.8660254037844387,1.0
HOBBIES_0027_CA_1_validation,d_116,1.0,0.0,0.0,0.0,0.0,0.0,0.0,0.14285714285714285,0.14285714285714285,0.7818314824680298,0.6234898018587336,0.49999999999999994,-0.8660254037844387,0.0
HOUSEHOLD_0041_TX_3_validation,d_50,0.0,0.0,0.0,0.0,1.0,1.0,0.0,0.2857142857142857,0.35714285714285715,-0.9749279121818236,-0.2225209339563146,1.0,6.123233995736766e-17,0.0
HOUSEHOLD_0041_TX_3_validation,d_51,0.0,0.0,0.0,0.0,0.0,1.0,1.0,0.2857142857142857,0.35714285714285715,-0.7818314824680299,0.6234898018587334,1.0,6.123233995736766e-17,1.0
HOUSEHOLD_0041_TX_3_validation,d_52,1.0,0.0,0.0,0.0,0.0,0.0,1.0,0.2857142857142857,0.35714285714285715,0.0,1.0,1.0,6.123233995736766e-17,0.0
HOUSEHOLD_0041_TX_3_validation,d_53,0.0,1.0,0.0,0.0,0.0,0.0,0.0,0.14285714285714285,0.21428571428571427,0.7818314824680298,0.6234898018587336,1.0,6.123233995736766e-17,0.0
HOUSEHOLD_0041_TX_3_validation,d_54,0.0,0.0,1.0,0.0,0.0,0.0,0.0,0.14285714285714285,0.21428571428571427,0.9749279121818236,-0.22252093395631434,1.0,6.123233995736766e-17,0.0
HOUSEHOLD_0041_TX_3_validation,d_55,0.0,0.0,0.0,1.0,0.0,0.0,0.0,0.14285714285714285,0.21428571428571427,0.43388373911755823,-0.900968867902419,1.0,6.123233995736766e-17,0.0
HOUSEHOLD_0041_TX_3_validation,d_56,0.0,0.0,0.0,0.0,1.0,0.0,0.0,0.14285714285714285,0.21428571428571427,-0.433883739117558,-0.9009688679024191,1.0,6.123233995736766e-17,0.0
HOUSEHOLD_0041_TX_3_validation,d_57,0.0,0.0,0.0,0.0,0.0,1.0,0.0,0.14285714285714285,0.21428571428571427,-0.9749279121818236,-0.2225209339563146,1.0,6.123233995736766e-17,0.0
HOUSEHOLD_0041_TX_3_validation,d_58,0.0,0.0,0.0,0.0,0.0,0.0,1.0,0.14285714285714285,0.21428571428571427,-0.7818314824680299,0.6234898018587334,1.0,6.123233995736766e-17,0.0
HOUSEHOLD_0041_TX_3_validation,d_59,0.0,0.0,0.0,0.0,0.0,0.0,0.0,0.0,0.14285714285714285,0.0,1.0,1.0,6.123233995736766e-17,4.0
HOUSEHOLD_0041_TX_3_validation,d_60,4.0,0.0,0.0,0.0,0.0,0.0,0.0,0.5714285714285714,0.35714285714285715,0.7818314824680298,0.6234898018587336,1.0,6.123233995736766e-17,0.0
HOUSEHOLD_0041_TX_3_validation,d_61,0.0,4.0,0.0,0.0,0.0,0.0,0.0,0.5714285714285714,0.35714285714285715,0.9749279121818236,-0.22252093395631434,1.0,6.123233995736766e-17,1.0
HOUSEHOLD_0041_TX_3_validation,d_62,1.0,0.0,4.0,0.0,0.0,0.0,0.0,0.7142857142857143,0.42857142857142855,0.43388373911755823,-0.900968867902419,1.0,6.123233995736766e-17,0.0
HOUSEHOLD_0041_TX_3_validation,d_63,0.0,1.0,0.0,4.0,0.0,0.0,0.0,0.7142857142857143,0.42857142857142855,-0.433883739117558,-0.9009688679024191,0.8660254037844387,-0.4999999999999998,0.0
HOUSEHOLD_0041_TX_3_validation,d_64,0.0,0.0,1.0,0.0,4.0,0.0,0.0,0.7142857142857143,0.42857142857142855,-0.9749279121818236,-0.2225209339563146,0.8660254037844387,-0.4999999999999998,0.0
HOUSEHOLD_0041_TX_3_validation,d_65,0.0,0.0,0.0,1.0,0.0,4.0,0.0,0.7142857142857143,0.42857142857142855,-0.7818314824680299,0.6234898018587334,0.8660254037844387,-0.4999999999999998,1.0
HOUSEHOLD_0041_TX_3_validation,d_66,1.0,0.0,0.0,0.0,1.0,0.0,4.0,0.8571428571428571,0.42857142857142855,0.0,1.0,0.8660254037844387,-0.4999999999999998,1.0
HOUSEHOLD_0041_TX_3_validation,d_67,1.0,1.0,0.0,0.0,0.0,1.0,0.0,0.42857142857142855,0.5,0.7818314824680298,0.6234898018587336,0.8660254037844387,-0.4999999999999998,3.0
HOUSEHOLD_0041_TX_3_validation,d_68,3.0,1.0,1.0,0.0,0.0,0.0,1.0,0.8571428571428571,0.7142857142857143,0.9749279121818236,-0.22252093395631434,0.8660254037844387,-0.4999999999999998,1.0
HOUSEHOLD_0041_TX_3_validation,d_69,1.0,3.0,1.0,1.0,0.0,0.0,0.0,0.8571428571428571,0.7857142857142857,0.43388373911755823,-0.900968867902419,0.8660254037844387,-0.4999999999999998,0.0
HOUSEHOLD_0041_TX_3_validation,d_70,0.0,1.0,3.0,1.0,1.0,0.0,0.0,0.8571428571428571,0.7857142857142857,-0.433883739117558,-0.9009688679024191,0.8660254037844387,-0.4999999999999998,0.0
HOUSEHOLD_0041_TX_3_validation,d_71,0.0,0.0,1.0,3.0,1.0,1.0,0.0,0.8571428571428571,0.7857142857142857,-0.9749279121818236,-0.2225209339563146,0.8660254037844387,-0.4999999999999998,0.0
HOUSEHOLD_0041_TX_3_validation,d_72,0.0,0.0,0.0,1.0,3.0,1.0,1.0,0.8571428571428571,0.7857142857142857,-0.7818314824680299,0.6234898018587334,0.8660254037844387,-0.4999999999999998,0.0
HOUSEHOLD_0041_TX_3_validation,d_73,0.0,0.0,0.0,0.0,1.0,3.0,1.0,0.7142857142857143,0.7857142857142857,0.0,1.0,0.8660254037844387,-0.4999999999999998,1.0
HOUSEHOLD_0041_TX_3_validation,d_74,1.0,0.0,0.0,0.0,0.0,1.0,3.0,0.7142857142857143,0.5714285714285714,0.7818314824680298,0.6234898018587336,0.8660254037844387,-0.4999999999999998,1.0
HOUSEHOLD_0041_TX_3_validation,d_75,1.0,1.0,0.0,0.0,0.0,0.0,1.0,0.42857142857142855,0.6428571428571429,0.9749279121818236,-0.22252093395631434,0.8660254037844387,-0.4999999999999998,0.0
HOUSEHOLD_0041_TX_3_validation,d_76,0.0,1.0,1.0,0.0,0.0,0.0,0.0,0.2857142857142857,0.5714285714285714,0.43388373911755823,-0.900968867902419,0.8660254037844387,-0.4999999999999998,0.0
HOUSEHOLD_0041_TX_3_validation,d_77,0.0,0.0,1.0,1.0,0.0,0.0,0.0,0.2857142857142857,0.5714285714285714,-0.433883739117558,-0.9009688679024191,0.8660254037844387,-0.4999999999999998,0.0
HOUSEHOLD_0041_TX_3_validation,d_78,0.0,0.0,0.0,1.0,1.0,0.0,0.0,0.2857142857142857,0.5714285714285714,-0.9749279121818236,-0.2225209339563146,0.8660254037844387,-0.4999999999999998,1.0
HOUSEHOLD_0041_TX_3_validation,d_79,1.0,0.0,0.0,0.0,1.0,1.0,0.0,0.42857142857142855,0.6428571428571429,-0.7818314824680299,0.6234898018587334,0.8660254037844387,-0.4999999999999998,1.0
HOUSEHOLD_0041_TX_3_validation,d_80,1.0,1.0,0.0,0.0,0.0,1.0,1.0,0.5714285714285714,0.6428571428571429,0.0,1.0,0.8660254037844387,-0.4999999999999998,1.0
HOUSEHOLD_0041_TX_3_validation,d_81,1.0,1.0,1.0,0.0,0.0,0.0,1.0,0.5714285714285714,0.6428571428571429,0.7818314824680298,0.6234898018587336,0.8660254037844387,-0.4999999999999998,0.0
HOUSEHOLD_0041_TX_3_validation,d_82,0.0,1.0,1.0,1.0,0.0,0.0,0.0,0.42857142857142855,0.42857142857142855,0.9749279121818236,-0.22252093395631434,0.8660254037844387,-0.4999999999999998,0.0
HOUSEHOLD_0041_TX_3_validation,d_83,0.0,0.0,1.0,1.0,1.0,0.0,0.0,0.42857142857142855,0.35714285714285715,0.43388373911755823,-0.900968867902419,0.8660254037844387,-0.4999999999999998,0.0
HOUSEHOLD_0041_TX_3_validation,d_84,0.0,0.0,0.0,1.0,1.0,1.0,0.0,0.42857142857142855,0.35714285714285715,-0.433883739117558,-0.9009688679024191,0.8660254037844387,-0.4999999999999998,0.0
HOUSEHOLD_0041_TX_3_validation,d_85,0.0,0.0,0.0,0.0,1.0,1.0,1.0,0.42857142857142855,0.35714285714285715,-0.9749279121818236,-0.2225209339563146,0.8660254037844387,-0.4999999999999998,0.0
HOUSEHOLD_0041_TX_3_validation,d_86,0.0,0.0,0.0,0.0,0.0,1.0,1.0,0.2857142857142857,0.35714285714285715,-0.7818314824680299,0.6234898018587334,0.8660254037844387,-0.4999999999999998,1.0
HOUSEHOLD_0041_TX_3_validation,d_87,1.0,0.0,0.0,0.0,0.0,0.0,1.0,0.2857142857142857,0.42857142857142855,0.0,1.0,0.8660254037844387,-0.4999999999999998,0.0
HOUSEHOLD_0041_TX_3_validation,d_88,0.0,1.0,0.0,0.0,0.0,0.0,0.0,0.14285714285714285,0.35714285714285715,0.7818314824680298,0.6234898018587336,0.8660254037844387,-0.4999999999999998,0.0
HOUSEHOLD_0041_TX_3_validation,d_89,0.0,0.0,1.0,0.0,0.0,0.0,0.0,0.14285714285714285,0.2857142857142857,0.9749279121818236,-0.22252093395631434,0.8660254037844387,-0.4999999999999998,0.0
HOUSEHOLD_0041_TX_3_validation,d_90,0.0,0.0,0.0,1.0,0.0,0.0,0.0,0.14285714285714285,0.2857142857142857,0.43388373911755823,-0.900968867902419,0.8660254037844387,-0.4999999999999998,0.0
HOUSEHOLD_0041_TX_3_validation,d_91,0.0,0.0,0.0,0.0,1.0,0.0,0.0,0.14285714285714285,0.2857142857142857,-0.433883739117558,-0.9009688679024191,0.8660254037844387,-0.4999999999999998,0.0
HOUSEHOLD_0041_TX_3_validation,d_92,0.0,0.0,0.0,0.0,0.0,1.0,0.0,0.14285714285714285,0.2857142857142857,-0.9749279121818236,-0.2225209339563146,0.8660254037844387,-0.4999999999999998,2.0
HOUSEHOLD_0041_TX_3_validation,d_93,2.0,0.0,0.0,0.0,0.0,0.0,1.0,0.42857142857142855,0.35714285714285715,-0.7818314824680299,0.6234898018587334,0.49999999999999994,-0.8660254037844387,1.0
HOUSEHOLD_0041_TX_3_validation,d_94,1.0,2.0,0.0,0.0,0.0,0.0,0.0,0.42857142857142855,0.35714285714285715,0.0,1.0,0.49999999999999994,-0.8660254037844387,1.0
HOUSEHOLD_0041_TX_3_validation,d_95,1.0,1.0,2.0,0.0,0.0,0.0,0.0,0.5714285714285714,0.35714285714285715,0.7818314824680298,0.6234898018587336,0.49999999999999994,-0.8660254037844387,0.0
HOUSEHOLD_0041_TX_3_validation,d_96,0.0,1.0,1.0,2.0,0.0,0.0,0.0,0.5714285714285714,0.35714285714285715,0.9749279121818236,-0.22252093395631434,0.49999999999999994,-0.8660254037844387,1.0
HOUSEHOLD_0041_TX_3_validation,d_97,1.0,0.0,1.0,1.0,2.0,0.0,0.0,0.7142857142857143,0.42857142857142855,0.43388373911755823,-0.900968867902419,0.49999999999999994,-0.8660254037844387,0.0
HOUSEHOLD_0041_TX_3_validation,d_98,0.0,1.0,0.0,1.0,1.0,2.0,0.0,0.7142857142857143,0.42857142857142855,-0.433883739117558,-0.9009688679024191,0.49999999999999994,-0.8660254037844387,0.0
HOUSEHOLD_0041_TX_3_validation,d_99,0.0,0.0,1.0,0.0,1.0,1.0,2.0,0.7142857142857143,0.42857142857142855,-0.9749279121818236,-0.2225209339563146,0.49999999999999994,-0.8660254037844387,1.0
HOUSEHOLD_0041_TX_3_validation,d_100,1.0,0.0,0.0,1.0,0.0,1.0,1.0,0.5714285714285714,0.5,-0.7818314824680299,0.6234898018587334,0.49999999999999994,-0.8660254037844387,1.0
HOUSEHOLD_0041_TX_3_validation,d_101,1.0,1.0,0.0,0.0,1.0,0.0,1.0,0.5714285714285714,0.5,0.0,1.0,0.49999999999999994,-0.8660254037844387,1.0
HOUSEHOLD_0041_TX_3_validation,d_102,1.0,1.0,1.0,0.0,0.0,1.0,0.0,0.5714285714285714,0.5714285714285714,0.7818314824680298,0.6234898018587336,0.49999999999999994,-0.8660254037844387,0.0
HOUSEHOLD_0041_TX_3_validation,d_103,0.0,1.0,1.0,1.0,0.0,0.0,1.0,0.5714285714285714,0.5714285714285714,0.9749279121818236,-0.22252093395631434,0.49999999999999994,-0.8660254037844387,0.0
HOUSEHOLD_0041_TX_3_validation,d_104,0.0,0.0,1.0,1.0,1.0,0.0,0.0,0.42857142857142855,0.5714285714285714,0.43388373911755823,-0.900968867902419,0.49999999999999994,-0.8660254037844387,0.0
HOUSEHOLD_0041_TX_3_validation,d_105,0.0,0.0,0.0,1.0,1.0,1.0,0.0,0.42857142857142855,0.5714285714285714,-0.433883739117558,-0.9009688679024191,0.49999999999999994,-0.8660254037844387,0.0
HOUSEHOLD_0041_TX_3_validation,d_106,0.0,0.0,0.0,0.0,1.0,1.0,1.0,0.42857142857142855,0.5714285714285714,-0.9749279121818236,-0.2225209339563146,0.49999999999999994,-0.8660254037844387,0.0
HOUSEHOLD_0041_TX_3_validation,d_107,0.0,0.0,0.0,0.0,0.0,1.0,1.0,0.2857142857142857,0.42857142857142855,-0.7818314824680299,0.6234898018587334,0.49999999999999994,-0.8660254037844387,2.0
HOUSEHOLD_0041_TX_3_validation,d_108,2.0,0.0,0.0,0.0,0.0,0.0,1.0,0.42857142857142855,0.5,0.0,1.0,0.49999999999999994,-0.8660254037844387,3.0
HOUSEHOLD_0041_TX_3_validation,d_109,3.0,2.0,0.0,0.0,0.0,0.0,0.0,0.7142857142857143,0.6428571428571429,0.7818314824680298,0.6234898018587336,0.49999999999999994,-0.8660254037844387,0.0
HOUSEHOLD_0041_TX_3_validation,d_110,0.0,3.0,2.0,0.0,0.0,0.0,0.0,0.7142857142857143,0.6428571428571429,0.9749279121818236,-0.22252093395631434,0.49999999999999994,-0.8660254037844387,0.0
HOUSEHOLD_0041_TX_3_validation,d_111,0.0,0.0,3.0,2.0,0.0,0.0,0.0,0.7142857142857143,0.5714285714285714,0.43388373911755823,-0.900968867902419,0.49999999999999994,-0.8660254037844387,0.0
HOUSEHOLD_0041_TX_3_validation,d_112,0.0,0.0,0.0,3.0,2.0,0.0,0.0,0.7142857142857143,0.5714285714285714,-0.433883739117558,-0.9009688679024191,0.49999999999999994,-0.8660254037844387,1.0
HOUSEHOLD_0041_TX_3_validation,d_113,1.0,0.0,0.0,0.0,3.0,2.0,0.0,0.8571428571428571,0.6428571428571429,-0.9749279121818236,-0.2225209339563146,0.49999999999999994,-0.8660254037844387,1.0
HOUSEHOLD_0041_TX_3_validation,d_114,1.0,1.0,0.0,0.0,0.0,3.0,2.0,1.0,0.6428571428571429,-0.7818314824680299,0.6234898018587334,0.49999999999999994,-0.8660254037844387,1.0
HOUSEHOLD_0041_TX_3_validation,d_115,1.0,1.0,1.0,0.0,0.0,0.0,3.0,0.8571428571428571,0.6428571428571429,0.0,1.0,0.49999999999999994,-0.8660254037844387,0.0
HOUSEHOLD_0041_TX_3_validation,d_116,0.0,1.0,1.0,1.0,0.0,0.0,0.0,0.42857142857142855,0.5714285714285714,0.7818314824680298,0.6234898018587336,0.49999999999999994,-0.8660254037844387,1.0
HOUSEHOLD_0044_WI_3_validation,d_50,2.0,1.0,1.0,2.0,1.0,1.0,0.0,1.1428571428571428,1.0714285714285714,-0.9749279121818236,-0.2225209339563146,1.0,6.123233995736766e-17,0.0
HOUSEHOLD_0044_WI_3_validation,d_51,0.0,2.0,1.0,1.0,2.0,1.0,1.0,1.1428571428571428,1.0,-0.7818314824680299,0.6234898018587334,1.0,6.123233995736766e-17,1.0
HOUSEHOLD_0044_WI_3_validation,d_52,1.0,0.0,2.0,1.0,1.0,2.0,1.0,1.1428571428571428,1.0714285714285714,0.0,1.0,1.0,6.123233995736766e-17,1.0
HOUSEHOLD_0044_WI_3_validation,d_53,1.0,1.0,0.0,2.0,1.0,1.0,2.0,1.1428571428571428,1.0714285714285714,0.7818314824680298,0.6234898018587336,1.0,6.123233995736766e-17,2.0
HOUSEHOLD_0044_WI_3_validation,d_54,2.0,1.0,1.0,0.0,2.0,1.0,1.0,1.1428571428571428,0.9285714285714286,0.9749279121818236,-0.22252093395631434,1.0,6.123233995736766e-17,0.0
HOUSEHOLD_0044_WI_3_validation,d_55,0.0,2.0,1.0,1.0,0.0,2.0,1.0,1.0,0.9285714285714286,0.43388373911755823,-0.900968867902419,1.0,6.123233995736766e-17,0.0
HOUSEHOLD_0044_WI_3_validation,d_56,0.0,0.0,2.0,1.0,1.0,0.0,2.0,0.8571428571428571,0.9285714285714286,-0.433883739117558,-0.9009688679024191,1.0,6.123233995736766e-17,2.0
HOUSEHOLD_0044_WI_3_validation,d_57,2.0,0.0,0.0,2.0,1.0,1.0,0.0,0.8571428571428571,1.0,-0.9749279121818236,-0.2225209339563146,1.0,6.123233995736766e-17,2.0
HOUSEHOLD_0044_WI_3_validation,d_58,2.0,2.0,0.0,0.0,2.0,1.0,1.0,1.1428571428571428,1.1428571428571428,-0.7818314824680299,0.6234898018587334,1.0,6.123233995736766e-17,1.0
HOUSEHOLD_0044_WI_3_validation,d_59,1.0,2.0,2.0,0.0,0.0,2.0,1.0,1.1428571428571428,1.1428571428571428,0.0,1.0,1.0,6.123233995736766e-17,1.0
HOUSEHOLD_0044_WI_3_validation,d_60,1.0,1.0,2.0,2.0,0.0,0.0,2.0,1.1428571428571428,1.1428571428571428,0.7818314824680298,0.6234898018587336,1.0,6.123233995736766e-17,0.0
HOUSEHOLD_0044_WI_3_validation,d_61,0.0,1.0,1.0,2.0,2.0,0.0,0.0,0.8571428571428571,1.0,0.9749279121818236,-0.22252093395631434,1.0,6.123233995736766e-17,2.0
HOUSEHOLD_0044_WI_3_validation,d_62,2.0,0.0,1.0,1.0,2.0,2.0,0.0,1.1428571428571428,1.0714285714285714,0.43388373911755823,-0.900968867902419,1.0,6.123233995736766e-17,1.0
HOUSEHOLD_0044_WI_3_validation,d_63,1.0,2.0,0.0,1.0,1.0,2.0,2.0,1.2857142857142858,1.0714285714285714,-0.433883739117558,-0.9009688679024191,0.8660254037844387,-0.4999999999999998,0.0
HOUSEHOLD_0044_WI_3_validation,d_64,0.0,1.0,2.0,0.0,1.0,1.0,2.0,1.0,0.9285714285714286,-0.9749279121818236,-0.2225209339563146,0.8660254037844387,-0.4999999999999998,0.0
HOUSEHOLD_0044_WI_3_validation,d_65,0.0,0.0,1.0,2.0,0.0,1.0,1.0,0.7142857142857143,0.9285714285714286,-0.7818314824680299,0.6234898018587334,0.8660254037844387,-0.4999999999999998,2.0
HOUSEHOLD_0044_WI_3_validation,d_66,2.0,0.0,0.0,1.0,2.0,0.0,1.0,0.8571428571428571,1.0,0.0,1.0,0.8660254037844387,-0.4999999999999998,2.0
HOUSEHOLD_0044_WI_3_validation,d_67,2.0,2.0,0.0,0.0,1.0,2.0,0.0,1.0,1.0714285714285714,0.7818314824680298,0.6234898018587336,0.8660254037844387,-0.4999999999999998,0.0
HOUSEHOLD_0044_WI_3_validation,d_68,0.0,2.0,2.0,0.0,0.0,1.0,2.0,1.0,0.9285714285714286,0.9749279121818236,-0.22252093395631434,0.8660254037844387,-0.4999999999999998,0.0
HOUSEHOLD_0044_WI_3_validation,d_69,0.0,0.0,2.0,2.0,0.0,0.0,1.0,0.7142857142857143,0.9285714285714286,0.43388373911755823,-0.900968867902419,0.8660254037844387,-0.4999999999999998,1.0
HOUSEHOLD_0044_WI_3_validation,d_70,1.0,0.0,0.0,2.0,2.0,0.0,0.0,0.7142857142857143,1.0,-0.433883739117558,-0.9009688679024191,0.8660254037844387,-0.4999999999999998,0.0
HOUSEHOLD_0044_WI_3_validation,d_71,0.0,1.0,0.0,0.0,2.0,2.0,0.0,0.7142857142857143,0.8571428571428571,-0.9749279121818236,-0.2225209339563146,0.8660254037844387,-0.4999999999999998,0.0
HOUSEHOLD_0044_WI_3_validation,d_72,0.0,0.0,1.0,0.0,0.0,2.0,2.0,0.7142857142857143,0.7142857142857143,-0.7818314824680299,0.6234898018587334,0.8660254037844387,-0.4999999999999998,1.0
HOUSEHOLD_0044_WI_3_validation,d_73,1.0,0.0,0.0,1.0,0.0,0.0,2.0,0.5714285714285714,0.7142857142857143,0.0,1.0,0.8660254037844387,-0.4999999999999998,2.0
HOUSEHOLD_0044_WI_3_validation,d_74,2.0,1.0,0.0,0.0,1.0,0.0,0.0,0.5714285714285714,0.7857142857142857,0.7818314824680298,0.6234898018587336,0.8660254037844387,-0.4999999999999998,0.0
HOUSEHOLD_0044_WI_3_validation,d_75,0.0,2.0,1.0,0.0,0.0,1.0,0.0,0.5714285714285714,0.7857142857142857,0.9749279121818236,-0.22252093395631434,0.8660254037844387,-0.4999999999999998,1.0
HOUSEHOLD_0044_WI_3_validation,d_76,1.0,0.0,2.0,1.0,0.0,0.0,1.0,0.7142857142857143,0.7142857142857143,0.43388373911755823,-0.900968867902419,0.8660254037844387,-0.4999999999999998,0.0
HOUSEHOLD_0044_WI_3_validation,d_77,0.0,1.0,0.0,2.0,1.0,0.0,0.0,0.5714285714285714,0.6428571428571429,-0.433883739117558,-0.9009688679024191,0.8660254037844387,-0.4999999999999998,0.0
HOUSEHOLD_0044_WI_3_validation,d_78,0.0,0.0,1.0,0.0,2.0,1.0,0.0,0.5714285714285714,0.6428571428571429,-0.9749279121818236,-0.2225209339563146,0.8660254037844387,-0.4999999999999998,2.0
HOUSEHOLD_0044_WI_3_validation,d_79,2.0,0.0,0.0,1.0,0.0,2.0,1.0,0.8571428571428571,0.7857142857142857,-0.7818314824680299,0.6234898018587334,0.8660254037844387,-0.4999999999999998,1.0
HOUSEHOLD_0044_WI_3_validation,d_80,1.0,2.0,0.0,0.0,1.0,0.0,2.0,0.8571428571428571,0.7142857142857143,0.0,1.0,0.8660254037844387,-0.4999999999999998,0.0
HOUSEHOLD_0044_WI_3_validation,d_81,0.0,1.0,2.0,0.0,0.0,1.0,0.0,0.5714285714285714,0.5714285714285714,0.7818314824680298,0.6234898018587336,0.8660254037844387,-0.4999999999999998,0.0
HOUSEHOLD_0044_WI_3_validation,d_82,0.0,0.0,1.0,2.0,0.0,0.0,1.0,0.5714285714285714,0.5714285714285714,0.9749279121818236,-0.22252093395631434,0.8660254037844387,-0.4999999999999998,0.0
HOUSEHOLD_0044_WI_3_validation,d_83,0.0,0.0,0.0,1.0,2.0,0.0,0.0,0.42857142857142855,0.5714285714285714,0.43388373911755823,-0.900968867902419,0.8660254037844387,-0.4999999999999998,0.0
HOUSEHOLD_0044_WI_3_validation,d_84,0.0,0.0,0.0,0.0,1.0,2.0,0.0,0.42857142857142855,0.5,-0.433883739117558,-0.9009688679024191,0.8660254037844387,-0.4999999999999998,2.0
HOUSEHOLD_0044_WI_3_validation,d_85,2.0,0.0,0.0,0.0,0.0,1.0,2.0,0.7142857142857143,0.6428571428571429,-0.9749279121818236,-0.2225209339563146,0.8660254037844387,-0.4999999999999998,2.0
HOUSEHOLD_0044_WI_3_validation,d_86,2.0,2.0,0.0,0.0,0.0,0.0,1.0,0.7142857142857143,0.7857142857142857,-0.7818314824680299,0.6234898018587334,0.8660254037844387,-0.4999999999999998,2.0
HOUSEHOLD_0044_WI_3_validation,d_87,2.0,2.0,2.0,0.0,0.0,0.0,0.0,0.8571428571428571,0.8571428571428571,0.0,1.0,0.8660254037844387,-0.4999999999999998,3.0
HOUSEHOLD_0044_WI_3_validation,d_88,3.0,2.0,2.0,2.0,0.0,0.0,0.0,1.2857142857142858,0.9285714285714286,0.7818314824680298,0.6234898018587336,0.8660254037844387,-0.4999999999999998,1.0
HOUSEHOLD_0044_WI_3_validation,d_89,1.0,3.0,2.0,2.0,2.0,0.0,0.0,1.4285714285714286,1.0,0.9749279121818236,-0.22252093395631434,0.8660254037844387,-0.4999999999999998,0.0
HOUSEHOLD_0044_WI_3_validation,d_90,0.0,1.0,3.0,2.0,2.0,2.0,0.0,1.4285714285714286,0.9285714285714286,0.43388373911755823,-0.900968867902419,0.8660254037844387,-0.4999999999999998,0.0
HOUSEHOLD_0044_WI_3_validation,d_91,0.0,0.0,1.0,3.0,2.0,2.0,2.0,1.4285714285714286,0.9285714285714286,-0.433883739117558,-0.9009688679024191,0.8660254037844387,-0.4999999999999998,1.0
HOUSEHOLD_0044_WI_3_validation,d_92,1.0,0.0,0.0,1.0,3.0,2.0,2.0,1.2857142857142858,1.0,-0.9749279121818236,-0.2225209339563146,0.8660254037844387,-0.4999999999999998,0.0
HOUSEHOLD_0044_WI_3_validation,d_93,0.0,1.0,0.0,0.0,1.0,3.0,2.0,1.0,0.8571428571428571,-0.7818314824680299,0.6234898018587334,0.49999999999999994,-0.8660254037844387,2.0
HOUSEHOLD_0044_WI_3_validation,d_94,2.0,0.0,1.0,0.0,0.0,1.0,3.0,1.0,0.9285714285714286,0.0,1.0,0.49999999999999994,-0.8660254037844387,3.0
HOUSEHOLD_0044_WI_3_validation,d_95,3.0,2.0,0.0,1.0,0.0,0.0,1.0,1.0,1.1428571428571428,0.7818314824680298,0.6234898018587336,0.49999999999999994,-0.8660254037844387,2.0
HOUSEHOLD_0044_WI_3_validation,d_96,2.0,3.0,2.0,0.0,1.0,0.0,0.0,1.1428571428571428,1.2857142857142858,0.9749279121818236,-0.22252093395631434,0.49999999999999994,-0.8660254037844387,0.0
HOUSEHOLD_0044_WI_3_validation,d_97,0.0,2.0,3.0,2.0,0.0,1.0,0.0,1.1428571428571428,1.2857142857142858,0.43388373911755823,-0.900968867902419,0.49999999999999994,-0.8660254037844387,0.0
HOUSEHOLD_0044_WI_3_validation,d_98,0.0,0.0,2.0,3.0,2.0,0.0,1.0,1.1428571428571428,1.2857142857142858,-0.433883739117558,-0.9009688679024191,0.49999999999999994,-0.8660254037844387,1.0
HOUSEHOLD_0044_WI_3_validation,d_99,1.0,0.0,0.0,2.0,3.0,2.0,0.0,1.1428571428571428,1.2142857142857142,-0.9749279121818236,-0.2225209339563146,0.49999999999999994,-0.8660254037844387,0.0
HOUSEHOLD_0044_WI_3_validation,d_100,0.0,1.0,0.0,0.0,2.0,3.0,2.0,1.1428571428571428,1.0714285714285714,-0.7818314824680299,0.6234898018587334,0.49999999999999994,-0.8660254037844387,1.0
HOUSEHOLD_0044_WI_3_validation,d_101,1.0,0.0,1.0,0.0,0.0,2.0,3.0,1.0,1.0,0.0,1.0,0.49999999999999994,-0.8660254037844387,4.0
HOUSEHOLD_0044_WI_3_validation,d_102,4.0,1.0,0.0,1.0,0.0,0.0,2.0,1.1428571428571428,1.0714285714285714,0.7818314824680298,0.6234898018587336,0.49999999999999994,-0.8660254037844387,4.0
HOUSEHOLD_0044_WI_3_validation,d_103,4.0,4.0,1.0,0.0,1.0,0.0,0.0,1.4285714285714286,1.2857142857142858,0.9749279121818236,-0.22252093395631434,0.49999999999999994,-0.8660254037844387,0.0
HOUSEHOLD_0044_WI_3_validation,d_104,0.0,4.0,4.0,1.0,0.0,1.0,0.0,1.4285714285714286,1.2857142857142858,0.43388373911755823,-0.900968867902419,0.49999999999999994,-0.8660254037844387,0.0
HOUSEHOLD_0044_WI_3_validation,d_105,0.0,0.0,4.0,4.0,1.0,0.0,1.0,1.4285714285714286,1.2857142857142858,-0.433883739117558,-0.9009688679024191,0.49999999999999994,-0.8660254037844387,1.0
HOUSEHOLD_0044_WI_3_validation,d_106,1.0,0.0,0.0,4.0,4.0,1.0,0.0,1.4285714285714286,1.2857142857142858,-0.9749279121818236,-0.2225209339563146,0.49999999999999994,-0.8660254037844387,1.0
HOUSEHOLD_0044_WI_3_validation,d_107,1.0,1.0,0.0,0.0,4.0,4.0,1.0,1.5714285714285714,1.3571428571428572,-0.7818314824680299,0.6234898018587334,0.49999999999999994,-0.8660254037844387,2.0
HOUSEHOLD_0044_WI_3_validation,d_108,2.0,1.0,1.0,0.0,0.0,4.0,4.0,1.7142857142857142,1.3571428571428572,0.0,1.0,0.49999999999999994,-0.8660254037844387,0.0
HOUSEHOLD_0044_WI_3_validation,d_109,0.0,2.0,1.0,1.0,0.0,0.0,4.0,1.1428571428571428,1.1428571428571428,0.7818314824680298,0.6234898018587336,0.49999999999999994,-0.8660254037844387,2.0
HOUSEHOLD_0044_WI_3_validation,d_110,2.0,0.0,2.0,1.0,1.0,0.0,0.0,0.8571428571428571,1.1428571428571428,0.9749279121818236,-0.22252093395631434,0.49999999999999994,-0.8660254037844387,0.0
HOUSEHOLD_0044_WI_3_validation,d_111,0.0,2.0,0.0,2.0,1.0,1.0,0.0,0.8571428571428571,1.1428571428571428,0.43388373911755823,-0.900968867902419,0.49999999999999994,-0.8660254037844387,1.0
HOUSEHOLD_0044_WI_3_validation,d_112,1.0,0.0,2.0,0.0,2.0,1.0,1.0,1.0,1.2142857142857142,-0.433883739117558,-0.9009688679024191,0.49999999999999994,-0.8660254037844387,0.0
HOUSEHOLD_0044_WI_3_validation,d_113,0.0,1.0,0.0,2.0,0.0,2.0,1.0,0.8571428571428571,1.1428571428571428,-0.9749279121818236,-0.2225209339563146,0.49999999999999994,-0.8660254037844387,2.0
HOUSEHOLD_0044_WI_3_validation,d_114,2.0,0.0,1.0,0.0,2.0,0.0,2.0,1.0,1.2857142857142858,-0.7818314824680299,0.6234898018587334,0.49999999999999994,-0.8660254037844387,2.0
HOUSEHOLD_0044_WI_3_validation,d_115,2.0,2.0,0.0,1.0,0.0,2.0,0.0,1.0,1.3571428571428572,0.0,1.0,0.49999999999999994,-0.8660254037844387,3.0
HOUSEHOLD_0044_WI_3_validation,d_116,3.0,2.0,2.0,0.0,1.0,0.0,2.0,1.4285714285714286,1.2857142857142858,0.7818314824680298,0.6234898018587336,0.49999999999999994,-0.8660254037844387,1.0
FOODS_0046_CA_2_validation,d_50,0.0,0.0,0.0,0.0,1.0,0.0,1.0,0.2857142857142857,0.21428571428571427,-0.9749279121818236,-0.2225209339563146,1.0,6.123233995736766e-17,0.0
FOODS_0046_CA_2_validation,d_51,0.0,0.0,0.0,0.0,0.0,1.0,0.0,0.14285714285714285,0.21428571428571427,-0.7818314824680299,0.6234898018587334,1.0,6.123233995736766e-17,1.0
FOODS_0046_CA_2_validation,d_52,1.0,0.0,0.0,0.0,0.0,0.0,1.0,0.2857142857142857,0.2857142857142857,0.0,1.0,1.0,6.123233995736766e-17,1.0
FOODS_0046_CA_2_validation,d_53,1.0,1.0,0.0,0.0,0.0,0.0,0.0,0.2857142857142857,0.35714285714285715,0.7818314824680298,0.6234898018587336,1.0,6.123233995736766e-17,0.0
FOODS_0046_CA_2_validation,d_54,0.0,1.0,1.0,0.0,0.0,0.0,0.0,0.2857142857142857,0.35714285714285715,0.9749279121818236,-0.22252093395631434,1.0,6.123233995736766e-17,0.0
FOODS_0046_CA_2_validation,d_55,0.0,0.0,1.0,1.0,0.0,0.0,0.0,0.2857142857142857,0.2857142857142857,0.43388373911755823,-0.900968867902419,1.0,6.123233995736766e-17,0.0
FOODS_0046_CA_2_validation,d_56,0.0,0.0,0.0,1.0,1.0,0.0,0.0,0.2857142857142857,0.2857142857142857,-0.433883739117558,-0.9009688679024191,1.0,6.123233995736766e-17,0.0
FOODS_0046_CA_2_validation,d_57,0.0,0.0,0.0,0.0,1.0,1.0,0.0,0.2857142857142857,0.2857142857142857,-0.9749279121818236,-0.2225209339563146,1.0,6.123233995736766e-17,0.0
FOODS_0046_CA_2_validation,d_58,0.0,0.0,0.0,0.0,0.0,1.0,1.0,0.2857142857142857,0.21428571428571427,-0.7818314824680299,0.6234898018587334,1.0,6.123233995736766e-17,0.0
FOODS_0046_CA_2_validation,d_59,0.0,0.0,0.0,0.0,0.0,0.0,1.0,0.14285714285714285,0.21428571428571427,0.0,1.0,1.0,6.123233995736766e-17,0.0
FOODS_0046_CA_2_validation,d_60,0.0,0.0,0.0,0.0,0.0,0.0,0.0,0.0,0.14285714285714285,0.7818314824680298,0.6234898018587336,1.0,6.123233995736766e-17,2.0
FOODS_0046_CA_2_validation,d_61,2.0,0.0,0.0,0.0,0.0,0.0,0.0,0.2857142857142857,0.2857142857142857,0.9749279121818236,-0.22252093395631434,1.0,6.123233995736766e-17,1.0
FOODS_0046_CA_2_validation,d_62,1.0,2.0,0.0,0.0,0.0,0.0,0.0,0.42857142857142855,0.35714285714285715,0.43388373911755823,-0.900968867902419,1.0,6.123233995736766e-17,1.0
FOODS_0046_CA_2_validation,d_63,1.0,1.0,2.0,0.0,0.0,0.0,0.0,0.5714285714285714,0.42857142857142855,-0.433883739117558,-0.9009688679024191,0.8660254037844387,-0.4999999999999998,0.0
FOODS_0046_CA_2_validation,d_64,0.0,1.0,1.0,2.0,0.0,0.0,0.0,0.5714285714285714,0.42857142857142855,-0.9749279121818236,-0.2225209339563146,0.8660254037844387,-0.4999999999999998,0.0
FOODS_0046_CA_2_validation,d_65,0.0,0.0,1.0,1.0,2.0,0.0,0.0,0.5714285714285714,0.42857142857142855,-0.7818314824680299,0.6234898018587334,0.8660254037844387,-0.4999999999999998,2.0
FOODS_0046_CA_2_validation,d_66,2.0,0.0,0.0,1.0,1.0,2.0,0.0,0.8571428571428571,0.5,0.0,1.0,0.8660254037844387,-0.4999999999999998,2.0
FOODS_0046_CA_2_validation,d_67,2.0,2.0,0.0,0.0,1.0,1.0,2.0,1.1428571428571428,0.5714285714285714,0.7818314824680298,0.6234898018587336,0.8660254037844387,-0.4999999999999998,0.0
FOODS_0046_CA_2_validation,d_68,0.0,2.0,2.0,0.0,0.0,1.0,1.0,0.8571428571428571,0.5714285714285714,0.9749279121818236,-0.22252093395631434,0.8660254037844387,-0.4999999999999998,0.0
FOODS_0046_CA_2_validation,d_69,0.0,0.0,2.0,2.0,0.0,0.0,1.0,0.7142857142857143,0.5714285714285714,0.43388373911755823,-0.900968867902419,0.8660254037844387,-0.4999999999999998,0.0
FOODS_0046_CA_2_validation,d_70,0.0,0.0,0.0,2.0,2.0,0.0,0.0,0.5714285714285714,0.5714285714285714,-0.433883739117558,-0.9009688679024191,0.8660254037844387,-0.4999999999999998,0.0
FOODS_0046_CA_2_validation,d_71,0.0,0.0,0.0,0.0,2.0,2.0,0.0,0.5714285714285714,0.5714285714285714,-0.9749279121818236,-0.2225209339563146,0.8660254037844387,-0.4999999999999998,0.0
FOODS_0046_CA_2_validation,d_72,0.0,0.0,0.0,0.0,0.0,2.0,2.0,0.5714285714285714,0.5714285714285714,-0.7818314824680299,0.6234898018587334,0.8660254037844387,-0.4999999999999998,3.0
FOODS_0046_CA_2_validation,d_73,3.0,0.0,0.0,0.0,0.0,0.0,2.0,0.7142857142857143,0.7857142857142857,0.0,1.0,0.8660254037844387,-0.4999999999999998,3.0
FOODS_0046_CA_2_validation,d_74,3.0,3.0,0.0,0.0,0.0,0.0,0.0,0.8571428571428571,1.0,0.7818314824680298,0.6234898018587336,0.8660254037844387,-0.4999999999999998,0.0
FOODS_0046_CA_2_validation,d_75,0.0,3.0,3.0,0.0,0.0,0.0,0.0,0.8571428571428571,0.8571428571428571,0.9749279121818236,-0.22252093395631434,0.8660254037844387,-0.4999999999999998,0.0
FOODS_0046_CA_2_validation,d_76,0.0,0.0,3.0,3.0,0.0,0.0,0.0,0.8571428571428571,0.7857142857142857,0.43388373911755823,-0.900968867902419,0.8660254037844387,-0.4999999999999998,0.0
FOODS_0046_CA_2_validation,d_77,0.0,0.0,0.0,3.0,3.0,0.0,0.0,0.8571428571428571,0.7142857142857143,-0.433883739117558,-0.9009688679024191,0.8660254037844387,-0.4999999999999998,0.0
FOODS_0046_CA_2_validation,d_78,0.0,0.0,0.0,0.0,3.0,3.0,0.0,0.8571428571428571,0.7142857142857143,-0.9749279121818236,-0.2225209339563146,0.8660254037844387,-0.4999999999999998,0.0
FOODS_0046_CA_2_validation,d_79,0.0,0.0,0.0,0.0,0.0,3.0,3.0,0.8571428571428571,0.7142857142857143,-0.7818314824680299,0.6234898018587334,0.8660254037844387,-0.4999999999999998,0.0
FOODS_0046_CA_2_validation,d_80,0.0,0.0,0.0,0.0,0.0,0.0,3.0,0.42857142857142855,0.5714285714285714,0.0,1.0,0.8660254037844387,-0.4999999999999998,0.0
FOODS_0046_CA_2_validation,d_81,0.0,0.0,0.0,0.0,0.0,0.0,0.0,0.0,0.42857142857142855,0.7818314824680298,0.6234898018587336,0.8660254037844387,-0.4999999999999998,0.0
FOODS_0046_CA_2_validation,d_82,0.0,0.0,0.0,0.0,0.0,0.0,0.0,0.0,0.42857142857142855,0.9749279121818236,-0.22252093395631434,0.8660254037844387,-0.4999999999999998,0.0
FOODS_0046_CA_2_validation,d_83,0.0,0.0,0.0,0.0,0.0,0.0,0.0,0.0,0.42857142857142855,0.43388373911755823,-0.900968867902419,0.8660254037844387,-0.4999999999999998,0.0
FOODS_0046_CA_2_validation,d_84,0.0,0.0,0.0,0.0,0.0,0.0,0.0,0.0,0.42857142857142855,-0.433883739117558,-0.9009688679024191,0.8660254037844387,-0.4999999999999998,0.0
FOODS_0046_CA_2_validation,d_85,0.0,0.0,0.0,0.0,0.0,0.0,0.0,0.0,0.42857142857142855,-0.9749279121818236,-0.2225209339563146,0.8660254037844387,-0.4999999999999998,0.0
FOODS_0046_CA_2_validation,d_86,0.0,0.0,0.0,0.0,0.0,0.0,0.0,0.0,0.42857142857142855,-0.7818314824680299,0.6234898018587334,0.8660254037844387,-0.4999999999999998,0.0
FOODS_0046_CA_2_validation,d_87,0.0,0.0,0.0,0.0,0.0,0.0,0.0,0.0,0.21428571428571427,0.0,1.0,0.8660254037844387,-0.4999999999999998,0.0
FOODS_0046_CA_2_validation,d_88,0.0,0.0,0.0,0.0,0.0,0.0,0.0,0.0,0.0,0.7818314824680298,0.6234898018587336,0.8660254037844387,-0.4999999999999998,1.0
FOODS_0046_CA_2_validation,d_89,1.0,0.0,0.0,0.0,0.0,0.0,0.0,0.14285714285714285,0.07142857142857142,0.9749279121818236,-0.22252093395631434,0.8660254037844387,-0.4999999999999998,0.0
FOODS_0046_CA_2_validation,d_90,0.0,1.0,0.0,0.0,0.0,0.0,0.0,0.14285714285714285,0.07142857142857142,0.43388373911755823,-0.900968867902419,0.8660254037844387,-0.4999999999999998,0.0
FOODS_0046_CA_2_validation,d_91,0.0,0.0,1.0,0.0,0.0,0.0,0.0,0.14285714285714285,0.07142857142857142,-0.433883739117558,-0.9009688679024191,0.8660254037844387,-0.4999999999999998,0.0
FOODS_0046_CA_2_validation,d_92,0.0,0.0,0.0,1.0,0.0,0.0,0.0,0.14285714285714285,0.07142857142857142,-0.9749279121818236,-0.2225209339563146,0.8660254037844387,-0.4999999999999998,3.0
FOODS_0046_CA_2_validation,d_93,3.0,0.0,0.0,0.0,1.0,0.0,0.0,0.5714285714285714,0.2857142857142857,-0.7818314824680299,0.6234898018587334,0.49999999999999994,-0.8660254037844387,0.0
FOODS_0046_CA_2_validation,d_94,0.0,3.0,0.0,0.0,0.0,1.0,0.0,0.5714285714285714,0.2857142857142857,0.0,1.0,0.49999999999999994,-0.8660254037844387,1.0
FOODS_0046_CA_2_validation,d_95,1.0,0.0,3.0,0.0,0.0,0.0,1.0,0.7142857142857143,0.35714285714285715,0.7818314824680298,0.6234898018587336,0.49999999999999994,-0.8660254037844387,1.0
FOODS_0046_CA_2_validation,d_96,1.0,1.0,0.0,3.0,0.0,0.0,0.0,0.7142857142857143,0.42857142857142855,0.9749279121818236,-0.22252093395631434,0.49999999999999994,-0.8660254037844387,2.0
FOODS_0046_CA_2_validation,d_97,2.0,1.0,1.0,0.0,3.0,0.0,0.0,1.0,0.5714285714285714,0.43388373911755823,-0.900968867902419,0.49999999999999994,-0.8660254037844387,1.0
FOODS_0046_CA_2_validation,d_98,1.0,2.0,1.0,1.0,0.0,3.0,0.0,1.1428571428571428,0.6428571428571429,-0.433883739117558,-0.9009688679024191,0.49999999999999994,-0.8660254037844387,1.0
FOODS_0046_CA_2_validation,d_99,1.0,1.0,2.0,1.0,1.0,0.0,3.0,1.2857142857142858,0.7142857142857143,-0.9749279121818236,-0.2225209339563146,0.49999999999999994,-0.8660254037844387,0.0
FOODS_0046_CA_2_validation,d_100,0.0,1.0,1.0,2.0,1.0,1.0,0.0,0.8571428571428571,0.7142857142857143,-0.7818314824680299,0.6234898018587334,0.49999999999999994,-0.8660254037844387,0.0
FOODS_0046_CA_2_validation,d_101,0.0,0.0,1.0,1.0,2.0,1.0,1.0,0.8571428571428571,0.7142857142857143,0.0,1.0,0.49999999999999994,-0.8660254037844387,0.0
FOODS_0046_CA_2_validation,d_102,0.0,0.0,0.0,1.0,1.0,2.0,1.0,0.7142857142857143,0.7142857142857143,0.7818314824680298,0.6234898018587336,0.49999999999999994,-0.8660254037844387,0.0
FOODS_0046_CA_2_validation,d_103,0.0,0.0,0.0,0.0,1.0,1.0,2.0,0.5714285714285714,0.6428571428571429,0.9749279121818236,-0.22252093395631434,0.49999999999999994,-0.8660254037844387,0.0
FOODS_0046_CA_2_validation,d_104,0.0,0.0,0.0,0.0,0.0,1.0,1.0,0.2857142857142857,0.6428571428571429,0.43388373911755823,-0.900968867902419,0.49999999999999994,-0.8660254037844387,0.0
FOODS_0046_CA_2_validation,d_105,0.0,0.0,0.0,0.0,0.0,0.0,1.0,0.14285714285714285,0.6428571428571429,-0.433883739117558,-0.9009688679024191,0.49999999999999994,-0.8660254037844387,0.0
FOODS_0046_CA_2_validation,d_106,0.0,0.0,0.0,0.0,0.0,0.0,0.0,0.0,0.6428571428571429,-0.9749279121818236,-0.2225209339563146,0.49999999999999994,-0.8660254037844387,0.0
FOODS_0046_CA_2_validation,d_107,0.0,0.0,0.0,0.0,0.0,0.0,0.0,0.0,0.42857142857142855,-0.7818314824680299,0.6234898018587334,0.49999999999999994,-0.8660254037844387,1.0
FOODS_0046_CA_2_validation,d_108,1.0,0.0,0.0,0.0,0.0,0.0,0.0,0.14285714285714285,0.5,0.0,1.0,0.49999999999999994,-0.8660254037844387,2.0
FOODS_0046_CA_2_validation,d_109,2.0,1.0,0.0,0.0,0.0,0.0,0.0,0.42857142857142855,0.5714285714285714,0.7818314824680298,0.6234898018587336,0.49999999999999994,-0.8660254037844387,0.0
FOODS_0046_CA_2_validation,d_110,0.0,2.0,1.0,0.0,0.0,0.0,0.0,0.42857142857142855,0.5,0.9749279121818236,-0.22252093395631434,0.49999999999999994,-0.8660254037844387,0.0
FOODS_0046_CA_2_validation,d_111,0.0,0.0,2.0,1.0,0.0,0.0,0.0,0.42857142857142855,0.35714285714285715,0.43388373911755823,-0.900968867902419,0.49999999999999994,-0.8660254037844387,0.0
FOODS_0046_CA_2_validation,d_112,0.0,0.0,0.0,2.0,1.0,0.0,0.0,0.42857142857142855,0.2857142857142857,-0.433883739117558,-0.9009688679024191,0.49999999999999994,-0.8660254037844387,0.0
FOODS_0046_CA_2_validation,d_113,0.0,0.0,0.0,0.0,2.0,1.0,0.0,0.42857142857142855,0.21428571428571427,-0.9749279121818236,-0.2225209339563146,0.49999999999999994,-0.8660254037844387,0.0
FOODS_0046_CA_2_validation,d_114,0.0,0.0,0.0,0.0,0.0,2.0,1.0,0.42857142857142855,0.21428571428571427,-0.7818314824680299,0.6234898018587334,0.49999999999999994,-0.8660254037844387,1.0
FOODS_0046_CA_2_validation,d_115,1.0,0.0,0.0,0.0,0.0,0.0,2.0,0.42857142857142855,0.2857142857142857,0.0,1.0,0.49999999999999994,-0.8660254037844387,2.0
FOODS_0046_CA_2_validation,d_116,2.0,1.0,0.0,0.0,0.0,0.0,0.0,0.42857142857142855,0.42857142857142855,0.7818314824680298,0.6234898018587336,0.49999999999999994,-0.8660254037844387,2.0
HOUSEHOLD_0056_CA_3_validation,d_50,0.0,0.0,0.0,0.0,0.0,0.0,0.0,0.0,0.35714285714285715,-0.9749279121818236,-0.2225209339563146,1.0,6.123233995736766e-17,0.0
HOUSEHOLD_0056_CA_3_validation,d_51,0.0,0.0,0.0,0.0,0.0,0.0,0.0,0.0,0.2857142857142857,-0.7818314824680299,0.6234898018587334,1.0,6.123233995736766e-17,0.0
HOUSEHOLD_0056_CA_3_validation,d_52,0.0,0.0,0.0,0.0,0.0,0.0,0.0,0.0,0.21428571428571427,0.0,1.0,1.0,6.123233995736766e-17,0.0
HOUSEHOLD_0056_CA_3_validation,d_53,0.0,0.0,0.0,0.0,0.0,0.0,0.0,0.0,0.07142857142857142,0.7818314824680298,0.6234898018587336,1.0,6.123233995736766e-17,1.0
HOUSEHOLD_0056_CA_3_validation,d_54,1.0,0.0,0.0,0.0,0.0,0.0,0.0,0.14285714285714285,0.14285714285714285,0.9749279121818236,-0.22252093395631434,1.0,6.123233995736766e-17,0.0
HOUSEHOLD_0056_CA_3_validation,d_55,0.0,1.0,0.0,0.0,0.0,0.0,0.0,0.14285714285714285,0.07142857142857142,0.43388373911755823,-0.900968867902419,1.0,6.123233995736766e-17,0.0
HOUSEHOLD_0056_CA_3_validation,d_56,0.0,0.0,1.0,0.0,0.0,0.0,0.0,0.14285714285714285,0.07142857142857142,-0.433883739117558,-0.9009688679024191,1.0,6.123233995736766e-17,0.0
HOUSEHOLD_0056_CA_3_validation,d_57,0.0,0.0,0.0,1.0,0.0,0.0,0.0,0.14285714285714285,0.07142857142857142,-0.9749279121818236,-0.2225209339563146,1.0,6.123233995736766e-17,1.0
HOUSEHOLD_0056_CA_3_validation,d_58,1.0,0.0,0.0,0.0,1.0,0.0,0.0,0.2857142857142857,0.14285714285714285,-0.7818314824680299,0.6234898018587334,1.0,6.123233995736766e-17,1.0
HOUSEHOLD_0056_CA_3_validation,d_59,1.0,1.0,0.0,0.0,0.0,1.0,0.0,0.42857142857142855,0.21428571428571427,0.0,1.0,1.0,6.123233995736766e-17,2.0
HOUSEHOLD_0056_CA_3_validation,d_60,2.0,1.0,1.0,0.0,0.0,0.0,1.0,0.7142857142857143,0.35714285714285715,0.7818314824680298,0.6234898018587336,1.0,6.123233995736766e-17,0.0
HOUSEHOLD_0056_CA_3_validation,d_61,0.0,2.0,1.0,1.0,0.0,0.0,0.0,0.5714285714285714,0.35714285714285715,0.9749279121818236,-0.22252093395631434,1.0,6.123233995736766e-17,0.0
HOUSEHOLD_0056_CA_3_validation,d_62,0.0,0.0,2.0,1.0,1.0,0.0,0.0,0.5714285714285714,0.35714285714285715,0.43388373911755823,-0.900968867902419,1.0,6.123233995736766e-17,0.0
HOUSEHOLD_0056_CA_3_validation,d_63,0.0,0.0,0.0,2.0,1.0,1.0,0.0,0.5714285714285714,0.35714285714285715,-0.433883739117558,-0.9009688679024191,0.8660254037844387,-0.4999999999999998,1.0
HOUSEHOLD_0056_CA_3_validation,d_64,1.0,0.0,0.0,0.0,2.0,1.0,1.0,0.7142857142857143,0.42857142857142855,-0.9749279121818236,-0.2225209339563146,0.8660254037844387,-0.4999999999999998,0.0
HOUSEHOLD_0056_CA_3_validation,d_65,0.0,1.0,0.0,0.0,0.0,2.0,1.0,0.5714285714285714,0.42857142857142855,-0.7818314824680299,0.6234898018587334,0.8660254037844387,-0.4999999999999998,0.0
HOUSEHOLD_0056_CA_3_validation,d_66,0.0,0.0,1.0,0.0,0.0,0.0,2.0,0.42857142857142855,0.42857142857142855,0.0,1.0,0.8660254037844387,-0.4999999999999998,0.0
HOUSEHOLD_0056_CA_3_validation,d_67,0.0,0.0,0.0,1.0,0.0,0.0,0.0,0.14285714285714285,0.42857142857142855,0.7818314824680298,0.6234898018587336,0.8660254037844387,-0.4999999999999998,0.0
HOUSEHOLD_0056_CA_3_validation,d_68,0.0,0.0,0.0,0.0,1.0,0.0,0.0,0.14285714285714285,0.35714285714285715,0.9749279121818236,-0.22252093395631434,0.8660254037844387,-0.4999999999999998,0.0
HOUSEHOLD_0056_CA_3_validation,d_69,0.0,0.0,0.0,0.0,0.0,1.0,0.0,0.14285714285714285,0.35714285714285715,0.43388373911755823,-0.900968867902419,0.8660254037844387,-0.4999999999999998,0.0
HOUSEHOLD_0056_CA_3_validation,d_70,0.0,0.0,0.0,0.0,0.0,0.0,1.0,0.14285714285714285,0.35714285714285715,-0.433883739117558,-0.9009688679024191,0.8660254037844387,-0.4999999999999998,0.0
HOUSEHOLD_0056_CA_3_validation,d_71,0.0,0.0,0.0,0.0,0.0,0.0,0.0,0.0,0.35714285714285715,-0.9749279121818236,-0.2225209339563146,0.8660254037844387,-0.4999999999999998,0.0
HOUSEHOLD_0056_CA_3_validation,d_72,0.0,0.0,0.0,0.0,0.0,0.0,0.0,0.0,0.2857142857142857,-0.7818314824680299,0.6234898018587334,0.8660254037844387,-0.4999999999999998,0.0
HOUSEHOLD_0056_CA_3_validation,d_73,0.0,0.0,0.0,0.0,0.0,0.0,0.0,0.0,0.21428571428571427,0.0,1.0,0.8660254037844387,-0.4999999999999998,0.0
HOUSEHOLD_0056_CA_3_validation,d_74,0.0,0.0,0.0,0.0,0.0,0.0,0.0,0.0,0.07142857142857142,0.7818314824680298,0.6234898018587336,0.8660254037844387,-0.4999999999999998,1.0
HOUSEHOLD_0056_CA_3_validation,d_75,1.0,0.0,0.0,0.0,0.0,0.0,0.0,0.14285714285714285,0.14285714285714285,0.9749279121818236,-0.22252093395631434,0.8660254037844387,-0.4999999999999998,0.0
HOUSEHOLD_0056_CA_3_validation,d_76,0.0,1.0,0.0,0.0,0.0,0.0,0.0,0.14285714285714285,0.14285714285714285,0.43388373911755823,-0.900968867902419,0.8660254037844387,-0.4999999999999998,0.0
HOUSEHOLD_0056_CA_3_validation,d_77,0.0,0.0,1.0,0.0,0.0,0.0,0.0,0.14285714285714285,0.14285714285714285,-0.433883739117558,-0.9009688679024191,0.8660254037844387,-0.4999999999999998,0.0
HOUSEHOLD_0056_CA_3_validation,d_78,0.0,0.0,0.0,1.0,0.0,0.0,0.0,0.14285714285714285,0.07142857142857142,-0.9749279121818236,-0.2225209339563146,0.8660254037844387,-0.4999999999999998,0.0
HOUSEHOLD_0056_CA_3_validation,d_79,0.0,0.0,0.0,0.0,1.0,0.0,0.0,0.14285714285714285,0.07142857142857142,-0.7818314824680299,0.6234898018587334,0.8660254037844387,-0.4999999999999998,1.0
HOUSEHOLD_0056_CA_3_validation,d_80,1.0,0.0,0.0,0.0,0.0,1.0,0.0,0.2857142857142857,0.14285714285714285,0.0,1.0,0.8660254037844387,-0.4999999999999998,0.0
HOUSEHOLD_0056_CA_3_validation,d_81,0.0,1.0,0.0,0.0,0.0,0.0,1.0,0.2857142857142857,0.14285714285714285,0.7818314824680298,0.6234898018587336,0.8660254037844387,-0.4999999999999998,0.0
HOUSEHOLD_0056_CA_3_validation,d_82,0.0,0.0,1.0,0.0,0.0,0.0,0.0,0.14285714285714285,0.14285714285714285,0.9749279121818236,-0.22252093395631434,0.8660254037844387,-0.4999999999999998,0.0
HOUSEHOLD_0056_CA_3_validation,d_83,0.0,0.0,0.0,1.0,0.0,0.0,0.0,0.14285714285714285,0.14285714285714285,0.43388373911755823,-0.900968867902419,0.8660254037844387,-0.4999999999999998,0.0
HOUSEHOLD_0056_CA_3_validation,d_84,0.0,0.0,0.0,0.0,1.0,0.0,0.0,0.14285714285714285,0.14285714285714285,-0.433883739117558,-0.9009688679024191,0.8660254037844387,-0.4999999999999998,0.0
HOUSEHOLD_0056_CA_3_validation,d_85,0.0,0.0,0.0,0.0,0.0,1.0,0.0,0.14285714285714285,0.14285714285714285,-0.9749279121818236,-0.2225209339563146,0.8660254037844387,-0.4999999999999998,0.0
HOUSEHOLD_0056_CA_3_validation,d_86,0.0,0.0,0.0,0.0,0.0,0.0,1.0,0.14285714285714285,0.14285714285714285,-0.7818314824680299,0.6234898018587334,0.8660254037844387,-0.4999999999999998,0.0
HOUSEHOLD_0056_CA_3_validation,d_87,0.0,0.0,0.0,0.0,0.0,0.0,0.0,0.0,0.14285714285714285,0.0,1.0,0.8660254037844387,-0.4999999999999998,0.0
HOUSEHOLD_0056_CA_3_validation,d_88,0.0,0.0,0.0,0.0,0.0,0.0,0.0,0.0,0.14285714285714285,0.7818314824680298,0.6234898018587336,0.8660254037844387,-0.4999999999999998,1.0
HOUSEHOLD_0056_CA_3_validation,d_89,1.0,0.0,0.0,0.0,0.0,0.0,0.0,0.14285714285714285,0.14285714285714285,0.9749279121818236,-0.22252093395631434,0.8660254037844387,-0.4999999999999998,0.0
HOUSEHOLD_0056_CA_3_validation,d_90,0.0,1.0,0.0,0.0,0.0,0.0,0.0,0.14285714285714285,0.14285714285714285,0.43388373911755823,-0.900968867902419,0.8660254037844387,-0.4999999999999998,0.0
HOUSEHOLD_0056_CA_3_validation,d_91,0.0,0.0,1.0,0.0,0.0,0.0,0.0,0.14285714285714285,0.14285714285714285,-0.433883739117558,-0.9009688679024191,0.8660254037844387,-0.4999999999999998,0.0
HOUSEHOLD_0056_CA_3_validation,d_92,0.0,0.0,0.0,1.0,0.0,0.0,0.0,0.14285714285714285,0.14285714285714285,-0.9749279121818236,-0.2225209339563146,0.8660254037844387,-0.4999999999999998,2.0
HOUSEHOLD_0056_CA_3_validation,d_93,2.0,0.0,0.0,0.0,1.0,0.0,0.0,0.42857142857142855,0.2857142857142857,-0.7818314824680299,0.6234898018587334,0.49999999999999994,-0.8660254037844387,3.0
HOUSEHOLD_0056_CA_3_validation,d_94,3.0,2.0,0.0,0.0,0.0,1.0,0.0,0.8571428571428571,0.42857142857142855,0.0,1.0,0.49999999999999994,-0.8660254037844387,0.0
HOUSEHOLD_0056_CA_3_validation,d_95,0.0,3.0,2.0,0.0,0.0,0.0,1.0,0.8571428571428571,0.42857142857142855,0.7818314824680298,0.6234898018587336,0.49999999999999994,-0.8660254037844387,2.0
HOUSEHOLD_0056_CA_3_validation,d_96,2.0,0.0,3.0,2.0,0.0,0.0,0.0,1.0,0.5714285714285714,0.9749279121818236,-0.22252093395631434,0.49999999999999994,-0.8660254037844387,0.0
HOUSEHOLD_0056_CA_3_validation,d_97,0.0,2.0,0.0,3.0,2.0,0.0,0.0,1.0,0.5714285714285714,0.43388373911755823,-0.900968867902419,0.49999999999999994,-0.8660254037844387,0.0
HOUSEHOLD_0056_CA_3_validation,d_98,0.0,0.0,2.0,0.0,3.0,2.0,0.0,1.0,0.5714285714285714,-0.433883739117558,-0.9009688679024191,0.49999999999999994,-0.8660254037844387,0.0
HOUSEHOLD_0056_CA_3_validation,d_99,0.0,0.0,0.0,2.0,0.0,3.0,2.0,1.0,0.5714285714285714,-0.9749279121818236,-0.2225209339563146,0.49999999999999994,-0.8660254037844387,0.0
HOUSEHOLD_0056_CA_3_validation,d_100,0.0,0.0,0.0,0.0,2.0,0.0,3.0,0.7142857142857143,0.5714285714285714,-0.7818314824680299,0.6234898018587334,0.49999999999999994,-0.8660254037844387,0.0
HOUSEHOLD_0056_CA_3_validation,d_101,0.0,0.0,0.0,0.0,0.0,2.0,0.0,0.2857142857142857,0.5714285714285714,0.0,1.0,0.49999999999999994,-0.8660254037844387,0.0
HOUSEHOLD_0056_CA_3_validation,d_102,0.0,0.0,0.0,0.0,0.0,0.0,2.0,0.2857142857142857,0.5714285714285714,0.7818314824680298,0.6234898018587336,0.49999999999999994,-0.8660254037844387,1.0
HOUSEHOLD_0056_CA_3_validation,d_103,1.0,0.0,0.0,0.0,0.0,0.0,0.0,0.14285714285714285,0.5714285714285714,0.9749279121818236,-0.22252093395631434,0.49999999999999994,-0.8660254037844387,0.0
HOUSEHOLD_0056_CA_3_validation,d_104,0.0,1.0,0.0,0.0,0.0,0.0,0.0,0.14285714285714285,0.5714285714285714,0.43388373911755823,-0.900968867902419,0.49999999999999994,-0.8660254037844387,0.0
HOUSEHOLD_0056_CA_3_validation,d_105,0.0,0.0,1.0,0.0,0.0,0.0,0.0,0.14285714285714285,0.5714285714285714,-0.433883739117558,-0.9009688679024191,0.49999999999999994,-0.8660254037844387,0.0
HOUSEHOLD_0056_CA_3_validation,d_106,0.0,0.0,0.0,1.0,0.0,0.0,0.0,0.14285714285714285,0.5714285714285714,-0.9749279121818236,-0.2225209339563146,0.49999999999999994,-0.8660254037844387,1.0
HOUSEHOLD_0056_CA_3_validation,d_107,1.0,0.0,0.0,0.0,1.0,0.0,0.0,0.2857142857142857,0.5,-0.7818314824680299,0.6234898018587334,0.49999999999999994,-0.8660254037844387,1.0
HOUSEHOLD_0056_CA_3_validation,d_108,1.0,1.0,0.0,0.0,0.0,1.0,0.0,0.42857142857142855,0.35714285714285715,0.0,1.0,0.49999999999999994,-0.8660254037844387,0.0
HOUSEHOLD_0056_CA_3_validation,d_109,0.0,1.0,1.0,0.0,0.0,0.0,1.0,0.42857142857142855,0.35714285714285715,0.7818314824680298,0.6234898018587336,0.49999999999999994,-0.8660254037844387,0.0
HOUSEHOLD_0056_CA_3_validation,d_110,0.0,0.0,1.0,1.0,0.0,0.0,0.0,0.2857142857142857,0.21428571428571427,0.9749279121818236,-0.22252093395631434,0.49999999999999994,-0.8660254037844387,0.0
HOUSEHOLD_0056_CA_3_validation,d_111,0.0,0.0,0.0,1.0,1.0,0.0,0.0,0.2857142857142857,0.21428571428571427,0.43388373911755823,-0.900968867902419,0.49999999999999994,-0.8660254037844387,0.0
HOUSEHOLD_0056_CA_3_validation,d_112,0.0,0.0,0.0,0.0,1.0,1.0,0.0,0.2857142857142857,0.21428571428571427,-0.433883739117558,-0.9009688679024191,0.49999999999999994,-0.8660254037844387,0.0
HOUSEHOLD_0056_CA_3_validation,d_113,0.0,0.0,0.0,0.0,0.0,1.0,1.0,0.2857142857142857,0.21428571428571427,-0.9749279121818236,-0.2225209339563146,0.49999999999999994,-0.8660254037844387,0.0
HOUSEHOLD_0056_CA_3_validation,d_114,0.0,0.0,0.0,0.0,0.0,0.0,1.0,0.14285714285714285,0.21428571428571427,-0.7818314824680299,0.6234898018587334,0.49999999999999994,-0.8660254037844387,1.0
HOUSEHOLD_0056_CA_3_validation,d_115,1.0,0.0,0.0,0.0,0.0,0.0,0.0,0.14285714285714285,0.2857142857142857,0.0,1.0,0.49999999999999994,-0.8660254037844387,1.0
HOUSEHOLD_0056_CA_3_validation,d_116,1.0,1.0,0.0,0.0,0.0,0.0,0.0,0.2857142857142857,0.35714285714285715,0.7818314824680298,0.6234898018587336,0.49999999999999994,-0.8660254037844387,0.0
FOODS_0058_TX_2_validation,d_50,0.0,0.0,0.0,0.0,2.0,0.0,0.0,0.2857142857142857,0.21428571428571427,-0.9749279121818236,-0.2225209339563146,1.0,6.123233995736766e-17,0.0
FOODS_0058_TX_2_validation,d_51,0.0,0.0,0.0,0.0,0.0,2.0,0.0,0.2857142857142857,0.21428571428571427,-0.7818314824680299,0.6234898018587334,1.0,6.123233995736766e-17,0.0
FOODS_0058_TX_2_validation,d_52,0.0,0.0,0.0,0.0,0.0,0.0,2.0,0.2857142857142857,0.21428571428571427,0.0,1.0,1.0,6.123233995736766e-17,1.0
FOODS_0058_TX_2_validation,d_53,1.0,0.0,0.0,0.0,0.0,0.0,0.0,0.14285714285714285,0.2857142857142857,0.7818314824680298,0.6234898018587336,1.0,6.123233995736766e-17,0.0
FOODS_0058_TX_2_validation,d_54,0.0,1.0,0.0,0.0,0.0,0.0,0.0,0.14285714285714285,0.21428571428571427,0.9749279121818236,-0.22252093395631434,1.0,6.123233995736766e-17,0.0
FOODS_0058_TX_2_validation,d_55,0.0,0.0,1.0,0.0,0.0,0.0,0.0,0.14285714285714285,0.21428571428571427,0.43388373911755823,-0.900968867902419,1.0,6.123233995736766e-17,0.0
FOODS_0058_TX_2_validation,d_56,0.0,0.0,0.0,1.0,0.0,0.0,0.0,0.14285714285714285,0.21428571428571427,-0.433883739117558,-0.9009688679024191,1.0,6.123233995736766e-17,0.0
FOODS_0058_TX_2_validation,d_57,0.0,0.0,0.0,0.0,1.0,0.0,0.0,0.14285714285714285,0.21428571428571427,-0.9749279121818236,-0.2225209339563146,1.0,6.123233995736766e-17,0.0
FOODS_0058_TX_2_validation,d_58,0.0,0.0,0.0,0.0,0.0,1.0,0.0,0.14285714285714285,0.21428571428571427,-0.7818314824680299,0.6234898018587334,1.0,6.123233995736766e-17,0.0
FOODS_0058_TX_2_validation,d_59,0.0,0.0,0.0,0.0,0.0,0.0,1.0,0.14285714285714285,0.21428571428571427,0.0,1.0,1.0,6.123233995736766e-17,0.0
FOODS_0058_TX_2_validation,d_60,0.0,0.0,0.0,0.0,0.0,0.0,0.0,0.0,0.07142857142857142,0.7818314824680298,0.6234898018587336,1.0,6.123233995736766e-17,0.0
FOODS_0058_TX_2_validation,d_61,0.0,0.0,0.0,0.0,0.0,0.0,0.0,0.0,0.07142857142857142,0.9749279121818236,-0.22252093395631434,1.0,6.123233995736766e-17,1.0
FOODS_0058_TX_2_validation,d_62,1.0,0.0,0.0,0.0,0.0,0.0,0.0,0.14285714285714285,0.14285714285714285,0.43388373911755823,-0.900968867902419,1.0,6.123233995736766e-17,0.0
FOODS_0058_TX_2_validation,d_63,0.0,1.0,0.0,0.0,0.0,0.0,0.0,0.14285714285714285,0.14285714285714285,-0.433883739117558,-0.9009688679024191,0.8660254037844387,-0.4999999999999998,0.0
FOODS_0058_TX_2_validation,d_64,0.0,0.0,1.0,0.0,0.0,0.0,0.0,0.14285714285714285,0.14285714285714285,-0.9749279121818236,-0.2225209339563146,0.8660254037844387,-0.4999999999999998,0.0
FOODS_0058_TX_2_validation,d_65,0.0,0.0,0.0,1.0,0.0,0.0,0.0,0.14285714285714285,0.14285714285714285,-0.7818314824680299,0.6234898018587334,0.8660254037844387,-0.4999999999999998,1.0
FOODS_0058_TX_2_validation,d_66,1.0,0.0,0.0,0.0,1.0,0.0,0.0,0.2857142857142857,0.21428571428571427,0.0,1.0,0.8660254037844387,-0.4999999999999998,1.0
FOODS_0058_TX_2_validation,d_67,1.0,1.0,0.0,0.0,0.0,1.0,0.0,0.42857142857142855,0.21428571428571427,0.7818314824680298,0.6234898018587336,0.8660254037844387,-0.4999999999999998,0.0
FOODS_0058_TX_2_validation,d_68,0.0,1.0,1.0,0.0,0.0,0.0,1.0,0.42857142857142855,0.21428571428571427,0.9749279121818236,-0.22252093395631434,0.8660254037844387,-0.4999999999999998,0.0
FOODS_0058_TX_2_validation,d_69,0.0,0.0,1.0,1.0,0.0,0.0,0.0,0.2857142857142857,0.21428571428571427,0.43388373911755823,-0.900968867902419,0.8660254037844387,-0.4999999999999998,0.0
FOODS_0058_TX_2_validation,d_70,0.0,0.0,0.0,1.0,1.0,0.0,0.0,0.2857142857142857,0.21428571428571427,-0.433883739117558,-0.9009688679024191,0.8660254037844387,-0.4999999999999998,0.0
FOODS_0058_TX_2_validation,d_71,0.0,0.0,0.0,0.0,1.0,1.0,0.0,0.2857142857142857,0.21428571428571427,-0.9749279121818236,-0.2225209339563146,0.8660254037844387,-0.4999999999999998,0.0
FOODS_0058_TX_2_validation,d_72,0.0,0.0,0.0,0.0,0.0,1.0,1.0,0.2857142857142857,0.21428571428571427,-0.7818314824680299,0.6234898018587334,0.8660254037844387,-0.4999999999999998,2.0
FOODS_0058_TX_2_validation,d_73,2.0,0.0,0.0,0.0,0.0,0.0,1.0,0.42857142857142855,0.35714285714285715,0.0,1.0,0.8660254037844387,-0.4999999999999998,0.0
FOODS_0058_TX_2_validation,d_74,0.0,2.0,0.0,0.0,0.0,0.0,0.0,0.2857142857142857,0.35714285714285715,0.7818314824680298,0.6234898018587336,0.8660254037844387,-0.4999999999999998,0.0
FOODS_0058_TX_2_validation,d_75,0.0,0.0,2.0,0.0,0.0,0.0,0.0,0.2857142857142857,0.35714285714285715,0.9749279121818236,-0.22252093395631434,0.8660254037844387,-0.4999999999999998,0.0
FOODS_0058_TX_2_validation,d_76,0.0,0.0,0.0,2.0,0.0,0.0,0.0,0.2857142857142857,0.2857142857142857,0.43388373911755823,-0.900968867902419,0.8660254037844387,-0.4999999999999998,0.0
FOODS_0058_TX_2_validation,d_77,0.0,0.0,0.0,0.0,2.0,0.0,0.0,0.2857142857142857,0.2857142857142857,-0.433883739117558,-0.9009688679024191,0.8660254037844387,-0.4999999999999998,0.0
FOODS_0058_TX_2_validation,d_78,0.0,0.0,0.0,0.0,0.0,2.0,0.0,0.2857142857142857,0.2857142857142857,-0.9749279121818236,-0.2225209339563146,0.8660254037844387,-0.4999999999999998,0.0
FOODS_0058_TX_2_validation,d_79,0.0,0.0,0.0,0.0,0.0,0.0,2.0,0.2857142857142857,0.2857142857142857,-0.7818314824680299,0.6234898018587334,0.8660254037844387,-0.4999999999999998,1.0
FOODS_0058_TX_2_validation,d_80,1.0,0.0,0.0,0.0,0.0,0.0,0.0,0.14285714285714285,0.2857142857142857,0.0,1.0,0.8660254037844387,-0.4999999999999998,1.0
FOODS_0058_TX_2_validation,d_81,1.0,1.0,0.0,0.0,0.0,0.0,0.0,0.2857142857142857,0.2857142857142857,0.7818314824680298,0.6234898018587336,0.8660254037844387,-0.4999999999999998,0.0
FOODS_0058_TX_2_validation,d_82,0.0,1.0,1.0,0.0,0.0,0.0,0.0,0.2857142857142857,0.2857142857142857,0.9749279121818236,-0.22252093395631434,0.8660254037844387,-0.4999999999999998,0.0
FOODS_0058_TX_2_validation,d_83,0.0,0.0,1.0,1.0,0.0,0.0,0.0,0.2857142857142857,0.2857142857142857,0.43388373911755823,-0.900968867902419,0.8660254037844387,-0.4999999999999998,0.0
FOODS_0058_TX_2_validation,d_84,0.0,0.0,0.0,1.0,1.0,0.0,0.0,0.2857142857142857,0.2857142857142857,-0.433883739117558,-0.9009688679024191,0.8660254037844387,-0.4999999999999998,0.0
FOODS_0058_TX_2_validation,d_85,0.0,0.0,0.0,0.0,1.0,1.0,0.0,0.2857142857142857,0.2857142857142857,-0.9749279121818236,-0.2225209339563146,0.8660254037844387,-0.4999999999999998,1.0
FOODS_0058_TX_2_validation,d_86,1.0,0.0,0.0,0.0,0.0,1.0,1.0,0.42857142857142855,0.35714285714285715,-0.7818314824680299,0.6234898018587334,0.8660254037844387,-0.4999999999999998,0.0
FOODS_0058_TX_2_validation,d_87,0.0,1.0,0.0,0.0,0.0,0.0,1.0,0.2857142857142857,0.21428571428571427,0.0,1.0,0.8660254037844387,-0.4999999999999998,0.0
FOODS_0058_TX_2_validation,d_88,0.0,0.0,1.0,0.0,0.0,0.0,0.0,0.14285714285714285,0.21428571428571427,0.7818314824680298,0.6234898018587336,0.8660254037844387,-0.4999999999999998,0.0
FOODS_0058_TX_2_validation,d_89,0.0,0.0,0.0,1.0,0.0,0.0,0.0,0.14285714285714285,0.21428571428571427,0.9749279121818236,-0.22252093395631434,0.8660254037844387,-0.4999999999999998,0.0
FOODS_0058_TX_2_validation,d_90,0.0,0.0,0.0,0.0,1.0,0.0,0.0,0.14285714285714285,0.21428571428571427,0.43388373911755823,-0.900968867902419,0.8660254037844387,-0.4999999999999998,0.0
FOODS_0058_TX_2_validation,d_91,0.0,0.0,0.0,0.0,0.0,1.0,0.0,0.14285714285714285,0.21428571428571427,-0.433883739117558,-0.9009688679024191,0.8660254037844387,-0.4999999999999998,0.0
FOODS_0058_TX_2_validation,d_92,0.0,0.0,0.0,0.0,0.0,0.0,1.0,0.14285714285714285,0.21428571428571427,-0.9749279121818236,-0.2225209339563146,0.8660254037844387,-0.4999999999999998,2.0
FOODS_0058_TX_2_validation,d_93,2.0,0.0,0.0,0.0,0.0,0.0,0.0,0.2857142857142857,0.35714285714285715,-0.7818314824680299,0.6234898018587334,0.49999999999999994,-0.8660254037844387,2.0
FOODS_0058_TX_2_validation,d_94,2.0,2.0,0.0,0.0,0.0,0.0,0.0,0.5714285714285714,0.42857142857142855,0.0,1.0,0.49999999999999994,-0.8660254037844387,2.0
FOODS_0058_TX_2_validation,d_95,2.0,2.0,2.0,0.0,0.0,0.0,0.0,0.8571428571428571,0.5,0.7818314824680298,0.6234898018587336,0.49999999999999994,-0.8660254037844387,0.0
FOODS_0058_TX_2_validation,d_96,0.0,2.0,2.0,2.0,0.0,0.0,0.0,0.8571428571428571,0.5,0.9749279121818236,-0.22252093395631434,0.49999999999999994,-0.8660254037844387,0.0
FOODS_0058_TX_2_validation,d_97,0.0,0.0,2.0,2.0,2.0,0.0,0.0,0.8571428571428571,0.5,0.43388373911755823,-0.900968867902419,0.49999999999999994,-0.8660254037844387,0.0
FOODS_0058_TX_2_validation,d_98,0.0,0.0,0.0,2.0,2.0,2.0,0.0,0.8571428571428571,0.5,-0.433883739117558,-0.9009688679024191,0.49999999999999994,-0.8660254037844387,0.0
FOODS_0058_TX_2_validation,d_99,0.0,0.0,0.0,0.0,2.0,2.0,2.0,0.8571428571428571,0.5,-0.9749279121818236,-0.2225209339563146,0.49999999999999994,-0.8660254037844387,1.0
FOODS_0058_TX_2_validation,d_100,1.0,0.0,0.0,0.0,0.0,2.0,2.0,0.7142857142857143,0.5,-0.7818314824680299,0.6234898018587334,0.49999999999999994,-0.8660254037844387,0.0
FOODS_0058_TX_2_validation,d_101,0.0,1.0,0.0,0.0,0.0,0.0,2.0,0.42857142857142855,0.5,0.0,1.0,0.49999999999999994,-0.8660254037844387,1.0
FOODS_0058_TX_2_validation,d_102,1.0,0.0,1.0,0.0,0.0,0.0,0.0,0.2857142857142857,0.5714285714285714,0.7818314824680298,0.6234898018587336,0.49999999999999994,-0.8660254037844387,1.0
FOODS_0058_TX_2_validation,d_103,1.0,1.0,0.0,1.0,0.0,0.0,0.0,0.42857142857142855,0.6428571428571429,0.9749279121818236,-0.22252093395631434,0.49999999999999994,-0.8660254037844387,0.0
FOODS_0058_TX_2_validation,d_104,0.0,1.0,1.0,0.0,1.0,0.0,0.0,0.42857142857142855,0.6428571428571429,0.43388373911755823,-0.900968867902419,0.49999999999999994,-0.8660254037844387,0.0
FOODS_0058_TX_2_validation,d_105,0.0,0.0,1.0,1.0,0.0,1.0,0.0,0.42857142857142855,0.6428571428571429,-0.433883739117558,-0.9009688679024191,0.49999999999999994,-0.8660254037844387,0.0
FOODS_0058_TX_2_validation,d_106,0.0,0.0,0.0,1.0,1.0,0.0,1.0,0.42857142857142855,0.6428571428571429,-0.9749279121818236,-0.2225209339563146,0.49999999999999994,-0.8660254037844387,0.0
FOODS_0058_TX_2_validation,d_107,0.0,0.0,0.0,0.0,1.0,1.0,0.0,0.2857142857142857,0.5,-0.7818314824680299,0.6234898018587334,0.49999999999999994,-0.8660254037844387,1.0
FOODS_0058_TX_2_validation,d_108,1.0,0.0,0.0,0.0,0.0,1.0,1.0,0.42857142857142855,0.42857142857142855,0.0,1.0,0.49999999999999994,-0.8660254037844387,0.0
FOODS_0058_TX_2_validation,d_109,0.0,1.0,0.0,0.0,0.0,0.0,1.0,0.2857142857142857,0.2857142857142857,0.7818314824680298,0.6234898018587336,0.49999999999999994,-0.8660254037844387,0.0
FOODS_0058_TX_2_validation,d_110,0.0,0.0,1.0,0.0,0.0,0.0,0.0,0.14285714285714285,0.2857142857142857,0.9749279121818236,-0.22252093395631434,0.49999999999999994,-0.8660254037844387,0.0
FOODS_0058_TX_2_validation,d_111,0.0,0.0,0.0,1.0,0.0,0.0,0.0,0.14285714285714285,0.2857142857142857,0.43388373911755823,-0.900968867902419,0.49999999999999994,-0.8660254037844387,0.0
FOODS_0058_TX_2_validation,d_112,0.0,0.0,0.0,0.0,1.0,0.0,0.0,0.14285714285714285,0.2857142857142857,-0.433883739117558,-0.9009688679024191,0.49999999999999994,-0.8660254037844387,0.0
FOODS_0058_TX_2_validation,d_113,0.0,0.0,0.0,0.0,0.0,1.0,0.0,0.14285714285714285,0.2857142857142857,-0.9749279121818236,-0.2225209339563146,0.49999999999999994,-0.8660254037844387,0.0
FOODS_0058_TX_2_validation,d_114,0.0,0.0,0.0,0.0,0.0,0.0,1.0,0.14285714285714285,0.21428571428571427,-0.7818314824680299,0.6234898018587334,0.49999999999999994,-0.8660254037844387,0.0
FOODS_0058_TX_2_validation,d_115,0.0,0.0,0.0,0.0,0.0,0.0,0.0,0.0,0.21428571428571427,0.0,1.0,0.49999999999999994,-0.8660254037844387,0.0
FOODS_0058_TX_2_validation,d_116,0.0,0.0,0.0,0.0,0.0,0.0,0.0,0.0,0.14285714285714285,0.7818314824680298,0.6234898018587336,0.49999999999999994,-0.8660254037844387,1.0
FOODS_0067_TX_2_validation,d_50,0.0,0.0,0.0,0.0,1.0,0.0,1.0,0.2857142857142857,0.42857142857142855,-0.9749279121818236,-0.2225209339563146,1.0,6.123233995736766e-17,0.0
FOODS_0067_TX_2_validation,d_51,0.0,0.0,0.0,0.0,0.0,1.0,0.0,0.14285714285714285,0.35714285714285715,-0.7818314824680299,0.6234898018587334,1.0,6.123233995736766e-17,0.0
FOODS_0067_TX_2_validation,d_52,0.0,0.0,0.0,0.0,0.0,0.0,1.0,0.14285714285714285,0.35714285714285715,0.0,1.0,1.0,6.123233995736766e-17,1.0
FOODS_0067_TX_2_validation,d_53,1.0,0.0,0.0,0.0,0.0,0.0,0.0,0.14285714285714285,0.21428571428571427,0.7818314824680298,0.6234898018587336,1.0,6.123233995736766e-17,1.0
FOODS_0067_TX_2_validation,d_54,1.0,1.0,0.0,0.0,0.0,0.0,0.0,0.2857142857142857,0.2857142857142857,0.9749279121818236,-0.22252093395631434,1.0,6.123233995736766e-17,0.0
FOODS_0067_TX_2_validation,d_55,0.0,1.0,1.0,0.0,0.0,0.0,0.0,0.2857142857142857,0.2857142857142857,0.43388373911755823,-0.900968867902419,1.0,6.123233995736766e-17,0.0
FOODS_0067_TX_2_validation,d_56,0.0,0.0,1.0,1.0,0.0,0.0,0.0,0.2857142857142857,0.2857142857142857,-0.433883739117558,-0.9009688679024191,1.0,6.123233995736766e-17,0.0
FOODS_0067_TX_2_validation,d_57,0.0,0.0,0.0,1.0,1.0,0.0,0.0,0.2857142857142857,0.2857142857142857,-0.9749279121818236,-0.2225209339563146,1.0,6.123233995736766e-17,1.0
FOODS_0067_TX_2_validation,d_58,1.0,0.0,0.0,0.0,1.0,1.0,0.0,0.42857142857142855,0.2857142857142857,-0.7818314824680299,0.6234898018587334,1.0,6.123233995736766e-17,1.0
FOODS_0067_TX_2_validation,d_59,1.0,1.0,0.0,0.0,0.0,1.0,1.0,0.5714285714285714,0.35714285714285715,0.0,1.0,1.0,6.123233995736766e-17,2.0
FOODS_0067_TX_2_validation,d_60,2.0,1.0,1.0,0.0,0.0,0.0,1.0,0.7142857142857143,0.42857142857142855,0.7818314824680298,0.6234898018587336,1.0,6.123233995736766e-17,0.0
FOODS_0067_TX_2_validation,d_61,0.0,2.0,1.0,1.0,0.0,0.0,0.0,0.5714285714285714,0.42857142857142855,0.9749279121818236,-0.22252093395631434,1.0,6.123233995736766e-17,0.0
FOODS_0067_TX_2_validation,d_62,0.0,0.0,2.0,1.0,1.0,0.0,0.0,0.5714285714285714,0.42857142857142855,0.43388373911755823,-0.900968867902419,1.0,6.123233995736766e-17,0.0
FOODS_0067_TX_2_validation,d_63,0.0,0.0,0.0,2.0,1.0,1.0,0.0,0.5714285714285714,0.42857142857142855,-0.433883739117558,-0.9009688679024191,0.8660254037844387,-0.4999999999999998,0.0
FOODS_0067_TX_2_validation,d_64,0.0,0.0,0.0,0.0,2.0,1.0,1.0,0.5714285714285714,0.42857142857142855,-0.9749279121818236,-0.2225209339563146,0.8660254037844387,-0.4999999999999998,1.0
FOODS_0067_TX_2_validation,d_65,1.0,0.0,0.0,0.0,0.0,2.0,1.0,0.5714285714285714,0.5,-0.7818314824680299,0.6234898018587334,0.8660254037844387,-0.4999999999999998,0.0
FOODS_0067_TX_2_validation,d_66,0.0,1.0,0.0,0.0,0.0,0.0,2.0,0.42857142857142855,0.5,0.0,1.0,0.8660254037844387,-0.4999999999999998,1.0
FOODS_0067_TX_2_validation,d_67,1.0,0.0,1.0,0.0,0.0,0.0,0.0,0.2857142857142857,0.5,0.7818314824680298,0.6234898018587336,0.8660254037844387,-0.4999999999999998,0.0
FOODS_0067_TX_2_validation,d_68,0.0,1.0,0.0,1.0,0.0,0.0,0.0,0.2857142857142857,0.42857142857142855,0.9749279121818236,-0.22252093395631434,0.8660254037844387,-0.4999999999999998,0.0
FOODS_0067_TX_2_validation,d_69,0.0,0.0,1.0,0.0,1.0,0.0,0.0,0.2857142857142857,0.42857142857142855,0.43388373911755823,-0.900968867902419,0.8660254037844387,-0.4999999999999998,0.0
FOODS_0067_TX_2_validation,d_70,0.0,0.0,0.0,1.0,0.0,1.0,0.0,0.2857142857142857,0.42857142857142855,-0.433883739117558,-0.9009688679024191,0.8660254037844387,-0.4999999999999998,0.0
FOODS_0067_TX_2_validation,d_71,0.0,0.0,0.0,0.0,1.0,0.0,1.0,0.2857142857142857,0.42857142857142855,-0.9749279121818236,-0.2225209339563146,0.8660254037844387,-0.4999999999999998,0.0
FOODS_0067_TX_2_validation,d_72,0.0,0.0,0.0,0.0,0.0,1.0,0.0,0.14285714285714285,0.35714285714285715,-0.7818314824680299,0.6234898018587334,0.8660254037844387,-0.4999999999999998,0.0
FOODS_0067_TX_2_validation,d_73,0.0,0.0,0.0,0.0,0.0,0.0,1.0,0.14285714285714285,0.2857142857142857,0.0,1.0,0.8660254037844387,-0.4999999999999998,2.0
FOODS_0067_TX_2_validation,d_74,2.0,0.0,0.0,0.0,0.0,0.0,0.0,0.2857142857142857,0.2857142857142857,0.7818314824680298,0.6234898018587336,0.8660254037844387,-0.4999999999999998,1.0
FOODS_0067_TX_2_validation,d_75,1.0,2.0,0.0,0.0,0.0,0.0,0.0,0.42857142857142855,0.35714285714285715,0.9749279121818236,-0.22252093395631434,0.8660254037844387,-0.4999999999999998,0.0
FOODS_0067_TX_2_validation,d_76,0.0,1.0,2.0,0.0,0.0,0.0,0.0,0.42857142857142855,0.35714285714285715,0.43388373911755823,-0.900968867902419,0.8660254037844387,-0.4999999999999998,0.0
FOODS_0067_TX_2_validation,d_77,0.0,0.0,1.0,2.0,0.0,0.0,0.0,0.42857142857142855,0.35714285714285715,-0.433883739117558,-0.9009688679024191,0.8660254037844387,-0.4999999999999998,1.0
FOODS_0067_TX_2_validation,d_78,1.0,0.0,0.0,1.0,2.0,0.0,0.0,0.5714285714285714,0.42857142857142855,-0.9749279121818236,-0.2225209339563146,0.8660254037844387,-0.4999999999999998,1.0
FOODS_0067_TX_2_validation,d_79,1.0,1.0,0.0,0.0,1.0,2.0,0.0,0.7142857142857143,0.42857142857142855,-0.7818314824680299,0.6234898018587334,0.8660254037844387,-0.4999999999999998,1.0
FOODS_0067_TX_2_validation,d_80,1.0,1.0,1.0,0.0,0.0,1.0,2.0,0.8571428571428571,0.5,0.0,1.0,0.8660254037844387,-0.4999999999999998,0.0
FOODS_0067_TX_2_validation,d_81,0.0,1.0,1.0,1.0,0.0,0.0,1.0,0.5714285714285714,0.42857142857142855,0.7818314824680298,0.6234898018587336,0.8660254037844387,-0.4999999999999998,0.0
FOODS_0067_TX_2_validation,d_82,0.0,0.0,1.0,1.0,1.0,0.0,0.0,0.42857142857142855,0.42857142857142855,0.9749279121818236,-0.22252093395631434,0.8660254037844387,-0.4999999999999998,0.0
FOODS_0067_TX_2_validation,d_83,0.0,0.0,0.0,1.0,1.0,1.0,0.0,0.42857142857142855,0.42857142857142855,0.43388373911755823,-0.900968867902419,0.8660254037844387,-0.4999999999999998,0.0
FOODS_0067_TX_2_validation,d_84,0.0,0.0,0.0,0.0,1.0,1.0,1.0,0.42857142857142855,0.42857142857142855,-0.433883739117558,-0.9009688679024191,0.8660254037844387,-0.4999999999999998,0.0
FOODS_0067_TX_2_validation,d_85,0.0,0.0,0.0,0.0,0.0,1.0,1.0,0.2857142857142857,0.42857142857142855,-0.9749279121818236,-0.2225209339563146,0.8660254037844387,-0.4999999999999998,0.0
FOODS_0067_TX_2_validation,d_86,0.0,0.0,0.0,0.0,0.0,0.0,1.0,0.14285714285714285,0.42857142857142855,-0.7818314824680299,0.6234898018587334,0.8660254037844387,-0.4999999999999998,0.0
FOODS_0067_TX_2_validation,d_87,0.0,0.0,0.0,0.0,0.0,0.0,0.0,0.0,0.42857142857142855,0.0,1.0,0.8660254037844387,-0.4999999999999998,1.0
FOODS_0067_TX_2_validation,d_88,1.0,0.0,0.0,0.0,0.0,0.0,0.0,0.14285714285714285,0.35714285714285715,0.7818314824680298,0.6234898018587336,0.8660254037844387,-0.4999999999999998,0.0
FOODS_0067_TX_2_validation,d_89,0.0,1.0,0.0,0.0,0.0,0.0,0.0,0.14285714285714285,0.2857142857142857,0.9749279121818236,-0.22252093395631434,0.8660254037844387,-0.4999999999999998,0.0
FOODS_0067_TX_2_validation,d_90,0.0,0.0,1.0,0.0,0.0,0.0,0.0,0.14285714285714285,0.2857142857142857,0.43388373911755823,-0.900968867902419,0.8660254037844387,-0.4999999999999998,0.0
FOODS_0067_TX_2_validation,d_91,0.0,0.0,0.0,1.0,0.0,0.0,0.0,0.14285714285714285,0.2857142857142857,-0.433883739117558,-0.9009688679024191,0.8660254037844387,-0.4999999999999998,1.0
FOODS_0067_TX_2_validation,d_92,1.0,0.0,0.0,0.0,1.0,0.0,0.0,0.2857142857142857,0.2857142857142857,-0.9749279121818236,-0.2225209339563146,0.8660254037844387,-0.4999999999999998,0.0
FOODS_0067_TX_2_validation,d_93,0.0,1.0,0.0,0.0,0.0,1.0,0.0,0.2857142857142857,0.21428571428571427,-0.7818314824680299,0.6234898018587334,0.49999999999999994,-0.8660254037844387,0.0
FOODS_0067_TX_2_validation,d_94,0.0,0.0,1.0,0.0,0.0,0.0,1.0,0.2857142857142857,0.14285714285714285,0.0,1.0,0.49999999999999994,-0.8660254037844387,0.0
FOODS_0067_TX_2_validation,d_95,0.0,0.0,0.0,1.0,0.0,0.0,0.0,0.14285714285714285,0.14285714285714285,0.7818314824680298,0.6234898018587336,0.49999999999999994,-0.8660254037844387,0.0
FOODS_0067_TX_2_validation,d_96,0.0,0.0,0.0,0.0,1.0,0.0,0.0,0.14285714285714285,0.14285714285714285,0.9749279121818236,-0.22252093395631434,0.49999999999999994,-0.8660254037844387,1.0
FOODS_0067_TX_2_validation,d_97,1.0,0.0,0.0,0.0,0.0,1.0,0.0,0.2857142857142857,0.21428571428571427,0.43388373911755823,-0.900968867902419,0.49999999999999994,-0.8660254037844387,0.0
FOODS_0067_TX_2_validation,d_98,0.0,1.0,0.0,0.0,0.0,0.0,1.0,0.2857142857142857,0.21428571428571427,-0.433883739117558,-0.9009688679024191,0.49999999999999994,-0.8660254037844387,0.0
FOODS_0067_TX_2_validation,d_99,0.0,0.0,1.0,0.0,0.0,0.0,0.0,0.14285714285714285,0.21428571428571427,-0.9749279121818236,-0.2225209339563146,0.49999999999999994,-0.8660254037844387,1.0
FOODS_0067_TX_2_validation,d_100,1.0,0.0,0.0,1.0,0.0,0.0,0.0,0.2857142857142857,0.2857142857142857,-0.7818314824680299,0.6234898018587334,0.49999999999999994,-0.8660254037844387,0.0
FOODS_0067_TX_2_validation,d_101,0.0,1.0,0.0,0.0,1.0,0.0,0.0,0.2857142857142857,0.2857142857142857,0.0,1.0,0.49999999999999994,-0.8660254037844387,1.0
FOODS_0067_TX_2_validation,d_102,1.0,0.0,1.0,0.0,0.0,1.0,0.0,0.42857142857142855,0.2857142857142857,0.7818314824680298,0.6234898018587336,0.49999999999999994,-0.8660254037844387,1.0
FOODS_0067_TX_2_validation,d_103,1.0,1.0,0.0,1.0,0.0,0.0,1.0,0.5714285714285714,0.35714285714285715,0.9749279121818236,-0.22252093395631434,0.49999999999999994,-0.8660254037844387,1.0
FOODS_0067_TX_2_validation,d_104,1.0,1.0,1.0,0.0,1.0,0.0,0.0,0.5714285714285714,0.42857142857142855,0.43388373911755823,-0.900968867902419,0.49999999999999994,-0.8660254037844387,0.0
FOODS_0067_TX_2_validation,d_105,0.0,1.0,1.0,1.0,0.0,1.0,0.0,0.5714285714285714,0.42857142857142855,-0.433883739117558,-0.9009688679024191,0.49999999999999994,-0.8660254037844387,0.0
FOODS_0067_TX_2_validation,d_106,0.0,0.0,1.0,1.0,1.0,0.0,1.0,0.5714285714285714,0.35714285714285715,-0.9749279121818236,-0.2225209339563146,0.49999999999999994,-0.8660254037844387,0.0
FOODS_0067_TX_2_validation,d_107,0.0,0.0,0.0,1.0,1.0,1.0,0.0,0.42857142857142855,0.35714285714285715,-0.7818314824680299,0.6234898018587334,0.49999999999999994,-0.8660254037844387,0.0
FOODS_0067_TX_2_validation,d_108,0.0,0.0,0.0,0.0,1.0,1.0,1.0,0.42857142857142855,0.35714285714285715,0.0,1.0,0.49999999999999994,-0.8660254037844387,0.0
FOODS_0067_TX_2_validation,d_109,0.0,0.0,0.0,0.0,0.0,1.0,1.0,0.2857142857142857,0.35714285714285715,0.7818314824680298,0.6234898018587336,0.49999999999999994,-0.8660254037844387,0.0
FOODS_0067_TX_2_validation,d_110,0.0,0.0,0.0,0.0,0.0,0.0,1.0,0.14285714285714285,0.35714285714285715,0.9749279121818236,-0.22252093395631434,0.49999999999999994,-0.8660254037844387,1.0
FOODS_0067_TX_2_validation,d_111,1.0,0.0,0.0,0.0,0.0,0.0,0.0,0.14285714285714285,0.35714285714285715,0.43388373911755823,-0.900968867902419,0.49999999999999994,-0.8660254037844387,0.0
FOODS_0067_TX_2_validation,d_112,0.0,1.0,0.0,0.0,0.0,0.0,0.0,0.14285714285714285,0.35714285714285715,-0.433883739117558,-0.9009688679024191,0.49999999999999994,-0.8660254037844387,0.0
FOODS_0067_TX_2_validation,d_113,0.0,0.0,1.0,0.0,0.0,0.0,0.0,0.14285714285714285,0.35714285714285715,-0.9749279121818236,-0.2225209339563146,0.49999999999999994,-0.8660254037844387,2.0
FOODS_0067_TX_2_validation,d_114,2.0,0.0,0.0,1.0,0.0,0.0,0.0,0.42857142857142855,0.42857142857142855,-0.7818314824680299,0.6234898018587334,0.49999999999999994,-0.8660254037844387,0.0
FOODS_0067_TX_2_validation,d_115,0.0,2.0,0.0,0.0,1.0,0.0,0.0,0.42857142857142855,0.42857142857142855,0.0,1.0,0.49999999999999994,-0.8660254037844387,0.0
FOODS_0067_TX_2_validation,d_116,0.0,0.0,2.0,0.0,0.0,1.0,0.0,0.42857142857142855,0.35714285714285715,0.7818314824680298,0.6234898018587336,0.49999999999999994,-0.8660254037844387,0.0
FOODS_0088_WI_2_validation,d_50,0.0,0.0,0.0,0.0,0.0,0.0,0.0,0.0,0.14285714285714285,-0.9749279121818236,-0.2225209339563146,1.0,6.123233995736766e-17,0.0
FOODS_0088_WI_2_validation,d_51,0.0,0.0,0.0,0.0,0.0,0.0,0.0,0.0,0.14285714285714285,-0.7818314824680299,0.6234898018587334,1.0,6.123233995736766e-17,0.0
FOODS_0088_WI_2_validation,d_52,0.0,0.0,0.0,0.0,0.0,0.0,0.0,0.0,0.14285714285714285,0.0,1.0,1.0,6.123233995736766e-17,0.0
FOODS_0088_WI_2_validation,d_53,0.0,0.0,0.0,0.0,0.0,0.0,0.0,0.0,0.07142857142857142,0.7818314824680298,0.6234898018587336,1.0,6.123233995736766e-17,0.0
FOODS_0088_WI_2_validation,d_54,0.0,0.0,0.0,0.0,0.0,0.0,0.0,0.0,0.0,0.9749279121818236,-0.22252093395631434,1.0,6.123233995736766e-17,0.0
FOODS_0088_WI_2_validation,d_55,0.0,0.0,0.0,0.0,0.0,0.0,0.0,0.0,0.0,0.43388373911755823,-0.900968867902419,1.0,6.123233995736766e-17,0.0
FOODS_0088_WI_2_validation,d_56,0.0,0.0,0.0,0.0,0.0,0.0,0.0,0.0,0.0,-0.433883739117558,-0.9009688679024191,1.0,6.123233995736766e-17,0.0
FOODS_0088_WI_2_validation,d_57,0.0,0.0,0.0,0.0,0.0,0.0,0.0,0.0,0.0,-0.9749279121818236,-0.2225209339563146,1.0,6.123233995736766e-17,0.0
FOODS_0088_WI_2_validation,d_58,0.0,0.0,0.0,0.0,0.0,0.0,0.0,0.0,0.0,-0.7818314824680299,0.6234898018587334,1.0,6.123233995736766e-17,0.0
FOODS_0088_WI_2_validation,d_59,0.0,0.0,0.0,0.0,0.0,0.0,0.0,0.0,0.0,0.0,1.0,1.0,6.123233995736766e-17,1.0
FOODS_0088_WI_2_validation,d_60,1.0,0.0,0.0,0.0,0.0,0.0,0.0,0.14285714285714285,0.07142857142857142,0.7818314824680298,0.6234898018587336,1.0,6.123233995736766e-17,0.0
FOODS_0088_WI_2_validation,d_61,0.0,1.0,0.0,0.0,0.0,0.0,0.0,0.14285714285714285,0.07142857142857142,0.9749279121818236,-0.22252093395631434,1.0,6.123233995736766e-17,0.0
FOODS_0088_WI_2_validation,d_62,0.0,0.0,1.0,0.0,0.0,0.0,0.0,0.14285714285714285,0.07142857142857142,0.43388373911755823,-0.900968867902419,1.0,6.123233995736766e-17,0.0
FOODS_0088_WI_2_validation,d_63,0.0,0.0,0.0,1.0,0.0,0.0,0.0,0.14285714285714285,0.07142857142857142,-0.433883739117558,-0.9009688679024191,0.8660254037844387,-0.4999999999999998,0.0
FOODS_0088_WI_2_validation,d_64,0.0,0.0,0.0,0.0,1.0,0.0,0.0,0.14285714285714285,0.07142857142857142,-0.9749279121818236,-0.2225209339563146,0.8660254037844387,-0.4999999999999998,0.0
FOODS_0088_WI_2_validation,d_65,0.0,0.0,0.0,0.0,0.0,1.0,0.0,0.14285714285714285,0.07142857142857142,-0.7818314824680299,0.6234898018587334,0.8660254037844387,-0.4999999999999998,1.0
FOODS_0088_WI_2_validation,d_66,1.0,0.0,0.0,0.0,0.0,0.0,1.0,0.2857142857142857,0.14285714285714285,0.0,1.0,0.8660254037844387,-0.4999999999999998,0.0
FOODS_0088_WI_2_validation,d_67,0.0,1.0,0.0,0.0,0.0,0.0,0.0,0.14285714285714285,0.14285714285714285,0.7818314824680298,0.6234898018587336,0.8660254037844387,-0.4999999999999998,0.0
FOODS_0088_WI_2_validation,d_68,0.0,0.0,1.0,0.0,0.0,0.0,0.0,0.14285714285714285,0.14285714285714285,0.9749279121818236,-0.22252093395631434,0.8660254037844387,-0.4999999999999998,0.0
FOODS_0088_WI_2_validation,d_69,0.0,0.0,0.0,1.0,0.0,0.0,0.0,0.14285714285714285,0.14285714285714285,0.43388373911755823,-0.900968867902419,0.8660254037844387,-0.4999999999999998,0.0
FOODS_0088_WI_2_validation,d_70,0.0,0.0,0.0,0.0,1.0,0.0,0.0,0.14285714285714285,0.14285714285714285,-0.433883739117558,-0.9009688679024191,0.8660254037844387,-0.4999999999999998,0.0
FOODS_0088_WI_2_validation,d_71,0.0,0.0,0.0,0.0,0.0,1.0,0.0,0.14285714285714285,0.14285714285714285,-0.9749279121818236,-0.2225209339563146,0.8660254037844387,-0.4999999999999998,1.0
FOODS_0088_WI_2_validation,d_72,1.0,0.0,0.0,0.0,0.0,0.0,1.0,0.2857142857142857,0.21428571428571427,-0.7818314824680299,0.6234898018587334,0.8660254037844387,-0.4999999999999998,0.0
FOODS_0088_WI_2_validation,d_73,0.0,1.0,0.0,0.0,0.0,0.0,0.0,0.14285714285714285,0.21428571428571427,0.0,1.0,0.8660254037844387,-0.4999999999999998,0.0
FOODS_0088_WI_2_validation,d_74,0.0,0.0,1.0,0.0,0.0,0.0,0.0,0.14285714285714285,0.14285714285714285,0.7818314824680298,0.6234898018587336,0.8660254037844387,-0.4999999999999998,0.0
FOODS_0088_WI_2_validation,d_75,0.0,0.0,0.0,1.0,0.0,0.0,0.0,0.14285714285714285,0.14285714285714285,0.9749279121818236,-0.22252093395631434,0.8660254037844387,-0.4999999999999998,0.0
FOODS_0088_WI_2_validation,d_76,0.0,0.0,0.0,0.0,1.0,0.0,0.0,0.14285714285714285,0.14285714285714285,0.43388373911755823,-0.900968867902419,0.8660254037844387,-0.4999999999999998,0.0
FOODS_0088_WI_2_validation,d_77,0.0,0.0,0.0,0.0,0.0,1.0,0.0,0.14285714285714285,0.14285714285714285,-0.433883739117558,-0.9009688679024191,0.8660254037844387,-0.4999999999999998,0.0
FOODS_0088_WI_2_validation,d_78,0.0,0.0,0.0,0.0,0.0,0.0,1.0,0.14285714285714285,0.14285714285714285,-0.9749279121818236,-0.2225209339563146,0.8660254037844387,-0.4999999999999998,1.0
FOODS_0088_WI_2_validation,d_79,1.0,0.0,0.0,0.0,0.0,0.0,0.0,0.14285714285714285,0.21428571428571427,-0.7818314824680299,0.6234898018587334,0.8660254037844387,-0.4999999999999998,0.0
FOODS_0088_WI_2_validation,d_80,0.0,1.0,0.0,0.0,0.0,0.0,0.0,0.14285714285714285,0.14285714285714285,0.0,1.0,0.8660254037844387,-0.4999999999999998,0.0
FOODS_0088_WI_2_validation,d_81,0.0,0.0,1.0,0.0,0.0,0.0,0.0,0.14285714285714285,0.14285714285714285,0.7818314824680298,0.6234898018587336,0.8660254037844387,-0.4999999999999998,0.0
FOODS_0088_WI_2_validation,d_82,0.0,0.0,0.0,1.0,0.0,0.0,0.0,0.14285714285714285,0.14285714285714285,0.9749279121818236,-0.22252093395631434,0.8660254037844387,-0.4999999999999998,0.0
FOODS_0088_WI_2_validation,d_83,0.0,0.0,0.0,0.0,1.0,0.0,0.0,0.14285714285714285,0.14285714285714285,0.43388373911755823,-0.900968867902419,0.8660254037844387,-0.4999999999999998,0.0
FOODS_0088_WI_2_validation,d_84,0.0,0.0,0.0,0.0,0.0,1.0,0.0,0.14285714285714285,0.14285714285714285,-0.433883739117558,-0.9009688679024191,0.8660254037844387,-0.4999999999999998,0.0
FOODS_0088_WI_2_validation,d_85,0.0,0.0,0.0,0.0,0.0,0.0,1.0,0.14285714285714285,0.14285714285714285,-0.9749279121818236,-0.2225209339563146,0.8660254037844387,-0.4999999999999998,0.0
FOODS_0088_WI_2_validation,d_86,0.0,0.0,0.0,0.0,0.0,0.0,0.0,0.0,0.07142857142857142,-0.7818314824680299,0.6234898018587334,0.8660254037844387,-0.4999999999999998,0.0
FOODS_0088_WI_2_validation,d_87,0.0,0.0,0.0,0.0,0.0,0.0,0.0,0.0,0.07142857142857142,0.0,1.0,0.8660254037844387,-0.4999999999999998,0.0
FOODS_0088_WI_2_validation,d_88,0.0,0.0,0.0,0.0,0.0,0.0,0.0,0.0,0.07142857142857142,0.7818314824680298,0.6234898018587336,0.8660254037844387,-0.4999999999999998,0.0
FOODS_0088_WI_2_validation,d_89,0.0,0.0,0.0,0.0,0.0,0.0,0.0,0.0,0.07142857142857142,0.9749279121818236,-0.22252093395631434,0.8660254037844387,-0.4999999999999998,0.0
FOODS_0088_WI_2_validation,d_90,0.0,0.0,0.0,0.0,0.0,0.0,0.0,0.0,0.07142857142857142,0.43388373911755823,-0.900968867902419,0.8660254037844387,-0.4999999999999998,0.0
FOODS_0088_WI_2_validation,d_91,0.0,0.0,0.0,0.0,0.0,0.0,0.0,0.0,0.07142857142857142,-0.433883739117558,-0.9009688679024191,0.8660254037844387,-0.4999999999999998,0.0
FOODS_0088_WI_2_validation,d_92,0.0,0.0,0.0,0.0,0.0,0.0,0.0,0.0,0.07142857142857142,-0.9749279121818236,-0.2225209339563146,0.8660254037844387,-0.4999999999999998,3.0
FOODS_0088_WI_2_validation,d_93,3.0,0.0,0.0,0.0,0.0,0.0,0.0,0.42857142857142855,0.21428571428571427,-0.7818314824680299,0.6234898018587334,0.49999999999999994,-0.8660254037844387,2.0
FOODS_0088_WI_2_validation,d_94,2.0,3.0,0.0,0.0,0.0,0.0,0.0,0.7142857142857143,0.35714285714285715,0.0,1.0,0.49999999999999994,-0.8660254037844387,0.0
FOODS_0088_WI_2_validation,d_95,0.0,2.0,3.0,0.0,0.0,0.0,0.0,0.7142857142857143,0.35714285714285715,0.7818314824680298,0.6234898018587336,0.49999999999999994,-0.8660254037844387,0.0
FOODS_0088_WI_2_validation,d_96,0.0,0.0,2.0,3.0,0.0,0.0,0.0,0.7142857142857143,0.35714285714285715,0.9749279121818236,-0.22252093395631434,0.49999999999999994,-0.8660254037844387,0.0
FOODS_0088_WI_2_validation,d_97,0.0,0.0,0.0,2.0,3.0,0.0,0.0,0.7142857142857143,0.35714285714285715,0.43388373911755823,-0.900968867902419,0.49999999999999994,-0.8660254037844387,0.0
FOODS_0088_WI_2_validation,d_98,0.0,0.0,0.0,0.0,2.0,3.0,0.0,0.7142857142857143,0.35714285714285715,-0.433883739117558,-0.9009688679024191,0.49999999999999994,-0.8660254037844387,0.0
FOODS_0088_WI_2_validation,d_99,0.0,0.0,0.0,0.0,0.0,2.0,3.0,0.7142857142857143,0.35714285714285715,-0.9749279121818236,-0.2225209339563146,0.49999999999999994,-0.8660254037844387,0.0
FOODS_0088_WI_2_validation,d_100,0.0,0.0,0.0,0.0,0.0,0.0,2.0,0.2857142857142857,0.35714285714285715,-0.7818314824680299,0.6234898018587334,0.49999999999999994,-0.8660254037844387,0.0
FOODS_0088_WI_2_validation,d_101,0.0,0.0,0.0,0.0,0.0,0.0,0.0,0.0,0.35714285714285715,0.0,1.0,0.49999999999999994,-0.8660254037844387,1.0
FOODS_0088_WI_2_validation,d_102,1.0,0.0,0.0,0.0,0.0,0.0,0.0,0.14285714285714285,0.42857142857142855,0.7818314824680298,0.6234898018587336,0.49999999999999994,-0.8660254037844387,0.0
FOODS_0088_WI_2_validation,d_103,0.0,1.0,0.0,0.0,0.0,0.0,0.0,0.14285714285714285,0.42857142857142855,0.9749279121818236,-0.22252093395631434,0.49999999999999994,-0.8660254037844387,0.0
FOODS_0088_WI_2_validation,d_104,0.0,0.0,1.0,0.0,0.0,0.0,0.0,0.14285714285714285,0.42857142857142855,0.43388373911755823,-0.900968867902419,0.49999999999999994,-0.8660254037844387,0.0
FOODS_0088_WI_2_validation,d_105,0.0,0.0,0.0,1.0,0.0,0.0,0.0,0.14285714285714285,0.42857142857142855,-0.433883739117558,-0.9009688679024191,0.49999999999999994,-0.8660254037844387,0.0
FOODS_0088_WI_2_validation,d_106,0.0,0.0,0.0,0.0,1.0,0.0,0.0,0.14285714285714285,0.42857142857142855,-0.9749279121818236,-0.2225209339563146,0.49999999999999994,-0.8660254037844387,0.0
FOODS_0088_WI_2_validation,d_107,0.0,0.0,0.0,0.0,0.0,1.0,0.0,0.14285714285714285,0.21428571428571427,-0.7818314824680299,0.6234898018587334,0.49999999999999994,-0.8660254037844387,0.0
FOODS_0088_WI_2_validation,d_108,0.0,0.0,0.0,0.0,0.0,0.0,1.0,0.14285714285714285,0.07142857142857142,0.0,1.0,0.49999999999999994,-0.8660254037844387,0.0
FOODS_0088_WI_2_validation,d_109,0.0,0.0,0.0,0.0,0.0,0.0,0.0,0.0,0.07142857142857142,0.7818314824680298,0.6234898018587336,0.49999999999999994,-0.8660254037844387,1.0
FOODS_0088_WI_2_validation,d_110,1.0,0.0,0.0,0.0,0.0,0.0,0.0,0.14285714285714285,0.14285714285714285,0.9749279121818236,-0.22252093395631434,0.49999999999999994,-0.8660254037844387,0.0
FOODS_0088_WI_2_validation,d_111,0.0,1.0,0.0,0.0,0.0,0.0,0.0,0.14285714285714285,0.14285714285714285,0.43388373911755823,-0.900968867902419,0.49999999999999994,-0.8660254037844387,0.0
FOODS_0088_WI_2_validation,d_112,0.0,0.0,1.0,0.0,0.0,0.0,0.0,0.14285714285714285,0.14285714285714285,-0.433883739117558,-0.9009688679024191,0.49999999999999994,-0.8660254037844387,0.0
FOODS_0088_WI_2_validation,d_113,0.0,0.0,0.0,1.0,0.0,0.0,0.0,0.14285714285714285,0.14285714285714285,-0.9749279121818236,-0.2225209339563146,0.49999999999999994,-0.8660254037844387,0.0
FOODS_0088_WI_2_validation,d_114,0.0,0.0,0.0,0.0,1.0,0.0,0.0,0.14285714285714285,0.14285714285714285,-0.7818314824680299,0.6234898018587334,0.49999999999999994,-0.8660254037844387,0.0
FOODS_0088_WI_2_validation,d_115,0.0,0.0,0.0,0.0,0.0,1.0,0.0,0.14285714285714285,0.14285714285714285,0.0,1.0,0.49999999999999994,-0.8660254037844387,0.0
FOODS_0088_WI_2_validation,d_116,0.0,0.0,0.0,0.0,0.0,0.0,1.0,0.14285714285714285,0.07142857142857142,0.7818314824680298,0.6234898018587336,0.49999999999999994,-0.8660254037844387,0.0
HOUSEHOLD_0089_WI_3_validation,d_50,0.0,0.0,0.0,0.0,1.0,0.0,0.0,0.14285714285714285,0.07142857142857142,-0.9749279121818236,-0.2225209339563146,1.0,6.123233995736766e-17,1.0
HOUSEHOLD_0089_WI_3_validation,d_51,1.0,0.0,0.0,0.0,0.0,1.0,0.0,0.2857142857142857,0.14285714285714285,-0.7818314824680299,0.6234898018587334,1.0,6.123233995736766e-17,1.0
HOUSEHOLD_0089_WI_3_validation,d_52,1.0,1.0,0.0,0.0,0.0,0.0,1.0,0.42857142857142855,0.21428571428571427,0.0,1.0,1.0,6.123233995736766e-17,1.0
HOUSEHOLD_0089_WI_3_validation,d_53,1.0,1.0,1.0,0.0,0.0,0.0,0.0,0.42857142857142855,0.2857142857142857,0.7818314824680298,0.6234898018587336,1.0,6.123233995736766e-17,0.0
HOUSEHOLD_0089_WI_3_validation,d_54,0.0,1.0,1.0,1.0,0.0,0.0,0.0,0.42857142857142855,0.2857142857142857,0.9749279121818236,-0.22252093395631434,1.0,6.123233995736766e-17,0.0
HOUSEHOLD_0089_WI_3_validation,d_55,0.0,0.0,1.0,1.0,1.0,0.0,0.0,0.42857142857142855,0.2857142857142857,0.43388373911755823,-0.900968867902419,1.0,6.123233995736766e-17,1.0
HOUSEHOLD_0089_WI_3_validation,d_56,1.0,0.0,0.0,1.0,1.0,1.0,0.0,0.5714285714285714,0.35714285714285715,-0.433883739117558,-0.9009688679024191,1.0,6.123233995736766e-17,1.0
HOUSEHOLD_0089_WI_3_validation,d_57,1.0,1.0,0.0,0.0,1.0,1.0,1.0,0.7142857142857143,0.42857142857142855,-0.9749279121818236,-0.2225209339563146,1.0,6.123233995736766e-17,0.0
HOUSEHOLD_0089_WI_3_validation,d_58,0.0,1.0,1.0,0.0,0.0,1.0,1.0,0.5714285714285714,0.42857142857142855,-0.7818314824680299,0.6234898018587334,1.0,6.123233995736766e-17,0.0
HOUSEHOLD_0089_WI_3_validation,d_59,0.0,0.0,1.0,1.0,0.0,0.0,1.0,0.42857142857142855,0.42857142857142855,0.0,1.0,1.0,6.123233995736766e-17,4.0
HOUSEHOLD_0089_WI_3_validation,d_60,4.0,0.0,0.0,1.0,1.0,0.0,0.0,0.8571428571428571,0.6428571428571429,0.7818314824680298,0.6234898018587336,1.0,6.123233995736766e-17,0.0
HOUSEHOLD_0089_WI_3_validation,d_61,0.0,4.0,0.0,0.0,1.0,1.0,0.0,0.8571428571428571,0.6428571428571429,0.9749279121818236,-0.22252093395631434,1.0,6.123233995736766e-17,0.0
HOUSEHOLD_0089_WI_3_validation,d_62,0.0,0.0,4.0,0.0,0.0,1.0,1.0,0.8571428571428571,0.6428571428571429,0.43388373911755823,-0.900968867902419,1.0,6.123233995736766e-17,0.0
HOUSEHOLD_0089_WI_3_validation,d_63,0.0,0.0,0.0,4.0,0.0,0.0,1.0,0.7142857142857143,0.6428571428571429,-0.433883739117558,-0.9009688679024191,0.8660254037844387,-0.4999999999999998,0.0
HOUSEHOLD_0089_WI_3_validation,d_64,0.0,0.0,0.0,0.0,4.0,0.0,0.0,0.5714285714285714,0.6428571428571429,-0.9749279121818236,-0.2225209339563146,0.8660254037844387,-0.4999999999999998,0.0
HOUSEHOLD_0089_WI_3_validation,d_65,0.0,0.0,0.0,0.0,0.0,4.0,0.0,0.5714285714285714,0.5714285714285714,-0.7818314824680299,0.6234898018587334,0.8660254037844387,-0.4999999999999998,1.0
HOUSEHOLD_0089_WI_3_validation,d_66,1.0,0.0,0.0,0.0,0.0,0.0,4.0,0.7142857142857143,0.5714285714285714,0.0,1.0,0.8660254037844387,-0.4999999999999998,2.0
HOUSEHOLD_0089_WI_3_validation,d_67,2.0,1.0,0.0,0.0,0.0,0.0,0.0,0.42857142857142855,0.6428571428571429,0.7818314824680298,0.6234898018587336,0.8660254037844387,-0.4999999999999998,2.0
HOUSEHOLD_0089_WI_3_validation,d_68,2.0,2.0,1.0,0.0,0.0,0.0,0.0,0.7142857142857143,0.7857142857142857,0.9749279121818236,-0.22252093395631434,0.8660254037844387,-0.4999999999999998,2.0
HOUSEHOLD_0089_WI_3_validation,d_69,2.0,2.0,2.0,1.0,0.0,0.0,0.0,1.0,0.9285714285714286,0.43388373911755823,-0.900968867902419,0.8660254037844387,-0.4999999999999998,0.0
HOUSEHOLD_0089_WI_3_validation,d_70,0.0,2.0,2.0,2.0,1.0,0.0,0.0,1.0,0.8571428571428571,-0.433883739117558,-0.9009688679024191,0.8660254037844387,-0.4999999999999998,1.0
HOUSEHOLD_0089_WI_3_validation,d_71,1.0,0.0,2.0,2.0,2.0,1.0,0.0,1.1428571428571428,0.8571428571428571,-0.9749279121818236,-0.2225209339563146,0.8660254037844387,-0.4999999999999998,0.0
HOUSEHOLD_0089_WI_3_validation,d_72,0.0,1.0,0.0,2.0,2.0,2.0,1.0,1.1428571428571428,0.8571428571428571,-0.7818314824680299,0.6234898018587334,0.8660254037844387,-0.4999999999999998,1.0
HOUSEHOLD_0089_WI_3_validation,d_73,1.0,0.0,1.0,0.0,2.0,2.0,2.0,1.1428571428571428,0.9285714285714286,0.0,1.0,0.8660254037844387,-0.4999999999999998,1.0
HOUSEHOLD_0089_WI_3_validation,d_74,1.0,1.0,0.0,1.0,0.0,2.0,2.0,1.0,0.7142857142857143,0.7818314824680298,0.6234898018587336,0.8660254037844387,-0.4999999999999998,0.0
HOUSEHOLD_0089_WI_3_validation,d_75,0.0,1.0,1.0,0.0,1.0,0.0,2.0,0.7142857142857143,0.7142857142857143,0.9749279121818236,-0.22252093395631434,0.8660254037844387,-0.4999999999999998,0.0
HOUSEHOLD_0089_WI_3_validation,d_76,0.0,0.0,1.0,1.0,0.0,1.0,0.0,0.42857142857142855,0.7142857142857143,0.43388373911755823,-0.900968867902419,0.8660254037844387,-0.4999999999999998,0.0
HOUSEHOLD_0089_WI_3_validation,d_77,0.0,0.0,0.0,1.0,1.0,0.0,1.0,0.42857142857142855,0.7142857142857143,-0.433883739117558,-0.9009688679024191,0.8660254037844387,-0.4999999999999998,0.0
HOUSEHOLD_0089_WI_3_validation,d_78,0.0,0.0,0.0,0.0,1.0,1.0,0.0,0.2857142857142857,0.7142857142857143,-0.9749279121818236,-0.2225209339563146,0.8660254037844387,-0.4999999999999998,0.0
HOUSEHOLD_0089_WI_3_validation,d_79,0.0,0.0,0.0,0.0,0.0,1.0,1.0,0.2857142857142857,0.7142857142857143,-0.7818314824680299,0.6234898018587334,0.8660254037844387,-0.4999999999999998,0.0
HOUSEHOLD_0089_WI_3_validation,d_80,0.0,0.0,0.0,0.0,0.0,0.0,1.0,0.14285714285714285,0.6428571428571429,0.0,1.0,0.8660254037844387,-0.4999999999999998,2.0
HOUSEHOLD_0089_WI_3_validation,d_81,2.0,0.0,0.0,0.0,0.0,0.0,0.0,0.2857142857142857,0.6428571428571429,0.7818314824680298,0.6234898018587336,0.8660254037844387,-0.4999999999999998,1.0
HOUSEHOLD_0089_WI_3_validation,d_82,1.0,2.0,0.0,0.0,0.0,0.0,0.0,0.42857142857142855,0.5714285714285714,0.9749279121818236,-0.22252093395631434,0.8660254037844387,-0.4999999999999998,0.0
HOUSEHOLD_0089_WI_3_validation,d_83,0.0,1.0,2.0,0.0,0.0,0.0,0.0,0.42857142857142855,0.42857142857142855,0.43388373911755823,-0.900968867902419,0.8660254037844387,-0.4999999999999998,0.0
HOUSEHOLD_0089_WI_3_validation,d_84,0.0,0.0,1.0,2.0,0.0,0.0,0.0,0.42857142857142855,0.42857142857142855,-0.433883739117558,-0.9009688679024191,0.8660254037844387,-0.4999999999999998,0.0
HOUSEHOLD_0089_WI_3_validation,d_85,0.0,0.0,0.0,1.0,2.0,0.0,0.0,0.42857142857142855,0.35714285714285715,-0.9749279121818236,-0.2225209339563146,0.8660254037844387,-0.4999999999999998,1.0
HOUSEHOLD_0089_WI_3_validation,d_86,1.0,0.0,0.0,0.0,1.0,2.0,0.0,0.5714285714285714,0.42857142857142855,-0.7818314824680299,0.6234898018587334,0.8660254037844387,-0.4999999999999998,0.0
HOUSEHOLD_0089_WI_3_validation,d_87,0.0,1.0,0.0,0.0,0.0,1.0,2.0,0.5714285714285714,0.35714285714285715,0.0,1.0,0.8660254037844387,-0.4999999999999998,0.0
HOUSEHOLD_0089_WI_3_validation,d_88,0.0,0.0,1.0,0.0,0.0,0.0,1.0,0.2857142857142857,0.2857142857142857,0.7818314824680298,0.6234898018587336,0.8660254037844387,-0.4999999999999998,0.0
HOUSEHOLD_0089_WI_3_validation,d_89,0.0,0.0,0.0,1.0,0.0,0.0,0.0,0.14285714285714285,0.2857142857142857,0.9749279121818236,-0.22252093395631434,0.8660254037844387,-0.4999999999999998,2.0
HOUSEHOLD_0089_WI_3_validation,d_90,2.0,0.0,0.0,0.0,1.0,0.0,0.0,0.42857142857142855,0.42857142857142855,0.43388373911755823,-0.900968867902419,0.8660254037844387,-0.4999999999999998,1.0
HOUSEHOLD_0089_WI_3_validation,d_91,1.0,2.0,0.0,0.0,0.0,1.0,0.0,0.5714285714285714,0.5,-0.433883739117558,-0.9009688679024191,0.8660254037844387,-0.4999999999999998,0.0
HOUSEHOLD_0089_WI_3_validation,d_92,0.0,1.0,2.0,0.0,0.0,0.0,1.0,0.5714285714285714,0.5,-0.9749279121818236,-0.2225209339563146,0.8660254037844387,-0.4999999999999998,0.0
HOUSEHOLD_0089_WI_3_validation,d_93,0.0,0.0,1.0,2.0,0.0,0.0,0.0,0.42857142857142855,0.5,-0.7818314824680299,0.6234898018587334,0.49999999999999994,-0.8660254037844387,1.0
HOUSEHOLD_0089_WI_3_validation,d_94,1.0,0.0,0.0,1.0,2.0,0.0,0.0,0.5714285714285714,0.5714285714285714,0.0,1.0,0.49999999999999994,-0.8660254037844387,1.0
HOUSEHOLD_0089_WI_3_validation,d_95,1.0,1.0,0.0,0.0,1.0,2.0,0.0,0.7142857142857143,0.5,0.7818314824680298,0.6234898018587336,0.49999999999999994,-0.8660254037844387,3.0
HOUSEHOLD_0089_WI_3_validation,d_96,3.0,1.0,1.0,0.0,0.0,1.0,2.0,1.1428571428571428,0.6428571428571429,0.9749279121818236,-0.22252093395631434,0.49999999999999994,-0.8660254037844387,0.0
HOUSEHOLD_0089_WI_3_validation,d_97,0.0,3.0,1.0,1.0,0.0,0.0,1.0,0.8571428571428571,0.6428571428571429,0.43388373911755823,-0.900968867902419,0.49999999999999994,-0.8660254037844387,0.0
HOUSEHOLD_0089_WI_3_validation,d_98,0.0,0.0,3.0,1.0,1.0,0.0,0.0,0.7142857142857143,0.6428571428571429,-0.433883739117558,-0.9009688679024191,0.49999999999999994,-0.8660254037844387,0.0
HOUSEHOLD_0089_WI_3_validation,d_99,0.0,0.0,0.0,3.0,1.0,1.0,0.0,0.7142857142857143,0.6428571428571429,-0.9749279121818236,-0.2225209339563146,0.49999999999999994,-0.8660254037844387,1.0
HOUSEHOLD_0089_WI_3_validation,d_100,1.0,0.0,0.0,0.0,3.0,1.0,1.0,0.8571428571428571,0.6428571428571429,-0.7818314824680299,0.6234898018587334,0.49999999999999994,-0.8660254037844387,1.0
HOUSEHOLD_0089_WI_3_validation,d_101,1.0,1.0,0.0,0.0,0.0,3.0,1.0,0.8571428571428571,0.7142857142857143,0.0,1.0,0.49999999999999994,-0.8660254037844387,0.0
HOUSEHOLD_0089_WI_3_validation,d_102,0.0,1.0,1.0,0.0,0.0,0.0,3.0,0.7142857142857143,0.7142857142857143,0.7818314824680298,0.6234898018587336,0.49999999999999994,-0.8660254037844387,1.0
HOUSEHOLD_0089_WI_3_validation,d_103,1.0,0.0,1.0,1.0,0.0,0.0,0.0,0.42857142857142855,0.7857142857142857,0.9749279121818236,-0.22252093395631434,0.49999999999999994,-0.8660254037844387,0.0
HOUSEHOLD_0089_WI_3_validation,d_104,0.0,1.0,0.0,1.0,1.0,0.0,0.0,0.42857142857142855,0.6428571428571429,0.43388373911755823,-0.900968867902419,0.49999999999999994,-0.8660254037844387,0.0
HOUSEHOLD_0089_WI_3_validation,d_105,0.0,0.0,1.0,0.0,1.0,1.0,0.0,0.42857142857142855,0.5714285714285714,-0.433883739117558,-0.9009688679024191,0.49999999999999994,-0.8660254037844387,0.0
HOUSEHOLD_0089_WI_3_validation,d_106,0.0,0.0,0.0,1.0,0.0,1.0,1.0,0.42857142857142855,0.5714285714285714,-0.9749279121818236,-0.2225209339563146,0.49999999999999994,-0.8660254037844387,0.0
HOUSEHOLD_0089_WI_3_validation,d_107,0.0,0.0,0.0,0.0,1.0,0.0,1.0,0.2857142857142857,0.5714285714285714,-0.7818314824680299,0.6234898018587334,0.49999999999999994,-0.8660254037844387,0.0
HOUSEHOLD_0089_WI_3_validation,d_108,0.0,0.0,0.0,0.0,0.0,1.0,0.0,0.14285714285714285,0.5,0.0,1.0,0.49999999999999994,-0.8660254037844387,0.0
HOUSEHOLD_0089_WI_3_validation,d_109,0.0,0.0,0.0,0.0,0.0,0.0,1.0,0.14285714285714285,0.42857142857142855,0.7818314824680298,0.6234898018587336,0.49999999999999994,-0.8660254037844387,0.0
HOUSEHOLD_0089_WI_3_validation,d_110,0.0,0.0,0.0,0.0,0.0,0.0,0.0,0.0,0.21428571428571427,0.9749279121818236,-0.22252093395631434,0.49999999999999994,-0.8660254037844387,0.0
HOUSEHOLD_0089_WI_3_validation,d_111,0.0,0.0,0.0,0.0,0.0,0.0,0.0,0.0,0.21428571428571427,0.43388373911755823,-0.900968867902419,0.49999999999999994,-0.8660254037844387,0.0
HOUSEHOLD_0089_WI_3_validation,d_112,0.0,0.0,0.0,0.0,0.0,0.0,0.0,0.0,0.21428571428571427,-0.433883739117558,-0.9009688679024191,0.49999999999999994,-0.8660254037844387,0.0
HOUSEHOLD_0089_WI_3_validation,d_113,0.0,0.0,0.0,0.0,0.0,0.0,0.0,0.0,0.21428571428571427,-0.9749279121818236,-0.2225209339563146,0.49999999999999994,-0.8660254037844387,1.0
HOUSEHOLD_0089_WI_3_validation,d_114,1.0,0.0,0.0,0.0,0.0,0.0,0.0,0.14285714285714285,0.21428571428571427,-0.7818314824680299,0.6234898018587334,0.49999999999999994,-0.8660254037844387,1.0
HOUSEHOLD_0089_WI_3_validation,d_115,1.0,1.0,0.0,0.0,0.0,0.0,0.0,0.2857142857142857,0.21428571428571427,0.0,1.0,0.49999999999999994,-0.8660254037844387,0.0
HOUSEHOLD_0089_WI_3_validation,d_116,0.0,1.0,1.0,0.0,0.0,0.0,0.0,0.2857142857142857,0.21428571428571427,0.7818314824680298,0.6234898018587336,0.49999999999999994,-0.8660254037844387,2.0
HOBBIES_0090_CA_1_validation,d_50,1.0,0.0,0.0,2.0,1.0,0.0,0.0,0.5714285714285714,0.42857142857142855,-0.9749279121818236,-0.2225209339563146,1.0,6.123233995736766e-17,0.0
HOBBIES_0090_CA_1_validation,d_51,0.0,1.0,0.0,0.0,2.0,1.0,0.0,0.5714285714285714,0.42857142857142855,-0.7818314824680299,0.6234898018587334,1.0,6.123233995736766e-17,0.0
HOBBIES_0090_CA_1_validation,d_52,0.0,0.0,1.0,0.0,0.0,2.0,1.0,0.5714285714285714,0.42857142857142855,0.0,1.0,1.0,6.123233995736766e-17,1.0
HOBBIES_0090_CA_1_validation,d_53,1.0,0.0,0.0,1.0,0.0,0.0,2.0,0.5714285714285714,0.5,0.7818314824680298,0.6234898018587336,1.0,6.123233995736766e-17,1.0
HOBBIES_0090_CA_1_validation,d_54,1.0,1.0,0.0,0.0,1.0,0.0,0.0,0.42857142857142855,0.5,0.9749279121818236,-0.22252093395631434,1.0,6.123233995736766e-17,0.0
HOBBIES_0090_CA_1_validation,d_55,0.0,1.0,1.0,0.0,0.0,1.0,0.0,0.42857142857142855,0.42857142857142855,0.43388373911755823,-0.900968867902419,1.0,6.123233995736766e-17,0.0
HOBBIES_0090_CA_1_validation,d_56,0.0,0.0,1.0,1.0,0.0,0.0,1.0,0.42857142857142855,0.42857142857142855,-0.433883739117558,-0.9009688679024191,1.0,6.123233995736766e-17,0.0
HOBBIES_0090_CA_1_validation,d_57,0.0,0.0,0.0,1.0,1.0,0.0,0.0,0.2857142857142857,0.42857142857142855,-0.9749279121818236,-0.2225209339563146,1.0,6.123233995736766e-17,1.0
HOBBIES_0090_CA_1_validation,d_58,1.0,0.0,0.0,0.0,1.0,1.0,0.0,0.42857142857142855,0.5,-0.7818314824680299,0.6234898018587334,1.0,6.123233995736766e-17,2.0
HOBBIES_0090_CA_1_validation,d_59,2.0,1.0,0.0,0.0,0.0,1.0,1.0,0.7142857142857143,0.6428571428571429,0.0,1.0,1.0,6.123233995736766e-17,0.0
HOBBIES_0090_CA_1_validation,d_60,0.0,2.0,1.0,0.0,0.0,0.0,1.0,0.5714285714285714,0.5714285714285714,0.7818314824680298,0.6234898018587336,1.0,6.123233995736766e-17,2.0
HOBBIES_0090_CA_1_validation,d_61,2.0,0.0,2.0,1.0,0.0,0.0,0.0,0.7142857142857143,0.5714285714285714,0.9749279121818236,-0.22252093395631434,1.0,6.123233995736766e-17,0.0
HOBBIES_0090_CA_1_validation,d_62,0.0,2.0,0.0,2.0,1.0,0.0,0.0,0.7142857142857143,0.5714285714285714,0.43388373911755823,-0.900968867902419,1.0,6.123233995736766e-17,0.0
HOBBIES_0090_CA_1_validation,d_63,0.0,0.0,2.0,0.0,2.0,1.0,0.0,0.7142857142857143,0.5714285714285714,-0.433883739117558,-0.9009688679024191,0.8660254037844387,-0.4999999999999998,0.0
HOBBIES_0090_CA_1_validation,d_64,0.0,0.0,0.0,2.0,0.0,2.0,1.0,0.7142857142857143,0.5,-0.9749279121818236,-0.2225209339563146,0.8660254037844387,-0.4999999999999998,3.0
HOBBIES_0090_CA_1_validation,d_65,3.0,0.0,0.0,0.0,2.0,0.0,2.0,1.0,0.7142857142857143,-0.7818314824680299,0.6234898018587334,0.8660254037844387,-0.4999999999999998,0.0
HOBBIES_0090_CA_1_validation,d_66,0.0,3.0,0.0,0.0,0.0,2.0,0.0,0.7142857142857143,0.7142857142857143,0.0,1.0,0.8660254037844387,-0.4999999999999998,1.0
HOBBIES_0090_CA_1_validation,d_67,1.0,0.0,3.0,0.0,0.0,0.0,2.0,0.8571428571428571,0.7142857142857143,0.7818314824680298,0.6234898018587336,0.8660254037844387,-0.4999999999999998,1.0
HOBBIES_0090_CA_1_validation,d_68,1.0,1.0,0.0,3.0,0.0,0.0,0.0,0.7142857142857143,0.7142857142857143,0.9749279121818236,-0.22252093395631434,0.8660254037844387,-0.4999999999999998,0.0
HOBBIES_0090_CA_1_validation,d_69,0.0,1.0,1.0,0.0,3.0,0.0,0.0,0.7142857142857143,0.7142857142857143,0.43388373911755823,-0.900968867902419,0.8660254037844387,-0.4999999999999998,0.0
HOBBIES_0090_CA_1_validation,d_70,0.0,0.0,1.0,1.0,0.0,3.0,0.0,0.7142857142857143,0.7142857142857143,-0.433883739117558,-0.9009688679024191,0.8660254037844387,-0.4999999999999998,0.0
HOBBIES_0090_CA_1_validation,d_71,0.0,0.0,0.0,1.0,1.0,0.0,3.0,0.7142857142857143,0.7142857142857143,-0.9749279121818236,-0.2225209339563146,0.8660254037844387,-0.4999999999999998,0.0
HOBBIES_0090_CA_1_validation,d_72,0.0,0.0,0.0,0.0,1.0,1.0,0.0,0.2857142857142857,0.6428571428571429,-0.7818314824680299,0.6234898018587334,0.8660254037844387,-0.4999999999999998,0.0
HOBBIES_0090_CA_1_validation,d_73,0.0,0.0,0.0,0.0,0.0,1.0,1.0,0.2857142857142857,0.5,0.0,1.0,0.8660254037844387,-0.4999999999999998,1.0
HOBBIES_0090_CA_1_validation,d_74,1.0,0.0,0.0,0.0,0.0,0.0,1.0,0.2857142857142857,0.5714285714285714,0.7818314824680298,0.6234898018587336,0.8660254037844387,-0.4999999999999998,0.0
HOBBIES_0090_CA_1_validation,d_75,0.0,1.0,0.0,0.0,0.0,0.0,0.0,0.14285714285714285,0.42857142857142855,0.9749279121818236,-0.22252093395631434,0.8660254037844387,-0.4999999999999998,0.0
HOBBIES_0090_CA_1_validation,d_76,0.0,0.0,1.0,0.0,0.0,0.0,0.0,0.14285714285714285,0.42857142857142855,0.43388373911755823,-0.900968867902419,0.8660254037844387,-0.4999999999999998,0.0
HOBBIES_0090_CA_1_validation,d_77,0.0,0.0,0.0,1.0,0.0,0.0,0.0,0.14285714285714285,0.42857142857142855,-0.433883739117558,-0.9009688679024191,0.8660254037844387,-0.4999999999999998,0.0
HOBBIES_0090_CA_1_validation,d_78,0.0,0.0,0.0,0.0,1.0,0.0,0.0,0.14285714285714285,0.42857142857142855,-0.9749279121818236,-0.2225209339563146,0.8660254037844387,-0.4999999999999998,0.0
HOBBIES_0090_CA_1_validation,d_79,0.0,0.0,0.0,0.0,0.0,1.0,0.0,0.14285714285714285,0.21428571428571427,-0.7818314824680299,0.6234898018587334,0.8660254037844387,-0.4999999999999998,0.0
HOBBIES_0090_CA_1_validation,d_80,0.0,0.0,0.0,0.0,0.0,0.0,1.0,0.14285714285714285,0.21428571428571427,0.0,1.0,0.8660254037844387,-0.4999999999999998,0.0
HOBBIES_0090_CA_1_validation,d_81,0.0,0.0,0.0,0.0,0.0,0.0,0.0,0.0,0.14285714285714285,0.7818314824680298,0.6234898018587336,0.8660254037844387,-0.4999999999999998,0.0
HOBBIES_0090_CA_1_validation,d_82,0.0,0.0,0.0,0.0,0.0,0.0,0.0,0.0,0.07142857142857142,0.9749279121818236,-0.22252093395631434,0.8660254037844387,-0.4999999999999998,0.0
HOBBIES_0090_CA_1_validation,d_83,0.0,0.0,0.0,0.0,0.0,0.0,0.0,0.0,0.07142857142857142,0.43388373911755823,-0.900968867902419,0.8660254037844387,-0.4999999999999998,0.0
HOBBIES_0090_CA_1_validation,d_84,0.0,0.0,0.0,0.0,0.0,0.0,0.0,0.0,0.07142857142857142,-0.433883739117558,-0.9009688679024191,0.8660254037844387,-0.4999999999999998,0.0
HOBBIES_0090_CA_1_validation,d_85,0.0,0.0,0.0,0.0,0.0,0.0,0.0,0.0,0.07142857142857142,-0.9749279121818236,-0.2225209339563146,0.8660254037844387,-0.4999999999999998,0.0
HOBBIES_0090_CA_1_validation,d_86,0.0,0.0,0.0,0.0,0.0,0.0,0.0,0.0,0.07142857142857142,-0.7818314824680299,0.6234898018587334,0.8660254037844387,-0.4999999999999998,2.0
HOBBIES_0090_CA_1_validation,d_87,2.0,0.0,0.0,0.0,0.0,0.0,0.0,0.2857142857142857,0.21428571428571427,0.0,1.0,0.8660254037844387,-0.4999999999999998,2.0
HOBBIES_0090_CA_1_validation,d_88,2.0,2.0,0.0,0.0,0.0,0.0,0.0,0.5714285714285714,0.2857142857142857,0.7818314824680298,0.6234898018587336,0.8660254037844387,-0.4999999999999998,0.0
HOBBIES_0090_CA_1_validation,d_89,0.0,2.0,2.0,0.0,0.0,0.0,0.0,0.5714285714285714,0.2857142857142857,0.9749279121818236,-0.22252093395631434,0.8660254037844387,-0.4999999999999998,0.0
HOBBIES_0090_CA_1_validation,d_90,0.0,0.0,2.0,2.0,0.0,0.0,0.0,0.5714285714285714,0.2857142857142857,0.43388373911755823,-0.900968867902419,0.8660254037844387,-0.4999999999999998,0.0
HOBBIES_0090_CA_1_validation,d_91,0.0,0.0,0.0,2.0,2.0,0.0,0.0,0.5714285714285714,0.2857142857142857,-0.433883739117558,-0.9009688679024191,0.8660254037844387,-0.4999999999999998,1.0
HOBBIES_0090_CA_1_validation,d_92,1.0,0.0,0.0,0.0,2.0,2.0,0.0,0.7142857142857143,0.35714285714285715,-0.9749279121818236,-0.2225209339563146,0.8660254037844387,-0.4999999999999998,1.0
HOBBIES_0090_CA_1_validation,d_93,1.0,1.0,0.0,0.0,0.0,2.0,2.0,0.8571428571428571,0.42857142857142855,-0.7818314824680299,0.6234898018587334,0.49999999999999994,-0.8660254037844387,2.0
HOBBIES_0090_CA_1_validation,d_94,2.0,1.0,1.0,0.0,0.0,0.0,2.0,0.8571428571428571,0.5714285714285714,0.0,1.0,0.49999999999999994,-0.8660254037844387,1.0
HOBBIES_0090_CA_1_validation,d_95,1.0,2.0,1.0,1.0,0.0,0.0,0.0,0.7142857142857143,0.6428571428571429,0.7818314824680298,0.6234898018587336,0.49999999999999994,-0.8660254037844387,0.0
HOBBIES_0090_CA_1_validation,d_96,0.0,1.0,2.0,1.0,1.0,0.0,0.0,0.7142857142857143,0.6428571428571429,0.9749279121818236,-0.22252093395631434,0.49999999999999994,-0.8660254037844387,0.0
HOBBIES_0090_CA_1_validation,d_97,0.0,0.0,1.0,2.0,1.0,1.0,0.0,0.7142857142857143,0.6428571428571429,0.43388373911755823,-0.900968867902419,0.49999999999999994,-0.8660254037844387,0.0
HOBBIES_0090_CA_1_validation,d_98,0.0,0.0,0.0,1.0,2.0,1.0,1.0,0.7142857142857143,0.6428571428571429,-0.433883739117558,-0.9009688679024191,0.49999999999999994,-0.8660254037844387,0.0
HOBBIES_0090_CA_1_validation,d_99,0.0,0.0,0.0,0.0,1.0,2.0,1.0,0.5714285714285714,0.6428571428571429,-0.9749279121818236,-0.2225209339563146,0.49999999999999994,-0.8660254037844387,0.0
HOBBIES_0090_CA_1_validation,d_100,0.0,0.0,0.0,0.0,0.0,1.0,2.0,0.42857142857142855,0.6428571428571429,-0.7818314824680299,0.6234898018587334,0.49999999999999994,-0.8660254037844387,1.0
HOBBIES_0090_CA_1_validation,d_101,1.0,0.0,0.0,0.0,0.0,0.0,1.0,0.2857142857142857,0.5714285714285714,0.0,1.0,0.49999999999999994,-0.8660254037844387,0.0
HOBBIES_0090_CA_1_validation,d_102,0.0,1.0,0.0,0.0,0.0,0.0,0.0,0.14285714285714285,0.42857142857142855,0.7818314824680298,0.6234898018587336,0.49999999999999994,-0.8660254037844387,0.0
HOBBIES_0090_CA_1_validation,d_103,0.0,0.0,1.0,0.0,0.0,0.0,0.0,0.14285714285714285,0.42857142857142855,0.9749279121818236,-0.22252093395631434,0.49999999999999994,-0.8660254037844387,0.0
HOBBIES_0090_CA_1_validation,d_104,0.0,0.0,0.0,1.0,0.0,0.0,0.0,0.14285714285714285,0.42857142857142855,0.43388373911755823,-0.900968867902419,0.49999999999999994,-0.8660254037844387,0.0
HOBBIES_0090_CA_1_validation,d_105,0.0,0.0,0.0,0.0,1.0,0.0,0.0,0.14285714285714285,0.42857142857142855,-0.433883739117558,-0.9009688679024191,0.49999999999999994,-0.8660254037844387,0.0
HOBBIES_0090_CA_1_validation,d_106,0.0,0.0,0.0,0.0,0.0,1.0,0.0,0.14285714285714285,0.35714285714285715,-0.9749279121818236,-0.2225209339563146,0.49999999999999994,-0.8660254037844387,0.0
HOBBIES_0090_CA_1_validation,d_107,0.0,0.0,0.0,0.0,0.0,0.0,1.0,0.14285714285714285,0.2857142857142857,-0.7818314824680299,0.6234898018587334,0.49999999999999994,-0.8660254037844387,0.0
HOBBIES_0090_CA_1_validation,d_108,0.0,0.0,0.0,0.0,0.0,0.0,0.0,0.0,0.14285714285714285,0.0,1.0,0.49999999999999994,-0.8660254037844387,0.0
HOBBIES_0090_CA_1_validation,d_109,0.0,0.0,0.0,0.0,0.0,0.0,0.0,0.0,0.07142857142857142,0.7818314824680298,0.6234898018587336,0.49999999999999994,-0.8660254037844387,0.0
HOBBIES_0090_CA_1_validation,d_110,0.0,0.0,0.0,0.0,0.0,0.0,0.0,0.0,0.07142857142857142,0.9749279121818236,-0.22252093395631434,0.49999999999999994,-0.8660254037844387,0.0
HOBBIES_0090_CA_1_validation,d_111,0.0,0.0,0.0,0.0,0.0,0.0,0.0,0.0,0.07142857142857142,0.43388373911755823,-0.900968867902419,0.49999999999999994,-0.8660254037844387,0.0
HOBBIES_0090_CA_1_validation,d_112,0.0,0.0,0.0,0.0,0.0,0.0,0.0,0.0,0.07142857142857142,-0.433883739117558,-0.9009688679024191,0.49999999999999994,-0.8660254037844387,0.0
HOBBIES_0090_CA_1_validation,d_113,0.0,0.0,0.0,0.0,0.0,0.0,0.0,0.0,0.07142857142857142,-0.9749279121818236,-0.2225209339563146,0.49999999999999994,-0.8660254037844387,0.0
HOBBIES_0090_CA_1_validation,d_114,0.0,0.0,0.0,0.0,0.0,0.0,0.0,0.0,0.07142857142857142,-0.7818314824680299,0.6234898018587334,0.49999999999999994,-0.8660254037844387,2.0
HOBBIES_0090_CA_1_validation,d_115,2.0,0.0,0.0,0.0,0.0,0.0,0.0,0.2857142857142857,0.14285714285714285,0.0,1.0,0.49999999999999994,-0.8660254037844387,0.0
HOBBIES_0090_CA_1_validation,d_116,0.0,2.0,0.0,0.0,0.0,0.0,0.0,0.2857142857142857,0.14285714285714285,0.7818314824680298,0.6234898018587336,0.49999999999999994,-0.8660254037844387,0.0
FOODS_0094_TX_2_validation,d_50,0.0,0.0,0.0,0.0,0.0,0.0,1.0,0.14285714285714285,0.21428571428571427,-0.9749279121818236,-0.2225209339563146,1.0,6.123233995736766e-17,0.0
FOODS_0094_TX_2_validation,d_51,0.0,0.0,0.0,0.0,0.0,0.0,0.0,0.0,0.21428571428571427,-0.7818314824680299,0.6234898018587334,1.0,6.123233995736766e-17,0.0
FOODS_0094_TX_2_validation,d_52,0.0,0.0,0.0,0.0,0.0,0.0,0.0,0.0,0.07142857142857142,0.0,1.0,1.0,6.123233995736766e-17,0.0
FOODS_0094_TX_2_validation,d_53,0.0,0.0,0.0,0.0,0.0,0.0,0.0,0.0,0.07142857142857142,0.7818314824680298,0.6234898018587336,1.0,6.123233995736766e-17,1.0
FOODS_0094_TX_2_validation,d_54,1.0,0.0,0.0,0.0,0.0,0.0,0.0,0.14285714285714285,0.14285714285714285,0.9749279121818236,-0.22252093395631434,1.0,6.123233995736766e-17,0.0
FOODS_0094_TX_2_validation,d_55,0.0,1.0,0.0,0.0,0.0,0.0,0.0,0.14285714285714285,0.14285714285714285,0.43388373911755823,-0.900968867902419,1.0,6.123233995736766e-17,0.0
FOODS_0094_TX_2_validation,d_56,0.0,0.0,1.0,0.0,0.0,0.0,0.0,0.14285714285714285,0.14285714285714285,-0.433883739117558,-0.9009688679024191,1.0,6.123233995736766e-17,0.0
FOODS_0094_TX_2_validation,d_57,0.0,0.0,0.0,1.0,0.0,0.0,0.0,0.14285714285714285,0.14285714285714285,-0.9749279121818236,-0.2225209339563146,1.0,6.123233995736766e-17,0.0
FOODS_0094_TX_2_validation,d_58,0.0,0.0,0.0,0.0,1.0,0.0,0.0,0.14285714285714285,0.07142857142857142,-0.7818314824680299,0.6234898018587334,1.0,6.123233995736766e-17,1.0
FOODS_0094_TX_2_validation,d_59,1.0,0.0,0.0,0.0,0.0,1.0,0.0,0.2857142857142857,0.14285714285714285,0.0,1.0,1.0,6.123233995736766e-17,1.0
FOODS_0094_TX_2_validation,d_60,1.0,1.0,0.0,0.0,0.0,0.0,1.0,0.42857142857142855,0.21428571428571427,0.7818314824680298,0.6234898018587336,1.0,6.123233995736766e-17,2.0
FOODS_0094_TX_2_validation,d_61,2.0,1.0,1.0,0.0,0.0,0.0,0.0,0.5714285714285714,0.35714285714285715,0.9749279121818236,-0.22252093395631434,1.0,6.123233995736766e-17,2.0
FOODS_0094_TX_2_validation,d_62,2.0,2.0,1.0,1.0,0.0,0.0,0.0,0.8571428571428571,0.5,0.43388373911755823,-0.900968867902419,1.0,6.123233995736766e-17,0.0
FOODS_0094_TX_2_validation,d_63,0.0,2.0,2.0,1.0,1.0,0.0,0.0,0.8571428571428571,0.5,-0.433883739117558,-0.9009688679024191,0.8660254037844387,-0.4999999999999998,0.0
FOODS_0094_TX_2_validation,d_64,0.0,0.0,2.0,2.0,1.0,1.0,0.0,0.8571428571428571,0.5,-0.9749279121818236,-0.2225209339563146,0.8660254037844387,-0.4999999999999998,0.0
FOODS_0094_TX_2_validation,d_65,0.0,0.0,0.0,2.0,2.0,1.0,1.0,0.8571428571428571,0.5,-0.7818314824680299,0.6234898018587334,0.8660254037844387,-0.4999999999999998,4.0
FOODS_0094_TX_2_validation,d_66,4.0,0.0,0.0,0.0,2.0,2.0,1.0,1.2857142857142858,0.7857142857142857,0.0,1.0,0.8660254037844387,-0.4999999999999998,4.0
FOODS_0094_TX_2_validation,d_67,4.0,4.0,0.0,0.0,0.0,2.0,2.0,1.7142857142857142,1.0714285714285714,0.7818314824680298,0.6234898018587336,0.8660254037844387,-0.4999999999999998,3.0
FOODS_0094_TX_2_validation,d_68,3.0,4.0,4.0,0.0,0.0,0.0,2.0,1.8571428571428572,1.2142857142857142,0.9749279121818236,-0.22252093395631434,0.8660254037844387,-0.4999999999999998,0.0
FOODS_0094_TX_2_validation,d_69,0.0,3.0,4.0,4.0,0.0,0.0,0.0,1.5714285714285714,1.2142857142857142,0.43388373911755823,-0.900968867902419,0.8660254037844387,-0.4999999999999998,0.0
FOODS_0094_TX_2_validation,d_70,0.0,0.0,3.0,4.0,4.0,0.0,0.0,1.5714285714285714,1.2142857142857142,-0.433883739117558,-0.9009688679024191,0.8660254037844387,-0.4999999999999998,0.0
FOODS_0094_TX_2_validation,d_71,0.0,0.0,0.0,3.0,4.0,4.0,0.0,1.5714285714285714,1.2142857142857142,-0.9749279121818236,-0.2225209339563146,0.8660254037844387,-0.4999999999999998,0.0
FOODS_0094_TX_2_validation,d_72,0.0,0.0,0.0,0.0,3.0,4.0,4.0,1.5714285714285714,1.2142857142857142,-0.7818314824680299,0.6234898018587334,0.8660254037844387,-0.4999999999999998,0.0
FOODS_0094_TX_2_validation,d_73,0.0,0.0,0.0,0.0,0.0,3.0,4.0,1.0,1.1428571428571428,0.0,1.0,0.8660254037844387,-0.4999999999999998,0.0
FOODS_0094_TX_2_validation,d_74,0.0,0.0,0.0,0.0,0.0,0.0,3.0,0.42857142857142855,1.0714285714285714,0.7818314824680298,0.6234898018587336,0.8660254037844387,-0.4999999999999998,0.0
FOODS_0094_TX_2_validation,d_75,0.0,0.0,0.0,0.0,0.0,0.0,0.0,0.0,0.9285714285714286,0.9749279121818236,-0.22252093395631434,0.8660254037844387,-0.4999999999999998,0.0
FOODS_0094_TX_2_validation,d_76,0.0,0.0,0.0,0.0,0.0,0.0,0.0,0.0,0.7857142857142857,0.43388373911755823,-0.900968867902419,0.8660254037844387,-0.4999999999999998,0.0
FOODS_0094_TX_2_validation,d_77,0.0,0.0,0.0,0.0,0.0,0.0,0.0,0.0,0.7857142857142857,-0.433883739117558,-0.9009688679024191,0.8660254037844387,-0.4999999999999998,0.0
FOODS_0094_TX_2_validation,d_78,0.0,0.0,0.0,0.0,0.0,0.0,0.0,0.0,0.7857142857142857,-0.9749279121818236,-0.2225209339563146,0.8660254037844387,-0.4999999999999998,0.0
FOODS_0094_TX_2_validation,d_79,0.0,0.0,0.0,0.0,0.0,0.0,0.0,0.0,0.7857142857142857,-0.7818314824680299,0.6234898018587334,0.8660254037844387,-0.4999999999999998,0.0
FOODS_0094_TX_2_validation,d_80,0.0,0.0,0.0,0.0,0.0,0.0,0.0,0.0,0.5,0.0,1.0,0.8660254037844387,-0.4999999999999998,0.0
FOODS_0094_TX_2_validation,d_81,0.0,0.0,0.0,0.0,0.0,0.0,0.0,0.0,0.21428571428571427,0.7818314824680298,0.6234898018587336,0.8660254037844387,-0.4999999999999998,0.0
FOODS_0094_TX_2_validation,d_82,0.0,0.0,0.0,0.0,0.0,0.0,0.0,0.0,0.0,0.9749279121818236,-0.22252093395631434,0.8660254037844387,-0.4999999999999998,0.0
FOODS_0094_TX_2_validation,d_83,0.0,0.0,0.0,0.0,0.0,0.0,0.0,0.0,0.0,0.43388373911755823,-0.900968867902419,0.8660254037844387,-0.4999999999999998,0.0
FOODS_0094_TX_2_validation,d_84,0.0,0.0,0.0,0.0,0.0,0.0,0.0,0.0,0.0,-0.433883739117558,-0.9009688679024191,0.8660254037844387,-0.4999999999999998,0.0
FOODS_0094_TX_2_validation,d_85,0.0,0.0,0.0,0.0,0.0,0.0,0.0,0.0,0.0,-0.9749279121818236,-0.2225209339563146,0.8660254037844387,-0.4999999999999998,0.0
FOODS_0094_TX_2_validation,d_86,0.0,0.0,0.0,0.0,0.0,0.0,0.0,0.0,0.0,-0.7818314824680299,0.6234898018587334,0.8660254037844387,-0.4999999999999998,1.0
FOODS_0094_TX_2_validation,d_87,1.0,0.0,0.0,0.0,0.0,0.0,0.0,0.14285714285714285,0.07142857142857142,0.0,1.0,0.8660254037844387,-0.4999999999999998,1.0
FOODS_0094_TX_2_validation,d_88,1.0,1.0,0.0,0.0,0.0,0.0,0.0,0.2857142857142857,0.14285714285714285,0.7818314824680298,0.6234898018587336,0.8660254037844387,-0.4999999999999998,0.0
FOODS_0094_TX_2_validation,d_89,0.0,1.0,1.0,0.0,0.0,0.0,0.0,0.2857142857142857,0.14285714285714285,0.9749279121818236,-0.22252093395631434,0.8660254037844387,-0.4999999999999998,1.0
FOODS_0094_TX_2_validation,d_90,1.0,0.0,1.0,1.0,0.0,0.0,0.0,0.42857142857142855,0.21428571428571427,0.43388373911755823,-0.900968867902419,0.8660254037844387,-0.4999999999999998,0.0
FOODS_0094_TX_2_validation,d_91,0.0,1.0,0.0,1.0,1.0,0.0,0.0,0.42857142857142855,0.21428571428571427,-0.433883739117558,-0.9009688679024191,0.8660254037844387,-0.4999999999999998,0.0
FOODS_0094_TX_2_validation,d_92,0.0,0.0,1.0,0.0,1.0,1.0,0.0,0.42857142857142855,0.21428571428571427,-0.9749279121818236,-0.2225209339563146,0.8660254037844387,-0.4999999999999998,0.0
FOODS_0094_TX_2_validation,d_93,0.0,0.0,0.0,1.0,0.0,1.0,1.0,0.42857142857142855,0.21428571428571427,-0.7818314824680299,0.6234898018587334,0.49999999999999994,-0.8660254037844387,1.0
FOODS_0094_TX_2_validation,d_94,1.0,0.0,0.0,0.0,1.0,0.0,1.0,0.42857142857142855,0.2857142857142857,0.0,1.0,0.49999999999999994,-0.8660254037844387,0.0
FOODS_0094_TX_2_validation,d_95,0.0,1.0,0.0,0.0,0.0,1.0,0.0,0.2857142857142857,0.2857142857142857,0.7818314824680298,0.6234898018587336,0.49999999999999994,-0.8660254037844387,0.0
FOODS_0094_TX_2_validation,d_96,0.0,0.0,1.0,0.0,0.0,0.0,1.0,0.2857142857142857,0.2857142857142857,0.9749279121818236,-0.22252093395631434,0.49999999999999994,-0.8660254037844387,0.0
FOODS_0094_TX_2_validation,d_97,0.0,0.0,0.0,1.0,0.0,0.0,0.0,0.14285714285714285,0.2857142857142857,0.43388373911755823,-0.900968867902419,0.49999999999999994,-0.8660254037844387,0.0
FOODS_0094_TX_2_validation,d_98,0.0,0.0,0.0,0.0,1.0,0.0,0.0,0.14285714285714285,0.2857142857142857,-0.433883739117558,-0.9009688679024191,0.49999999999999994,-0.8660254037844387,0.0
FOODS_0094_TX_2_validation,d_99,0.0,0.0,0.0,0.0,0.0,1.0,0.0,0.14285714285714285,0.2857142857142857,-0.9749279121818236,-0.2225209339563146,0.49999999999999994,-0.8660254037844387,0.0
FOODS_0094_TX_2_validation,d_100,0.0,0.0,0.0,0.0,0.0,0.0,1.0,0.14285714285714285,0.2857142857142857,-0.7818314824680299,0.6234898018587334,0.49999999999999994,-0.8660254037844387,1.0
FOODS_0094_TX_2_validation,d_101,1.0,0.0,0.0,0.0,0.0,0.0,0.0,0.14285714285714285,0.2857142857142857,0.0,1.0,0.49999999999999994,-0.8660254037844387,0.0
FOODS_0094_TX_2_validation,d_102,0.0,1.0,0.0,0.0,0.0,0.0,0.0,0.14285714285714285,0.21428571428571427,0.7818314824680298,0.6234898018587336,0.49999999999999994,-0.8660254037844387,0.0
FOODS_0094_TX_2_validation,d_103,0.0,0.0,1.0,0.0,0.0,0.0,0.0,0.14285714285714285,0.21428571428571427,0.9749279121818236,-0.22252093395631434,0.49999999999999994,-0.8660254037844387,0.0
FOODS_0094_TX_2_validation,d_104,0.0,0.0,0.0,1.0,0.0,0.0,0.0,0.14285714285714285,0.14285714285714285,0.43388373911755823,-0.900968867902419,0.49999999999999994,-0.8660254037844387,0.0
FOODS_0094_TX_2_validation,d_105,0.0,0.0,0.0,0.0,1.0,0.0,0.0,0.14285714285714285,0.14285714285714285,-0.433883739117558,-0.9009688679024191,0.49999999999999994,-0.8660254037844387,0.0
FOODS_0094_TX_2_validation,d_106,0.0,0.0,0.0,0.0,0.0,1.0,0.0,0.14285714285714285,0.14285714285714285,-0.9749279121818236,-0.2225209339563146,0.49999999999999994,-0.8660254037844387,0.0
FOODS_0094_TX_2_validation,d_107,0.0,0.0,0.0,0.0,0.0,0.0,1.0,0.14285714285714285,0.14285714285714285,-0.7818314824680299,0.6234898018587334,0.49999999999999994,-0.8660254037844387,0.0
FOODS_0094_TX_2_validation,d_108,0.0,0.0,0.0,0.0,0.0,0.0,0.0,0.0,0.07142857142857142,0.0,1.0,0.49999999999999994,-0.8660254037844387,0.0
FOODS_0094_TX_2_validation,d_109,0.0,0.0,0.0,0.0,0.0,0.0,0.0,0.0,0.07142857142857142,0.7818314824680298,0.6234898018587336,0.49999999999999994,-0.8660254037844387,1.0
FOODS_0094_TX_2_validation,d_110,1.0,0.0,0.0,0.0,0.0,0.0,0.0,0.14285714285714285,0.14285714285714285,0.9749279121818236,-0.22252093395631434,0.49999999999999994,-0.8660254037844387,0.0
FOODS_0094_TX_2_validation,d_111,0.0,1.0,0.0,0.0,0.0,0.0,0.0,0.14285714285714285,0.14285714285714285,0.43388373911755823,-0.900968867902419,0.49999999999999994,-0.8660254037844387,0.0
FOODS_0094_TX_2_validation,d_112,0.0,0.0,1.0,0.0,0.0,0.0,0.0,0.14285714285714285,0.14285714285714285,-0.433883739117558,-0.9009688679024191,0.49999999999999994,-0.8660254037844387,0.0
FOODS_0094_TX_2_validation,d_113,0.0,0.0,0.0,1.0,0.0,0.0,0.0,0.14285714285714285,0.14285714285714285,-0.9749279121818236,-0.2225209339563146,0.49999999999999994,-0.8660254037844387,0.0
FOODS_0094_TX_2_validation,d_114,0.0,0.0,0.0,0.0,1.0,0.0,0.0,0.14285714285714285,0.14285714285714285,-0.7818314824680299,0.6234898018587334,0.49999999999999994,-0.8660254037844387,1.0
FOODS_0094_TX_2_validation,d_115,1.0,0.0,0.0,0.0,0.0,1.0,0.0,0.2857142857142857,0.14285714285714285,0.0,1.0,0.49999999999999994,-0.8660254037844387,0.0
FOODS_0094_TX_2_validation,d_116,0.0,1.0,0.0,0.0,0.0,0.0,1.0,0.2857142857142857,0.14285714285714285,0.7818314824680298,0.6234898018587336,0.49999999999999994,-0.8660254037844387,0.0
FOODS_0100_CA_2_validation,d_50,0.0,0.0,0.0,0.0,0.0,1.0,0.0,0.14285714285714285,0.21428571428571427,-0.9749279121818236,-0.2225209339563146,1.0,6.123233995736766e-17,0.0
FOODS_0100_CA_2_validation,d_51,0.0,0.0,0.0,0.0,0.0,0.0,1.0,0.14285714285714285,0.21428571428571427,-0.7818314824680299,0.6234898018587334,1.0,6.123233995736766e-17,0.0
FOODS_0100_CA_2_validation,d_52,0.0,0.0,0.0,0.0,0.0,0.0,0.0,0.0,0.21428571428571427,0.0,1.0,1.0,6.123233995736766e-17,2.0
FOODS_0100_CA_2_validation,d_53,2.0,0.0,0.0,0.0,0.0,0.0,0.0,0.2857142857142857,0.2857142857142857,0.7818314824680298,0.6234898018587336,1.0,6.123233995736766e-17,0.0
FOODS_0100_CA_2_validation,d_54,0.0,2.0,0.0,0.0,0.0,0.0,0.0,0.2857142857142857,0.2857142857142857,0.9749279121818236,-0.22252093395631434,1.0,6.123233995736766e-17,0.0
FOODS_0100_CA_2_validation,d_55,0.0,0.0,2.0,0.0,0.0,0.0,0.0,0.2857142857142857,0.2857142857142857,0.43388373911755823,-0.900968867902419,1.0,6.123233995736766e-17,0.0
FOODS_0100_CA_2_validation,d_56,0.0,0.0,0.0,2.0,0.0,0.0,0.0,0.2857142857142857,0.21428571428571427,-0.433883739117558,-0.9009688679024191,1.0,6.123233995736766e-17,0.0
FOODS_0100_CA_2_validation,d_57,0.0,0.0,0.0,0.0,2.0,0.0,0.0,0.2857142857142857,0.21428571428571427,-0.9749279121818236,-0.2225209339563146,1.0,6.123233995736766e-17,0.0
FOODS_0100_CA_2_validation,d_58,0.0,0.0,0.0,0.0,0.0,2.0,0.0,0.2857142857142857,0.21428571428571427,-0.7818314824680299,0.6234898018587334,1.0,6.123233995736766e-17,0.0
FOODS_0100_CA_2_validation,d_59,0.0,0.0,0.0,0.0,0.0,0.0,2.0,0.2857142857142857,0.14285714285714285,0.0,1.0,1.0,6.123233995736766e-17,0.0
FOODS_0100_CA_2_validation,d_60,0.0,0.0,0.0,0.0,0.0,0.0,0.0,0.0,0.14285714285714285,0.7818314824680298,0.6234898018587336,1.0,6.123233995736766e-17,1.0
FOODS_0100_CA_2_validation,d_61,1.0,0.0,0.0,0.0,0.0,0.0,0.0,0.14285714285714285,0.21428571428571427,0.9749279121818236,-0.22252093395631434,1.0,6.123233995736766e-17,0.0
FOODS_0100_CA_2_validation,d_62,0.0,1.0,0.0,0.0,0.0,0.0,0.0,0.14285714285714285,0.21428571428571427,0.43388373911755823,-0.900968867902419,1.0,6.123233995736766e-17,0.0
FOODS_0100_CA_2_validation,d_63,0.0,0.0,1.0,0.0,0.0,0.0,0.0,0.14285714285714285,0.21428571428571427,-0.433883739117558,-0.9009688679024191,0.8660254037844387,-0.4999999999999998,0.0
FOODS_0100_CA_2_validation,d_64,0.0,0.0,0.0,1.0,0.0,0.0,0.0,0.14285714285714285,0.21428571428571427,-0.9749279121818236,-0.2225209339563146,0.8660254037844387,-0.4999999999999998,1.0
FOODS_0100_CA_2_validation,d_65,1.0,0.0,0.0,0.0,1.0,0.0,0.0,0.2857142857142857,0.2857142857142857,-0.7818314824680299,0.6234898018587334,0.8660254037844387,-0.4999999999999998,0.0
FOODS_0100_CA_2_validation,d_66,0.0,1.0,0.0,0.0,0.0,1.0,0.0,0.2857142857142857,0.2857142857142857,0.0,1.0,0.8660254037844387,-0.4999999999999998,1.0
FOODS_0100_CA_2_validation,d_67,1.0,0.0,1.0,0.0,0.0,0.0,1.0,0.42857142857142855,0.21428571428571427,0.7818314824680298,0.6234898018587336,0.8660254037844387,-0.4999999999999998,0.0
FOODS_0100_CA_2_validation,d_68,0.0,1.0,0.0,1.0,0.0,0.0,0.0,0.2857142857142857,0.21428571428571427,0.9749279121818236,-0.22252093395631434,0.8660254037844387,-0.4999999999999998,0.0
FOODS_0100_CA_2_validation,d_69,0.0,0.0,1.0,0.0,1.0,0.0,0.0,0.2857142857142857,0.21428571428571427,0.43388373911755823,-0.900968867902419,0.8660254037844387,-0.4999999999999998,1.0
FOODS_0100_CA_2_validation,d_70,1.0,0.0,0.0,1.0,0.0,1.0,0.0,0.42857142857142855,0.2857142857142857,-0.433883739117558,-0.9009688679024191,0.8660254037844387,-0.4999999999999998,0.0
FOODS_0100_CA_2_validation,d_71,0.0,1.0,0.0,0.0,1.0,0.0,1.0,0.42857142857142855,0.2857142857142857,-0.9749279121818236,-0.2225209339563146,0.8660254037844387,-0.4999999999999998,2.0
FOODS_0100_CA_2_validation,d_72,2.0,0.0,1.0,0.0,0.0,1.0,0.0,0.5714285714285714,0.42857142857142855,-0.7818314824680299,0.6234898018587334,0.8660254037844387,-0.4999999999999998,0.0
FOODS_0100_CA_2_validation,d_73,0.0,2.0,0.0,1.0,0.0,0.0,1.0,0.5714285714285714,0.42857142857142855,0.0,1.0,0.8660254037844387,-0.4999999999999998,0.0
FOODS_0100_CA_2_validation,d_74,0.0,0.0,2.0,0.0,1.0,0.0,0.0,0.42857142857142855,0.42857142857142855,0.7818314824680298,0.6234898018587336,0.8660254037844387,-0.4999999999999998,1.0
FOODS_0100_CA_2_validation,d_75,1.0,0.0,0.0,2.0,0.0,1.0,0.0,0.5714285714285714,0.42857142857142855,0.9749279121818236,-0.22252093395631434,0.8660254037844387,-0.4999999999999998,0.0
FOODS_0100_CA_2_validation,d_76,0.0,1.0,0.0,0.0,2.0,0.0,1.0,0.5714285714285714,0.42857142857142855,0.43388373911755823,-0.900968867902419,0.8660254037844387,-0.4999999999999998,0.0
FOODS_0100_CA_2_validation,d_77,0.0,0.0,1.0,0.0,0.0,2.0,0.0,0.42857142857142855,0.42857142857142855,-0.433883739117558,-0.9009688679024191,0.8660254037844387,-0.4999999999999998,0.0
FOODS_0100_CA_2_validation,d_78,0.0,0.0,0.0,1.0,0.0,0.0,2.0,0.42857142857142855,0.42857142857142855,-0.9749279121818236,-0.2225209339563146,0.8660254037844387,-0.4999999999999998,0.0
FOODS_0100_CA_2_validation,d_79,0.0,0.0,0.0,0.0,1.0,0.0,0.0,0.14285714285714285,0.35714285714285715,-0.7818314824680299,0.6234898018587334,0.8660254037844387,-0.4999999999999998,1.0
FOODS_0100_CA_2_validation,d_80,1.0,0.0,0.0,0.0,0.0,1.0,0.0,0.2857142857142857,0.42857142857142855,0.0,1.0,0.8660254037844387,-0.4999999999999998,1.0
FOODS_0100_CA_2_validation,d_81,1.0,1.0,0.0,0.0,0.0,0.0,1.0,0.42857142857142855,0.42857142857142855,0.7818314824680298,0.6234898018587336,0.8660254037844387,-0.4999999999999998,1.0
FOODS_0100_CA_2_validation,d_82,1.0,1.0,1.0,0.0,0.0,0.0,0.0,0.42857142857142855,0.5,0.9749279121818236,-0.22252093395631434,0.8660254037844387,-0.4999999999999998,1.0
FOODS_0100_CA_2_validation,d_83,1.0,1.0,1.0,1.0,0.0,0.0,0.0,0.5714285714285714,0.5714285714285714,0.43388373911755823,-0.900968867902419,0.8660254037844387,-0.4999999999999998,0.0
FOODS_0100_CA_2_validation,d_84,0.0,1.0,1.0,1.0,1.0,0.0,0.0,0.5714285714285714,0.5,-0.433883739117558,-0.9009688679024191,0.8660254037844387,-0.4999999999999998,0.0
FOODS_0100_CA_2_validation,d_85,0.0,0.0,1.0,1.0,1.0,1.0,0.0,0.5714285714285714,0.5,-0.9749279121818236,-0.2225209339563146,0.8660254037844387,-0.4999999999999998,1.0
FOODS_0100_CA_2_validation,d_86,1.0,0.0,0.0,1.0,1.0,1.0,1.0,0.7142857142857143,0.42857142857142855,-0.7818314824680299,0.6234898018587334,0.8660254037844387,-0.4999999999999998,0.0
FOODS_0100_CA_2_validation,d_87,0.0,1.0,0.0,0.0,1.0,1.0,1.0,0.5714285714285714,0.42857142857142855,0.0,1.0,0.8660254037844387,-0.4999999999999998,0.0
FOODS_0100_CA_2_validation,d_88,0.0,0.0,1.0,0.0,0.0,1.0,1.0,0.42857142857142855,0.42857142857142855,0.7818314824680298,0.6234898018587336,0.8660254037844387,-0.4999999999999998,1.0
FOODS_0100_CA_2_validation,d_89,1.0,0.0,0.0,1.0,0.0,0.0,1.0,0.42857142857142855,0.42857142857142855,0.9749279121818236,-0.22252093395631434,0.8660254037844387,-0.4999999999999998,2.0
FOODS_0100_CA_2_validation,d_90,2.0,1.0,0.0,0.0,1.0,0.0,0.0,0.5714285714285714,0.5714285714285714,0.43388373911755823,-0.900968867902419,0.8660254037844387,-0.4999999999999998,0.0
FOODS_0100_CA_2_validation,d_91,0.0,2.0,1.0,0.0,0.0,1.0,0.0,0.5714285714285714,0.5714285714285714,-0.433883739117558,-0.9009688679024191,0.8660254037844387,-0.4999999999999998,1.0
FOODS_0100_CA_2_validation,d_92,1.0,0.0,2.0,1.0,0.0,0.0,1.0,0.7142857142857143,0.6428571428571429,-0.9749279121818236,-0.2225209339563146,0.8660254037844387,-0.4999999999999998,0.0
FOODS_0100_CA_2_validation,d_93,0.0,1.0,0.0,2.0,1.0,0.0,0.0,0.5714285714285714,0.6428571428571429,-0.7818314824680299,0.6234898018587334,0.49999999999999994,-0.8660254037844387,1.0
FOODS_0100_CA_2_validation,d_94,1.0,0.0,1.0,0.0,2.0,1.0,0.0,0.7142857142857143,0.6428571428571429,0.0,1.0,0.49999999999999994,-0.8660254037844387,1.0
FOODS_0100_CA_2_validation,d_95,1.0,1.0,0.0,1.0,0.0,2.0,1.0,0.8571428571428571,0.6428571428571429,0.7818314824680298,0.6234898018587336,0.49999999999999994,-0.8660254037844387,0.0
FOODS_0100_CA_2_validation,d_96,0.0,1.0,1.0,0.0,1.0,0.0,2.0,0.7142857142857143,0.5714285714285714,0.9749279121818236,-0.22252093395631434,0.49999999999999994,-0.8660254037844387,0.0
FOODS_0100_CA_2_validation,d_97,0.0,0.0,1.0,1.0,0.0,1.0,0.0,0.42857142857142855,0.5,0.43388373911755823,-0.900968867902419,0.49999999999999994,-0.8660254037844387,0.0
FOODS_0100_CA_2_validation,d_98,0.0,0.0,0.0,1.0,1.0,0.0,1.0,0.42857142857142855,0.5,-0.433883739117558,-0.9009688679024191,0.49999999999999994,-0.8660254037844387,1.0
FOODS_0100_CA_2_validation,d_99,1.0,0.0,0.0,0.0,1.0,1.0,0.0,0.42857142857142855,0.5714285714285714,-0.9749279121818236,-0.2225209339563146,0.49999999999999994,-0.8660254037844387,0.0
FOODS_0100_CA_2_validation,d_100,0.0,1.0,0.0,0.0,0.0,1.0,1.0,0.42857142857142855,0.5,-0.7818314824680299,0.6234898018587334,0.49999999999999994,-0.8660254037844387,0.0
FOODS_0100_CA_2_validation,d_101,0.0,0.0,1.0,0.0,0.0,0.0,1.0,0.2857142857142857,0.5,0.0,1.0,0.49999999999999994,-0.8660254037844387,2.0
FOODS_0100_CA_2_validation,d_102,2.0,0.0,0.0,1.0,0.0,0.0,0.0,0.42857142857142855,0.6428571428571429,0.7818314824680298,0.6234898018587336,0.49999999999999994,-0.8660254037844387,1.0
FOODS_0100_CA_2_validation,d_103,1.0,2.0,0.0,0.0,1.0,0.0,0.0,0.5714285714285714,0.6428571428571429,0.9749279121818236,-0.22252093395631434,0.49999999999999994,-0.8660254037844387,0.0
FOODS_0100_CA_2_validation,d_104,0.0,1.0,2.0,0.0,0.0,1.0,0.0,0.5714285714285714,0.5,0.43388373911755823,-0.900968867902419,0.49999999999999994,-0.8660254037844387,0.0
FOODS_0100_CA_2_validation,d_105,0.0,0.0,1.0,2.0,0.0,0.0,1.0,0.5714285714285714,0.5,-0.433883739117558,-0.9009688679024191,0.49999999999999994,-0.8660254037844387,0.0
FOODS_0100_CA_2_validation,d_106,0.0,0.0,0.0,1.0,2.0,0.0,0.0,0.42857142857142855,0.42857142857142855,-0.9749279121818236,-0.2225209339563146,0.49999999999999994,-0.8660254037844387,1.0
FOODS_0100_CA_2_validation,d_107,1.0,0.0,0.0,0.0,1.0,2.0,0.0,0.5714285714285714,0.5,-0.7818314824680299,0.6234898018587334,0.49999999999999994,-0.8660254037844387,1.0
FOODS_0100_CA_2_validation,d_108,1.0,1.0,0.0,0.0,0.0,1.0,2.0,0.7142857142857143,0.5,0.0,1.0,0.49999999999999994,-0.8660254037844387,0.0
FOODS_0100_CA_2_validation,d_109,0.0,1.0,1.0,0.0,0.0,0.0,1.0,0.42857142857142855,0.42857142857142855,0.7818314824680298,0.6234898018587336,0.49999999999999994,-0.8660254037844387,0.0
FOODS_0100_CA_2_validation,d_110,0.0,0.0,1.0,1.0,0.0,0.0,0.0,0.2857142857142857,0.42857142857142855,0.9749279121818236,-0.22252093395631434,0.49999999999999994,-0.8660254037844387,0.0
FOODS_0100_CA_2_validation,d_111,0.0,0.0,0.0,1.0,1.0,0.0,0.0,0.2857142857142857,0.42857142857142855,0.43388373911755823,-0.900968867902419,0.49999999999999994,-0.8660254037844387,0.0
FOODS_0100_CA_2_validation,d_112,0.0,0.0,0.0,0.0,1.0,1.0,0.0,0.2857142857142857,0.42857142857142855,-0.433883739117558,-0.9009688679024191,0.49999999999999994,-0.8660254037844387,0.0
FOODS_0100_CA_2_validation,d_113,0.0,0.0,0.0,0.0,0.0,1.0,1.0,0.2857142857142857,0.35714285714285715,-0.9749279121818236,-0.2225209339563146,0.49999999999999994,-0.8660254037844387,0.0
FOODS_0100_CA_2_validation,d_114,0.0,0.0,0.0,0.0,0.0,0.0,1.0,0.14285714285714285,0.35714285714285715,-0.7818314824680299,0.6234898018587334,0.49999999999999994,-0.8660254037844387,0.0
FOODS_0100_CA_2_validation,d_115,0.0,0.0,0.0,0.0,0.0,0.0,0.0,0.0,0.35714285714285715,0.0,1.0,0.49999999999999994,-0.8660254037844387,0.0
FOODS_0100_CA_2_validation,d_116,0.0,0.0,0.0,0.0,0.0,0.0,0.0,0.0,0.21428571428571427,0.7818314824680298,0.6234898018587336,0.49999999999999994,-0.8660254037844387,2.0
FOODS_0106_WI_2_validation,d_50,0.0,0.0,0.0,0.0,0.0,0.0,0.0,0.0,0.14285714285714285,-0.9749279121818236,-0.2225209339563146,1.0,6.123233995736766e-17,0.0
FOODS_0106_WI_2_validation,d_51,0.0,0.0,0.0,0.0,0.0,0.0,0.0,0.0,0.14285714285714285,-0.7818314824680299,0.6234898018587334,1.0,6.123233995736766e-17,0.0
FOODS_0106_WI_2_validation,d_52,0.0,0.0,0.0,0.0,0.0,0.0,0.0,0.0,0.14285714285714285,0.0,1.0,1.0,6.123233995736766e-17,0.0
FOODS_0106_WI_2_validation,d_53,0.0,0.0,0.0,0.0,0.0,0.0,0.0,0.0,0.14285714285714285,0.7818314824680298,0.6234898018587336,1.0,6.123233995736766e-17,1.0
FOODS_0106_WI_2_validation,d_54,1.0,0.0,0.0,0.0,0.0,0.0,0.0,0.14285714285714285,0.21428571428571427,0.9749279121818236,-0.22252093395631434,1.0,6.123233995736766e-17,0.0
FOODS_0106_WI_2_validation,d_55,0.0,1.0,0.0,0.0,0.0,0.0,0.0,0.14285714285714285,0.07142857142857142,0.43388373911755823,-0.900968867902419,1.0,6.123233995736766e-17,0.0
FOODS_0106_WI_2_validation,d_56,0.0,0.0,1.0,0.0,0.0,0.0,0.0,0.14285714285714285,0.07142857142857142,-0.433883739117558,-0.9009688679024191,1.0,6.123233995736766e-17,0.0
FOODS_0106_WI_2_validation,d_57,0.0,0.0,0.0,1.0,0.0,0.0,0.0,0.14285714285714285,0.07142857142857142,-0.9749279121818236,-0.2225209339563146,1.0,6.123233995736766e-17,1.0
FOODS_0106_WI_2_validation,d_58,1.0,0.0,0.0,0.0,1.0,0.0,0.0,0.2857142857142857,0.14285714285714285,-0.7818314824680299,0.6234898018587334,1.0,6.123233995736766e-17,1.0
FOODS_0106_WI_2_validation,d_59,1.0,1.0,0.0,0.0,0.0,1.0,0.0,0.42857142857142855,0.21428571428571427,0.0,1.0,1.0,6.123233995736766e-17,1.0
FOODS_0106_WI_2_validation,d_60,1.0,1.0,1.0,0.0,0.0,0.0,1.0,0.5714285714285714,0.2857142857142857,0.7818314824680298,0.6234898018587336,1.0,6.123233995736766e-17,0.0
FOODS_0106_WI_2_validation,d_61,0.0,1.0,1.0,1.0,0.0,0.0,0.0,0.42857142857142855,0.2857142857142857,0.9749279121818236,-0.22252093395631434,1.0,6.123233995736766e-17,0.0
FOODS_0106_WI_2_validation,d_62,0.0,0.0,1.0,1.0,1.0,0.0,0.0,0.42857142857142855,0.2857142857142857,0.43388373911755823,-0.900968867902419,1.0,6.123233995736766e-17,0.0
FOODS_0106_WI_2_validation,d_63,0.0,0.0,0.0,1.0,1.0,1.0,0.0,0.42857142857142855,0.2857142857142857,-0.433883739117558,-0.9009688679024191,0.8660254037844387,-0.4999999999999998,0.0
FOODS_0106_WI_2_validation,d_64,0.0,0.0,0.0,0.0,1.0,1.0,1.0,0.42857142857142855,0.2857142857142857,-0.9749279121818236,-0.2225209339563146,0.8660254037844387,-0.4999999999999998,0.0
FOODS_0106_WI_2_validation,d_65,0.0,0.0,0.0,0.0,0.0,1.0,1.0,0.2857142857142857,0.2857142857142857,-0.7818314824680299,0.6234898018587334,0.8660254037844387,-0.4999999999999998,1.0
FOODS_0106_WI_2_validation,d_66,1.0,0.0,0.0,0.0,0.0,0.0,1.0,0.2857142857142857,0.35714285714285715,0.0,1.0,0.8660254037844387,-0.4999999999999998,0.0
FOODS_0106_WI_2_validation,d_67,0.0,1.0,0.0,0.0,0.0,0.0,0.0,0.14285714285714285,0.35714285714285715,0.7818314824680298,0.6234898018587336,0.8660254037844387,-0.4999999999999998,1.0
FOODS_0106_WI_2_validation,d_68,1.0,0.0,1.0,0.0,0.0,0.0,0.0,0.2857142857142857,0.35714285714285715,0.9749279121818236,-0.22252093395631434,0.8660254037844387,-0.4999999999999998,0.0
FOODS_0106_WI_2_validation,d_69,0.0,1.0,0.0,1.0,0.0,0.0,0.0,0.2857142857142857,0.35714285714285715,0.43388373911755823,-0.900968867902419,0.8660254037844387,-0.4999999999999998,0.0
FOODS_0106_WI_2_validation,d_70,0.0,0.0,1.0,0.0,1.0,0.0,0.0,0.2857142857142857,0.35714285714285715,-0.433883739117558,-0.9009688679024191,0.8660254037844387,-0.4999999999999998,0.0
FOODS_0106_WI_2_validation,d_71,0.0,0.0,0.0,1.0,0.0,1.0,0.0,0.2857142857142857,0.35714285714285715,-0.9749279121818236,-0.2225209339563146,0.8660254037844387,-0.4999999999999998,0.0
FOODS_0106_WI_2_validation,d_72,0.0,0.0,0.0,0.0,1.0,0.0,1.0,0.2857142857142857,0.2857142857142857,-0.7818314824680299,0.6234898018587334,0.8660254037844387,-0.4999999999999998,0.0
FOODS_0106_WI_2_validation,d_73,0.0,0.0,0.0,0.0,0.0,1.0,0.0,0.14285714285714285,0.21428571428571427,0.0,1.0,0.8660254037844387,-0.4999999999999998,0.0
FOODS_0106_WI_2_validation,d_74,0.0,0.0,0.0,0.0,0.0,0.0,1.0,0.14285714285714285,0.14285714285714285,0.7818314824680298,0.6234898018587336,0.8660254037844387,-0.4999999999999998,0.0
FOODS_0106_WI_2_validation,d_75,0.0,0.0,0.0,0.0,0.0,0.0,0.0,0.0,0.14285714285714285,0.9749279121818236,-0.22252093395631434,0.8660254037844387,-0.4999999999999998,0.0
FOODS_0106_WI_2_validation,d_76,0.0,0.0,0.0,0.0,0.0,0.0,0.0,0.0,0.14285714285714285,0.43388373911755823,-0.900968867902419,0.8660254037844387,-0.4999999999999998,0.0
FOODS_0106_WI_2_validation,d_77,0.0,0.0,0.0,0.0,0.0,0.0,0.0,0.0,0.14285714285714285,-0.433883739117558,-0.9009688679024191,0.8660254037844387,-0.4999999999999998,0.0
FOODS_0106_WI_2_validation,d_78,0.0,0.0,0.0,0.0,0.0,0.0,0.0,0.0,0.14285714285714285,-0.9749279121818236,-0.2225209339563146,0.8660254037844387,-0.4999999999999998,0.0
FOODS_0106_WI_2_validation,d_79,0.0,0.0,0.0,0.0,0.0,0.0,0.0,0.0,0.14285714285714285,-0.7818314824680299,0.6234898018587334,0.8660254037844387,-0.4999999999999998,0.0
FOODS_0106_WI_2_validation,d_80,0.0,0.0,0.0,0.0,0.0,0.0,0.0,0.0,0.07142857142857142,0.0,1.0,0.8660254037844387,-0.4999999999999998,0.0
FOODS_0106_WI_2_validation,d_81,0.0,0.0,0.0,0.0,0.0,0.0,0.0,0.0,0.07142857142857142,0.7818314824680298,0.6234898018587336,0.8660254037844387,-0.4999999999999998,0.0
FOODS_0106_WI_2_validation,d_82,0.0,0.0,0.0,0.0,0.0,0.0,0.0,0.0,0.0,0.9749279121818236,-0.22252093395631434,0.8660254037844387,-0.4999999999999998,0.0
FOODS_0106_WI_2_validation,d_83,0.0,0.0,0.0,0.0,0.0,0.0,0.0,0.0,0.0,0.43388373911755823,-0.900968867902419,0.8660254037844387,-0.4999999999999998,0.0
FOODS_0106_WI_2_validation,d_84,0.0,0.0,0.0,0.0,0.0,0.0,0.0,0.0,0.0,-0.433883739117558,-0.9009688679024191,0.8660254037844387,-0.4999999999999998,0.0
FOODS_0106_WI_2_validation,d_85,0.0,0.0,0.0,0.0,0.0,0.0,0.0,0.0,0.0,-0.9749279121818236,-0.2225209339563146,0.8660254037844387,-0.4999999999999998,0.0
FOODS_0106_WI_2_validation,d_86,0.0,0.0,0.0,0.0,0.0,0.0,0.0,0.0,0.0,-0.7818314824680299,0.6234898018587334,0.8660254037844387,-0.4999999999999998,1.0
FOODS_0106_WI_2_validation,d_87,1.0,0.0,0.0,0.0,0.0,0.0,0.0,0.14285714285714285,0.07142857142857142,0.0,1.0,0.8660254037844387,-0.4999999999999998,1.0
FOODS_0106_WI_2_validation,d_88,1.0,1.0,0.0,0.0,0.0,0.0,0.0,0.2857142857142857,0.14285714285714285,0.7818314824680298,0.6234898018587336,0.8660254037844387,-0.4999999999999998,0.0
FOODS_0106_WI_2_validation,d_89,0.0,1.0,1.0,0.0,0.0,0.0,0.0,0.2857142857142857,0.14285714285714285,0.9749279121818236,-0.22252093395631434,0.8660254037844387,-0.4999999999999998,0.0
FOODS_0106_WI_2_validation,d_90,0.0,0.0,1.0,1.0,0.0,0.0,0.0,0.2857142857142857,0.14285714285714285,0.43388373911755823,-0.900968867902419,0.8660254037844387,-0.4999999999999998,0.0
FOODS_0106_WI_2_validation,d_91,0.0,0.0,0.0,1.0,1.0,0.0,0.0,0.2857142857142857,0.14285714285714285,-0.433883739117558,-0.9009688679024191,0.8660254037844387,-0.4999999999999998,0.0
FOODS_0106_WI_2_validation,d_92,0.0,0.0,0.0,0.0,1.0,1.0,0.0,0.2857142857142857,0.14285714285714285,-0.9749279121818236,-0.2225209339563146,0.8660254037844387,-0.4999999999999998,0.0
FOODS_0106_WI_2_validation,d_93,0.0,0.0,0.0,0.0,0.0,1.0,1.0,0.2857142857142857,0.14285714285714285,-0.7818314824680299,0.6234898018587334,0.49999999999999994,-0.8660254037844387,0.0
FOODS_0106_WI_2_validation,d_94,0.0,0.0,0.0,0.0,0.0,0.0,1.0,0.14285714285714285,0.14285714285714285,0.0,1.0,0.49999999999999994,-0.8660254037844387,2.0
FOODS_0106_WI_2_validation,d_95,2.0,0.0,0.0,0.0,0.0,0.0,0.0,0.2857142857142857,0.2857142857142857,0.7818314824680298,0.6234898018587336,0.49999999999999994,-0.8660254037844387,0.0
FOODS_0106_WI_2_validation,d_96,0.0,2.0,0.0,0.0,0.0,0.0,0.0,0.2857142857142857,0.2857142857142857,0.9749279121818236,-0.22252093395631434,0.49999999999999994,-0.8660254037844387,0.0
FOODS_0106_WI_2_validation,d_97,0.0,0.0,2.0,0.0,0.0,0.0,0.0,0.2857142857142857,0.2857142857142857,0.43388373911755823,-0.900968867902419,0.49999999999999994,-0.8660254037844387,0.0
FOODS_0106_WI_2_validation,d_98,0.0,0.0,0.0,2.0,0.0,0.0,0.0,0.2857142857142857,0.2857142857142857,-0.433883739117558,-0.9009688679024191,0.49999999999999994,-0.8660254037844387,0.0
FOODS_0106_WI_2_validation,d_99,0.0,0.0,0.0,0.0,2.0,0.0,0.0,0.2857142857142857,0.2857142857142857,-0.9749279121818236,-0.2225209339563146,0.49999999999999994,-0.8660254037844387,1.0
FOODS_0106_WI_2_validation,d_100,1.0,0.0,0.0,0.0,0.0,2.0,0.0,0.42857142857142855,0.35714285714285715,-0.7818314824680299,0.6234898018587334,0.49999999999999994,-0.8660254037844387,0.0
FOODS_0106_WI_2_validation,d_101,0.0,1.0,0.0,0.0,0.0,0.0,2.0,0.42857142857142855,0.2857142857142857,0.0,1.0,0.49999999999999994,-0.8660254037844387,0.0
FOODS_0106_WI_2_validation,d_102,0.0,0.0,1.0,0.0,0.0,0.0,0.0,0.14285714285714285,0.21428571428571427,0.7818314824680298,0.6234898018587336,0.49999999999999994,-0.8660254037844387,0.0
FOODS_0106_WI_2_validation,d_103,0.0,0.0,0.0,1.0,0.0,0.0,0.0,0.14285714285714285,0.21428571428571427,0.9749279121818236,-0.22252093395631434,0.49999999999999994,-0.8660254037844387,1.0
FOODS_0106_WI_2_validation,d_104,1.0,0.0,0.0,0.0,1.0,0.0,0.0,0.2857142857142857,0.2857142857142857,0.43388373911755823,-0.900968867902419,0.49999999999999994,-0.8660254037844387,0.0
FOODS_0106_WI_2_validation,d_105,0.0,1.0,0.0,0.0,0.0,1.0,0.0,0.2857142857142857,0.2857142857142857,-0.433883739117558,-0.9009688679024191,0.49999999999999994,-0.8660254037844387,0.0
FOODS_0106_WI_2_validation,d_106,0.0,0.0,1.0,0.0,0.0,0.0,1.0,0.2857142857142857,0.2857142857142857,-0.9749279121818236,-0.2225209339563146,0.49999999999999994,-0.8660254037844387,0.0
FOODS_0106_WI_2_validation,d_107,0.0,0.0,0.0,1.0,0.0,0.0,0.0,0.14285714285714285,0.2857142857142857,-0.7818314824680299,0.6234898018587334,0.49999999999999994,-0.8660254037844387,0.0
FOODS_0106_WI_2_validation,d_108,0.0,0.0,0.0,0.0,1.0,0.0,0.0,0.14285714285714285,0.2857142857142857,0.0,1.0,0.49999999999999994,-0.8660254037844387,0.0
FOODS_0106_WI_2_validation,d_109,0.0,0.0,0.0,0.0,0.0,1.0,0.0,0.14285714285714285,0.14285714285714285,0.7818314824680298,0.6234898018587336,0.49999999999999994,-0.8660254037844387,0.0
FOODS_0106_WI_2_validation,d_110,0.0,0.0,0.0,0.0,0.0,0.0,1.0,0.14285714285714285,0.14285714285714285,0.9749279121818236,-0.22252093395631434,0.49999999999999994,-0.8660254037844387,0.0
FOODS_0106_WI_2_validation,d_111,0.0,0.0,0.0,0.0,0.0,0.0,0.0,0.0,0.14285714285714285,0.43388373911755823,-0.900968867902419,0.49999999999999994,-0.8660254037844387,0.0
FOODS_0106_WI_2_validation,d_112,0.0,0.0,0.0,0.0,0.0,0.0,0.0,0.0,0.14285714285714285,-0.433883739117558,-0.9009688679024191,0.49999999999999994,-0.8660254037844387,0.0
FOODS_0106_WI_2_validation,d_113,0.0,0.0,0.0,0.0,0.0,0.0,0.0,0.0,0.14285714285714285,-0.9749279121818236,-0.2225209339563146,0.49999999999999994,-0.8660254037844387,1.0
FOODS_0106_WI_2_validation,d_114,1.0,0.0,0.0,0.0,0.0,0.0,0.0,0.14285714285714285,0.14285714285714285,-0.7818314824680299,0.6234898018587334,0.49999999999999994,-0.8660254037844387,0.0
FOODS_0106_WI_2_validation,d_115,0.0,1.0,0.0,0.0,0.0,0.0,0.0,0.14285714285714285,0.14285714285714285,0.0,1.0,0.49999999999999994,-0.8660254037844387,1.0
FOODS_0106_WI_2_validation,d_116,1.0,0.0,1.0,0.0,0.0,0.0,0.0,0.2857142857142857,0.21428571428571427,0.7818314824680298,0.6234898018587336,0.49999999999999994,-0.8660254037844387,0.0
HOUSEHOLD_0113_TX_3_validation,d_50,2.0,1.0,0.0,0.0,2.0,1.0,0.0,0.8571428571428571,0.7142857142857143,-0.9749279121818236,-0.2225209339563146,1.0,6.123233995736766e-17,1.0
HOUSEHOLD_0113_TX_3_validation,d_51,1.0,2.0,1.0,0.0,0.0,2.0,1.0,1.0,0.7857142857142857,-0.7818314824680299,0.6234898018587334,1.0,6.123233995736766e-17,1.0
HOUSEHOLD_0113_TX_3_validation,d_52,1.0,1.0,2.0,1.0,0.0,0.0,2.0,1.0,0.8571428571428571,0.0,1.0,1.0,6.123233995736766e-17,1.0
HOUSEHOLD_0113_TX_3_validation,d_53,1.0,1.0,1.0,2.0,1.0,0.0,0.0,0.8571428571428571,0.7857142857142857,0.7818314824680298,0.6234898018587336,1.0,6.123233995736766e-17,0.0
HOUSEHOLD_0113_TX_3_validation,d_54,0.0,1.0,1.0,1.0,2.0,1.0,0.0,0.8571428571428571,0.7142857142857143,0.9749279121818236,-0.22252093395631434,1.0,6.123233995736766e-17,2.0
HOUSEHOLD_0113_TX_3_validation,d_55,2.0,0.0,1.0,1.0,1.0,2.0,1.0,1.1428571428571428,0.7857142857142857,0.43388373911755823,-0.900968867902419,1.0,6.123233995736766e-17,0.0
HOUSEHOLD_0113_TX_3_validation,d_56,0.0,2.0,0.0,1.0,1.0,1.0,2.0,1.0,0.7857142857142857,-0.433883739117558,-0.9009688679024191,1.0,6.123233995736766e-17,0.0
HOUSEHOLD_0113_TX_3_validation,d_57,0.0,0.0,2.0,0.0,1.0,1.0,1.0,0.7142857142857143,0.7857142857142857,-0.9749279121818236,-0.2225209339563146,1.0,6.123233995736766e-17,0.0
HOUSEHOLD_0113_TX_3_validation,d_58,0.0,0.0,0.0,2.0,0.0,1.0,1.0,0.5714285714285714,0.7857142857142857,-0.7818314824680299,0.6234898018587334,1.0,6.123233995736766e-17,1.0
HOUSEHOLD_0113_TX_3_validation,d_59,1.0,0.0,0.0,0.0,2.0,0.0,1.0,0.5714285714285714,0.7857142857142857,0.0,1.0,1.0,6.123233995736766e-17,1.0
HOUSEHOLD_0113_TX_3_validation,d_60,1.0,1.0,0.0,0.0,0.0,2.0,0.0,0.5714285714285714,0.7142857142857143,0.7818314824680298,0.6234898018587336,1.0,6.123233995736766e-17,0.0
HOUSEHOLD_0113_TX_3_validation,d_61,0.0,1.0,1.0,0.0,0.0,0.0,2.0,0.5714285714285714,0.7142857142857143,0.9749279121818236,-0.22252093395631434,1.0,6.123233995736766e-17,0.0
HOUSEHOLD_0113_TX_3_validation,d_62,0.0,0.0,1.0,1.0,0.0,0.0,0.0,0.2857142857142857,0.7142857142857143,0.43388373911755823,-0.900968867902419,1.0,6.123233995736766e-17,0.0
HOUSEHOLD_0113_TX_3_validation,d_63,0.0,0.0,0.0,1.0,1.0,0.0,0.0,0.2857142857142857,0.6428571428571429,-0.433883739117558,-0.9009688679024191,0.8660254037844387,-0.4999999999999998,0.0
HOUSEHOLD_0113_TX_3_validation,d_64,0.0,0.0,0.0,0.0,1.0,1.0,0.0,0.2857142857142857,0.5,-0.9749279121818236,-0.2225209339563146,0.8660254037844387,-0.4999999999999998,1.0
HOUSEHOLD_0113_TX_3_validation,d_65,1.0,0.0,0.0,0.0,0.0,1.0,1.0,0.42857142857142855,0.5,-0.7818314824680299,0.6234898018587334,0.8660254037844387,-0.4999999999999998,1.0
HOUSEHOLD_0113_TX_3_validation,d_66,1.0,1.0,0.0,0.0,0.0,0.0,1.0,0.42857142857142855,0.5,0.0,1.0,0.8660254037844387,-0.4999999999999998,1.0
HOUSEHOLD_0113_TX_3_validation,d_67,1.0,1.0,1.0,0.0,0.0,0.0,0.0,0.42857142857142855,0.5,0.7818314824680298,0.6234898018587336,0.8660254037844387,-0.4999999999999998,0.0
HOUSEHOLD_0113_TX_3_validation,d_68,0.0,1.0,1.0,1.0,0.0,0.0,0.0,0.42857142857142855,0.5,0.9749279121818236,-0.22252093395631434,0.8660254037844387,-0.4999999999999998,0.0
HOUSEHOLD_0113_TX_3_validation,d_69,0.0,0.0,1.0,1.0,1.0,0.0,0.0,0.42857142857142855,0.35714285714285715,0.43388373911755823,-0.900968867902419,0.8660254037844387,-0.4999999999999998,1.0
HOUSEHOLD_0113_TX_3_validation,d_70,1.0,0.0,0.0,1.0,1.0,1.0,0.0,0.5714285714285714,0.42857142857142855,-0.433883739117558,-0.9009688679024191,0.8660254037844387,-0.4999999999999998,0.0
HOUSEHOLD_0113_TX_3_validation,d_71,0.0,1.0,0.0,0.0,1.0,1.0,1.0,0.5714285714285714,0.42857142857142855,-0.9749279121818236,-0.2225209339563146,0.8660254037844387,-0.4999999999999998,0.0
HOUSEHOLD_0113_TX_3_validation,d_72,0.0,0.0,1.0,0.0,0.0,1.0,1.0,0.42857142857142855,0.42857142857142855,-0.7818314824680299,0.6234898018587334,0.8660254037844387,-0.4999999999999998,0.0
HOUSEHOLD_0113_TX_3_validation,d_73,0.0,0.0,0.0,1.0,0.0,0.0,1.0,0.2857142857142857,0.35714285714285715,0.0,1.0,0.8660254037844387,-0.4999999999999998,1.0
HOUSEHOLD_0113_TX_3_validation,d_74,1.0,0.0,0.0,0.0,1.0,0.0,0.0,0.2857142857142857,0.35714285714285715,0.7818314824680298,0.6234898018587336,0.8660254037844387,-0.4999999999999998,0.0
HOUSEHOLD_0113_TX_3_validation,d_75,0.0,1.0,0.0,0.0,0.0,1.0,0.0,0.2857142857142857,0.35714285714285715,0.9749279121818236,-0.22252093395631434,0.8660254037844387,-0.4999999999999998,0.0
HOUSEHOLD_0113_TX_3_validation,d_76,0.0,0.0,1.0,0.0,0.0,0.0,1.0,0.2857142857142857,0.35714285714285715,0.43388373911755823,-0.900968867902419,0.8660254037844387,-0.4999999999999998,0.0
HOUSEHOLD_0113_TX_3_validation,d_77,0.0,0.0,0.0,1.0,0.0,0.0,0.0,0.14285714285714285,0.35714285714285715,-0.433883739117558,-0.9009688679024191,0.8660254037844387,-0.4999999999999998,1.0
HOUSEHOLD_0113_TX_3_validation,d_78,1.0,0.0,0.0,0.0,1.0,0.0,0.0,0.2857142857142857,0.42857142857142855,-0.9749279121818236,-0.2225209339563146,0.8660254037844387,-0.4999999999999998,0.0
HOUSEHOLD_0113_TX_3_validation,d_79,0.0,1.0,0.0,0.0,0.0,1.0,0.0,0.2857142857142857,0.35714285714285715,-0.7818314824680299,0.6234898018587334,0.8660254037844387,-0.4999999999999998,0.0
HOUSEHOLD_0113_TX_3_validation,d_80,0.0,0.0,1.0,0.0,0.0,0.0,1.0,0.2857142857142857,0.2857142857142857,0.0,1.0,0.8660254037844387,-0.4999999999999998,1.0
HOUSEHOLD_0113_TX_3_validation,d_81,1.0,0.0,0.0,1.0,0.0,0.0,0.0,0.2857142857142857,0.2857142857142857,0.7818314824680298,0.6234898018587336,0.8660254037844387,-0.4999999999999998,1.0
HOUSEHOLD_0113_TX_3_validation,d_82,1.0,1.0,0.0,0.0,1.0,0.0,0.0,0.42857142857142855,0.35714285714285715,0.9749279121818236,-0.22252093395631434,0.8660254037844387,-0.4999999999999998,1.0
HOUSEHOLD_0113_TX_3_validation,d_83,1.0,1.0,1.0,0.0,0.0,1.0,0.0,0.5714285714285714,0.42857142857142855,0.43388373911755823,-0.900968867902419,0.8660254037844387,-0.4999999999999998,1.0
HOUSEHOLD_0113_TX_3_validation,d_84,1.0,1.0,1.0,1.0,0.0,0.0,1.0,0.7142857142857143,0.42857142857142855,-0.433883739117558,-0.9009688679024191,0.8660254037844387,-0.4999999999999998,0.0
HOUSEHOLD_0113_TX_3_validation,d_85,0.0,1.0,1.0,1.0,1.0,0.0,0.0,0.5714285714285714,0.42857142857142855,-0.9749279121818236,-0.2225209339563146,0.8660254037844387,-0.4999999999999998,2.0
HOUSEHOLD_0113_TX_3_validation,d_86,2.0,0.0,1.0,1.0,1.0,1.0,0.0,0.8571428571428571,0.5714285714285714,-0.7818314824680299,0.6234898018587334,0.8660254037844387,-0.4999999999999998,0.0
HOUSEHOLD_0113_TX_3_validation,d_87,0.0,2.0,0.0,1.0,1.0,1.0,1.0,0.8571428571428571,0.5714285714285714,0.0,1.0,0.8660254037844387,-0.4999999999999998,1.0
HOUSEHOLD_0113_TX_3_validation,d_88,1.0,0.0,2.0,0.0,1.0,1.0,1.0,0.8571428571428571,0.5714285714285714,0.7818314824680298,0.6234898018587336,0.8660254037844387,-0.4999999999999998,1.0
HOUSEHOLD_0113_TX_3_validation,d_89,1.0,1.0,0.0,2.0,0.0,1.0,1.0,0.8571428571428571,0.6428571428571429,0.9749279121818236,-0.22252093395631434,0.8660254037844387,-0.4999999999999998,0.0
HOUSEHOLD_0113_TX_3_validation,d_90,0.0,1.0,1.0,0.0,2.0,0.0,1.0,0.7142857142857143,0.6428571428571429,0.43388373911755823,-0.900968867902419,0.8660254037844387,-0.4999999999999998,0.0
HOUSEHOLD_0113_TX_3_validation,d_91,0.0,0.0,1.0,1.0,0.0,2.0,0.0,0.5714285714285714,0.6428571428571429,-0.433883739117558,-0.9009688679024191,0.8660254037844387,-0.4999999999999998,1.0
HOUSEHOLD_0113_TX_3_validation,d_92,1.0,0.0,0.0,1.0,1.0,0.0,2.0,0.7142857142857143,0.6428571428571429,-0.9749279121818236,-0.2225209339563146,0.8660254037844387,-0.4999999999999998,0.0
HOUSEHOLD_0113_TX_3_validation,d_93,0.0,1.0,0.0,0.0,1.0,1.0,0.0,0.42857142857142855,0.6428571428571429,-0.7818314824680299,0.6234898018587334,0.49999999999999994,-0.8660254037844387,4.0
HOUSEHOLD_0113_TX_3_validation,d_94,4.0,0.0,1.0,0.0,0.0,1.0,1.0,1.0,0.9285714285714286,0.0,1.0,0.49999999999999994,-0.8660254037844387,2.0
HOUSEHOLD_0113_TX_3_validation,d_95,2.0,4.0,0.0,1.0,0.0,0.0,1.0,1.1428571428571428,1.0,0.7818314824680298,0.6234898018587336,0.49999999999999994,-0.8660254037844387,1.0
HOUSEHOLD_0113_TX_3_validation,d_96,1.0,2.0,4.0,0.0,1.0,0.0,0.0,1.1428571428571428,1.0,0.9749279121818236,-0.22252093395631434,0.49999999999999994,-0.8660254037844387,0.0
HOUSEHOLD_0113_TX_3_validation,d_97,0.0,1.0,2.0,4.0,0.0,1.0,0.0,1.1428571428571428,0.9285714285714286,0.43388373911755823,-0.900968867902419,0.49999999999999994,-0.8660254037844387,0.0
HOUSEHOLD_0113_TX_3_validation,d_98,0.0,0.0,1.0,2.0,4.0,0.0,1.0,1.1428571428571428,0.8571428571428571,-0.433883739117558,-0.9009688679024191,0.49999999999999994,-0.8660254037844387,0.0
HOUSEHOLD_0113_TX_3_validation,d_99,0.0,0.0,0.0,1.0,2.0,4.0,0.0,1.0,0.8571428571428571,-0.9749279121818236,-0.2225209339563146,0.49999999999999994,-0.8660254037844387,1.0
HOUSEHOLD_0113_TX_3_validation,d_100,1.0,0.0,0.0,0.0,1.0,2.0,4.0,1.1428571428571428,0.7857142857142857,-0.7818314824680299,0.6234898018587334,0.49999999999999994,-0.8660254037844387,0.0
HOUSEHOLD_0113_TX_3_validation,d_101,0.0,1.0,0.0,0.0,0.0,1.0,2.0,0.5714285714285714,0.7857142857142857,0.0,1.0,0.49999999999999994,-0.8660254037844387,1.0
HOUSEHOLD_0113_TX_3_validation,d_102,1.0,0.0,1.0,0.0,0.0,0.0,1.0,0.42857142857142855,0.7857142857142857,0.7818314824680298,0.6234898018587336,0.49999999999999994,-0.8660254037844387,1.0
HOUSEHOLD_0113_TX_3_validation,d_103,1.0,1.0,0.0,1.0,0.0,0.0,0.0,0.42857142857142855,0.7857142857142857,0.9749279121818236,-0.22252093395631434,0.49999999999999994,-0.8660254037844387,1.0
HOUSEHOLD_0113_TX_3_validation,d_104,1.0,1.0,1.0,0.0,1.0,0.0,0.0,0.5714285714285714,0.8571428571428571,0.43388373911755823,-0.900968867902419,0.49999999999999994,-0.8660254037844387,0.0
HOUSEHOLD_0113_TX_3_validation,d_105,0.0,1.0,1.0,1.0,0.0,1.0,0.0,0.5714285714285714,0.8571428571428571,-0.433883739117558,-0.9009688679024191,0.49999999999999994,-0.8660254037844387,1.0
HOUSEHOLD_0113_TX_3_validation,d_106,1.0,0.0,1.0,1.0,1.0,0.0,1.0,0.7142857142857143,0.8571428571428571,-0.9749279121818236,-0.2225209339563146,0.49999999999999994,-0.8660254037844387,0.0
HOUSEHOLD_0113_TX_3_validation,d_107,0.0,1.0,0.0,1.0,1.0,1.0,0.0,0.5714285714285714,0.8571428571428571,-0.7818314824680299,0.6234898018587334,0.49999999999999994,-0.8660254037844387,0.0
HOUSEHOLD_0113_TX_3_validation,d_108,0.0,0.0,1.0,0.0,1.0,1.0,1.0,0.5714285714285714,0.5714285714285714,0.0,1.0,0.49999999999999994,-0.8660254037844387,2.0
HOUSEHOLD_0113_TX_3_validation,d_109,2.0,0.0,0.0,1.0,0.0,1.0,1.0,0.7142857142857143,0.5714285714285714,0.7818314824680298,0.6234898018587336,0.49999999999999994,-0.8660254037844387,1.0
HOUSEHOLD_0113_TX_3_validation,d_110,1.0,2.0,0.0,0.0,1.0,0.0,1.0,0.7142857142857143,0.5714285714285714,0.9749279121818236,-0.22252093395631434,0.49999999999999994,-0.8660254037844387,0.0
HOUSEHOLD_0113_TX_3_validation,d_111,0.0,1.0,2.0,0.0,0.0,1.0,0.0,0.5714285714285714,0.5714285714285714,0.43388373911755823,-0.900968867902419,0.49999999999999994,-0.8660254037844387,1.0
HOUSEHOLD_0113_TX_3_validation,d_112,1.0,0.0,1.0,2.0,0.0,0.0,1.0,0.7142857142857143,0.6428571428571429,-0.433883739117558,-0.9009688679024191,0.49999999999999994,-0.8660254037844387,0.0
HOUSEHOLD_0113_TX_3_validation,d_113,0.0,1.0,0.0,1.0,2.0,0.0,0.0,0.5714285714285714,0.6428571428571429,-0.9749279121818236,-0.2225209339563146,0.49999999999999994,-0.8660254037844387,2.0
HOUSEHOLD_0113_TX_3_validation,d_114,2.0,0.0,1.0,0.0,1.0,2.0,0.0,0.8571428571428571,0.7142857142857143,-0.7818314824680299,0.6234898018587334,0.49999999999999994,-0.8660254037844387,1.0
HOUSEHOLD_0113_TX_3_validation,d_115,1.0,2.0,0.0,1.0,0.0,1.0,2.0,1.0,0.7857142857142857,0.0,1.0,0.49999999999999994,-0.8660254037844387,0.0
HOUSEHOLD_0113_TX_3_validation,d_116,0.0,1.0,2.0,0.0,1.0,0.0,1.0,0.7142857142857143,0.7142857142857143,0.7818314824680298,0.6234898018587336,0.49999999999999994,-0.8660254037844387,1.0
HOUSEHOLD_0119_CA_3_validation,d_50,0.0,1.0,0.0,0.0,1.0,0.0,0.0,0.2857142857142857,0.2857142857142857,-0.9749279121818236,-0.2225209339563146,1.0,6.123233995736766e-17,0.0
HOUSEHOLD_0119_CA_3_validation,d_51,0.0,0.0,1.0,0.0,0.0,1.0,0.0,0.2857142857142857,0.2857142857142857,-0.7818314824680299,0.6234898018587334,1.0,6.123233995736766e-17,1.0
HOUSEHOLD_0119_CA_3_validation,d_52,1.0,0.0,0.0,1.0,0.0,0.0,1.0,0.42857142857142855,0.2857142857142857,0.0,1.0,1.0,6.123233995736766e-17,3.0
HOUSEHOLD_0119_CA_3_validation,d_53,3.0,1.0,0.0,0.0,1.0,0.0,0.0,0.7142857142857143,0.5,0.7818314824680298,0.6234898018587336,1.0,6.123233995736766e-17,1.0
HOUSEHOLD_0119_CA_3_validation,d_54,1.0,3.0,1.0,0.0,0.0,1.0,0.0,0.8571428571428571,0.5,0.9749279121818236,-0.22252093395631434,1.0,6.123233995736766e-17,0.0
HOUSEHOLD_0119_CA_3_validation,d_55,0.0,1.0,3.0,1.0,0.0,0.0,1.0,0.8571428571428571,0.5,0.43388373911755823,-0.900968867902419,1.0,6.123233995736766e-17,0.0
HOUSEHOLD_0119_CA_3_validation,d_56,0.0,0.0,1.0,3.0,1.0,0.0,0.0,0.7142857142857143,0.5,-0.433883739117558,-0.9009688679024191,1.0,6.123233995736766e-17,0.0
HOUSEHOLD_0119_CA_3_validation,d_57,0.0,0.0,0.0,1.0,3.0,1.0,0.0,0.7142857142857143,0.5,-0.9749279121818236,-0.2225209339563146,1.0,6.123233995736766e-17,2.0
HOUSEHOLD_0119_CA_3_validation,d_58,2.0,0.0,0.0,0.0,1.0,3.0,1.0,1.0,0.6428571428571429,-0.7818314824680299,0.6234898018587334,1.0,6.123233995736766e-17,1.0
HOUSEHOLD_0119_CA_3_validation,d_59,1.0,2.0,0.0,0.0,0.0,1.0,3.0,1.0,0.7142857142857143,0.0,1.0,1.0,6.123233995736766e-17,1.0
HOUSEHOLD_0119_CA_3_validation,d_60,1.0,1.0,2.0,0.0,0.0,0.0,1.0,0.7142857142857143,0.7142857142857143,0.7818314824680298,0.6234898018587336,1.0,6.123233995736766e-17,1.0
HOUSEHOLD_0119_CA_3_validation,d_61,1.0,1.0,1.0,2.0,0.0,0.0,0.0,0.7142857142857143,0.7857142857142857,0.9749279121818236,-0.22252093395631434,1.0,6.123233995736766e-17,0.0
HOUSEHOLD_0119_CA_3_validation,d_62,0.0,1.0,1.0,1.0,2.0,0.0,0.0,0.7142857142857143,0.7857142857142857,0.43388373911755823,-0.900968867902419,1.0,6.123233995736766e-17,0.0
HOUSEHOLD_0119_CA_3_validation,d_63,0.0,0.0,1.0,1.0,1.0,2.0,0.0,0.7142857142857143,0.7142857142857143,-0.433883739117558,-0.9009688679024191,0.8660254037844387,-0.4999999999999998,0.0
HOUSEHOLD_0119_CA_3_validation,d_64,0.0,0.0,0.0,1.0,1.0,1.0,2.0,0.7142857142857143,0.7142857142857143,-0.9749279121818236,-0.2225209339563146,0.8660254037844387,-0.4999999999999998,1.0
HOUSEHOLD_0119_CA_3_validation,d_65,1.0,0.0,0.0,0.0,1.0,1.0,1.0,0.5714285714285714,0.7857142857142857,-0.7818314824680299,0.6234898018587334,0.8660254037844387,-0.4999999999999998,1.0
HOUSEHOLD_0119_CA_3_validation,d_66,1.0,1.0,0.0,0.0,0.0,1.0,1.0,0.5714285714285714,0.7857142857142857,0.0,1.0,0.8660254037844387,-0.4999999999999998,1.0
HOUSEHOLD_0119_CA_3_validation,d_67,1.0,1.0,1.0,0.0,0.0,0.0,1.0,0.5714285714285714,0.6428571428571429,0.7818314824680298,0.6234898018587336,0.8660254037844387,-0.4999999999999998,2.0
HOUSEHOLD_0119_CA_3_validation,d_68,2.0,1.0,1.0,1.0,0.0,0.0,0.0,0.7142857142857143,0.7142857142857143,0.9749279121818236,-0.22252093395631434,0.8660254037844387,-0.4999999999999998,0.0
HOUSEHOLD_0119_CA_3_validation,d_69,0.0,2.0,1.0,1.0,1.0,0.0,0.0,0.7142857142857143,0.7142857142857143,0.43388373911755823,-0.900968867902419,0.8660254037844387,-0.4999999999999998,0.0
HOUSEHOLD_0119_CA_3_validation,d_70,0.0,0.0,2.0,1.0,1.0,1.0,0.0,0.7142857142857143,0.7142857142857143,-0.433883739117558,-0.9009688679024191,0.8660254037844387,-0.4999999999999998,0.0
HOUSEHOLD_0119_CA_3_validation,d_71,0.0,0.0,0.0,2.0,1.0,1.0,1.0,0.7142857142857143,0.7142857142857143,-0.9749279121818236,-0.2225209339563146,0.8660254037844387,-0.4999999999999998,0.0
HOUSEHOLD_0119_CA_3_validation,d_72,0.0,0.0,0.0,0.0,2.0,1.0,1.0,0.5714285714285714,0.5714285714285714,-0.7818314824680299,0.6234898018587334,0.8660254037844387,-0.4999999999999998,1.0
HOUSEHOLD_0119_CA_3_validation,d_73,1.0,0.0,0.0,0.0,0.0,2.0,1.0,0.5714285714285714,0.5714285714285714,0.0,1.0,0.8660254037844387,-0.4999999999999998,0.0
HOUSEHOLD_0119_CA_3_validation,d_74,0.0,1.0,0.0,0.0,0.0,0.0,2.0,0.42857142857142855,0.5,0.7818314824680298,0.6234898018587336,0.8660254037844387,-0.4999999999999998,0.0
HOUSEHOLD_0119_CA_3_validation,d_75,0.0,0.0,1.0,0.0,0.0,0.0,0.0,0.14285714285714285,0.42857142857142855,0.9749279121818236,-0.22252093395631434,0.8660254037844387,-0.4999999999999998,0.0
HOUSEHOLD_0119_CA_3_validation,d_76,0.0,0.0,0.0,1.0,0.0,0.0,0.0,0.14285714285714285,0.42857142857142855,0.43388373911755823,-0.900968867902419,0.8660254037844387,-0.4999999999999998,0.0
HOUSEHOLD_0119_CA_3_validation,d_77,0.0,0.0,0.0,0.0,1.0,0.0,0.0,0.14285714285714285,0.42857142857142855,-0.433883739117558,-0.9009688679024191,0.8660254037844387,-0.4999999999999998,0.0
HOUSEHOLD_0119_CA_3_validation,d_78,0.0,0.0,0.0,0.0,0.0,1.0,0.0,0.14285714285714285,0.42857142857142855,-0.9749279121818236,-0.2225209339563146,0.8660254037844387,-0.4999999999999998,0.0
HOUSEHOLD_0119_CA_3_validation,d_79,0.0,0.0,0.0,0.0,0.0,0.0,1.0,0.14285714285714285,0.35714285714285715,-0.7818314824680299,0.6234898018587334,0.8660254037844387,-0.4999999999999998,1.0
HOUSEHOLD_0119_CA_3_validation,d_80,1.0,0.0,0.0,0.0,0.0,0.0,0.0,0.14285714285714285,0.35714285714285715,0.0,1.0,0.8660254037844387,-0.4999999999999998,1.0
HOUSEHOLD_0119_CA_3_validation,d_81,1.0,1.0,0.0,0.0,0.0,0.0,0.0,0.2857142857142857,0.35714285714285715,0.7818314824680298,0.6234898018587336,0.8660254037844387,-0.4999999999999998,1.0
HOUSEHOLD_0119_CA_3_validation,d_82,1.0,1.0,1.0,0.0,0.0,0.0,0.0,0.42857142857142855,0.2857142857142857,0.9749279121818236,-0.22252093395631434,0.8660254037844387,-0.4999999999999998,0.0
HOUSEHOLD_0119_CA_3_validation,d_83,0.0,1.0,1.0,1.0,0.0,0.0,0.0,0.42857142857142855,0.2857142857142857,0.43388373911755823,-0.900968867902419,0.8660254037844387,-0.4999999999999998,0.0
HOUSEHOLD_0119_CA_3_validation,d_84,0.0,0.0,1.0,1.0,1.0,0.0,0.0,0.42857142857142855,0.2857142857142857,-0.433883739117558,-0.9009688679024191,0.8660254037844387,-0.4999999999999998,0.0
HOUSEHOLD_0119_CA_3_validation,d_85,0.0,0.0,0.0,1.0,1.0,1.0,0.0,0.42857142857142855,0.2857142857142857,-0.9749279121818236,-0.2225209339563146,0.8660254037844387,-0.4999999999999998,0.0
HOUSEHOLD_0119_CA_3_validation,d_86,0.0,0.0,0.0,0.0,1.0,1.0,1.0,0.42857142857142855,0.2857142857142857,-0.7818314824680299,0.6234898018587334,0.8660254037844387,-0.4999999999999998,2.0
HOUSEHOLD_0119_CA_3_validation,d_87,2.0,0.0,0.0,0.0,0.0,1.0,1.0,0.5714285714285714,0.35714285714285715,0.0,1.0,0.8660254037844387,-0.4999999999999998,0.0
HOUSEHOLD_0119_CA_3_validation,d_88,0.0,2.0,0.0,0.0,0.0,0.0,1.0,0.42857142857142855,0.35714285714285715,0.7818314824680298,0.6234898018587336,0.8660254037844387,-0.4999999999999998,0.0
HOUSEHOLD_0119_CA_3_validation,d_89,0.0,0.0,2.0,0.0,0.0,0.0,0.0,0.2857142857142857,0.35714285714285715,0.9749279121818236,-0.22252093395631434,0.8660254037844387,-0.4999999999999998,0.0
HOUSEHOLD_0119_CA_3_validation,d_90,0.0,0.0,0.0,2.0,0.0,0.0,0.0,0.2857142857142857,0.35714285714285715,0.43388373911755823,-0.900968867902419,0.8660254037844387,-0.4999999999999998,0.0
HOUSEHOLD_0119_CA_3_validation,d_91,0.0,0.0,0.0,0.0,2.0,0.0,0.0,0.2857142857142857,0.35714285714285715,-0.433883739117558,-0.9009688679024191,0.8660254037844387,-0.4999999999999998,0.0
HOUSEHOLD_0119_CA_3_validation,d_92,0.0,0.0,0.0,0.0,0.0,2.0,0.0,0.2857142857142857,0.35714285714285715,-0.9749279121818236,-0.2225209339563146,0.8660254037844387,-0.4999999999999998,1.0
HOUSEHOLD_0119_CA_3_validation,d_93,1.0,0.0,0.0,0.0,0.0,0.0,2.0,0.42857142857142855,0.42857142857142855,-0.7818314824680299,0.6234898018587334,0.49999999999999994,-0.8660254037844387,0.0
HOUSEHOLD_0119_CA_3_validation,d_94,0.0,1.0,0.0,0.0,0.0,0.0,0.0,0.14285714285714285,0.35714285714285715,0.0,1.0,0.49999999999999994,-0.8660254037844387,1.0
HOUSEHOLD_0119_CA_3_validation,d_95,1.0,0.0,1.0,0.0,0.0,0.0,0.0,0.2857142857142857,0.35714285714285715,0.7818314824680298,0.6234898018587336,0.49999999999999994,-0.8660254037844387,0.0
HOUSEHOLD_0119_CA_3_validation,d_96,0.0,1.0,0.0,1.0,0.0,0.0,0.0,0.2857142857142857,0.2857142857142857,0.9749279121818236,-0.22252093395631434,0.49999999999999994,-0.8660254037844387,1.0
HOUSEHOLD_0119_CA_3_validation,d_97,1.0,0.0,1.0,0.0,1.0,0.0,0.0,0.42857142857142855,0.35714285714285715,0.43388373911755823,-0.900968867902419,0.49999999999999994,-0.8660254037844387,0.0
HOUSEHOLD_0119_CA_3_validation,d_98,0.0,1.0,0.0,1.0,0.0,1.0,0.0,0.42857142857142855,0.35714285714285715,-0.433883739117558,-0.9009688679024191,0.49999999999999994,-0.8660254037844387,0.0
HOUSEHOLD_0119_CA_3_validation,d_99,0.0,0.0,1.0,0.0,1.0,0.0,1.0,0.42857142857142855,0.35714285714285715,-0.9749279121818236,-0.2225209339563146,0.49999999999999994,-0.8660254037844387,1.0
HOUSEHOLD_0119_CA_3_validation,d_100,1.0,0.0,0.0,1.0,0.0,1.0,0.0,0.42857142857142855,0.42857142857142855,-0.7818314824680299,0.6234898018587334,0.49999999999999994,-0.8660254037844387,0.0
HOUSEHOLD_0119_CA_3_validation,d_101,0.0,1.0,0.0,0.0,1.0,0.0,1.0,0.42857142857142855,0.2857142857142857,0.0,1.0,0.49999999999999994,-0.8660254037844387,2.0
HOUSEHOLD_0119_CA_3_validation,d_102,2.0,0.0,1.0,0.0,0.0,1.0,0.0,0.5714285714285714,0.42857142857142855,0.7818314824680298,0.6234898018587336,0.49999999999999994,-0.8660254037844387,1.0
HOUSEHOLD_0119_CA_3_validation,d_103,1.0,2.0,0.0,1.0,0.0,0.0,1.0,0.7142857142857143,0.5,0.9749279121818236,-0.22252093395631434,0.49999999999999994,-0.8660254037844387,0.0
HOUSEHOLD_0119_CA_3_validation,d_104,0.0,1.0,2.0,0.0,1.0,0.0,0.0,0.5714285714285714,0.5,0.43388373911755823,-0.900968867902419,0.49999999999999994,-0.8660254037844387,0.0
HOUSEHOLD_0119_CA_3_validation,d_105,0.0,0.0,1.0,2.0,0.0,1.0,0.0,0.5714285714285714,0.5,-0.433883739117558,-0.9009688679024191,0.49999999999999994,-0.8660254037844387,0.0
HOUSEHOLD_0119_CA_3_validation,d_106,0.0,0.0,0.0,1.0,2.0,0.0,1.0,0.5714285714285714,0.5,-0.9749279121818236,-0.2225209339563146,0.49999999999999994,-0.8660254037844387,1.0
HOUSEHOLD_0119_CA_3_validation,d_107,1.0,0.0,0.0,0.0,1.0,2.0,0.0,0.5714285714285714,0.5,-0.7818314824680299,0.6234898018587334,0.49999999999999994,-0.8660254037844387,0.0
HOUSEHOLD_0119_CA_3_validation,d_108,0.0,1.0,0.0,0.0,0.0,1.0,2.0,0.5714285714285714,0.5,0.0,1.0,0.49999999999999994,-0.8660254037844387,0.0
HOUSEHOLD_0119_CA_3_validation,d_109,0.0,0.0,1.0,0.0,0.0,0.0,1.0,0.2857142857142857,0.42857142857142855,0.7818314824680298,0.6234898018587336,0.49999999999999994,-0.8660254037844387,1.0
HOUSEHOLD_0119_CA_3_validation,d_110,1.0,0.0,0.0,1.0,0.0,0.0,0.0,0.2857142857142857,0.5,0.9749279121818236,-0.22252093395631434,0.49999999999999994,-0.8660254037844387,0.0
HOUSEHOLD_0119_CA_3_validation,d_111,0.0,1.0,0.0,0.0,1.0,0.0,0.0,0.2857142857142857,0.42857142857142855,0.43388373911755823,-0.900968867902419,0.49999999999999994,-0.8660254037844387,0.0
HOUSEHOLD_0119_CA_3_validation,d_112,0.0,0.0,1.0,0.0,0.0,1.0,0.0,0.2857142857142857,0.42857142857142855,-0.433883739117558,-0.9009688679024191,0.49999999999999994,-0.8660254037844387,0.0
HOUSEHOLD_0119_CA_3_validation,d_113,0.0,0.0,0.0,1.0,0.0,0.0,1.0,0.2857142857142857,0.42857142857142855,-0.9749279121818236,-0.2225209339563146,0.49999999999999994,-0.8660254037844387,0.0
HOUSEHOLD_0119_CA_3_validation,d_114,0.0,0.0,0.0,0.0,1.0,0.0,0.0,0.14285714285714285,0.35714285714285715,-0.7818314824680299,0.6234898018587334,0.49999999999999994,-0.8660254037844387,2.0
HOUSEHOLD_0119_CA_3_validation,d_115,2.0,0.0,0.0,0.0,0.0,1.0,0.0,0.42857142857142855,0.5,0.0,1.0,0.49999999999999994,-0.8660254037844387,0.0
HOUSEHOLD_0119_CA_3_validation,d_116,0.0,2.0,0.0,0.0,0.0,0.0,1.0,0.42857142857142855,0.35714285714285715,0.7818314824680298,0.6234898018587336,0.49999999999999994,-0.8660254037844387,1.0
FOODS_0124_WI_2_validation,d_50,0.0,0.0,0.0,0.0,0.0,0.0,0.0,0.0,0.14285714285714285,-0.9749279121818236,-0.2225209339563146,1.0,6.123233995736766e-17,0.0
FOODS_0124_WI_2_validation,d_51,0.0,0.0,0.0,0.0,0.0,0.0,0.0,0.0,0.14285714285714285,-0.7818314824680299,0.6234898018587334,1.0,6.123233995736766e-17,0.0
FOODS_0124_WI_2_validation,d_52,0.0,0.0,0.0,0.0,0.0,0.0,0.0,0.0,0.07142857142857142,0.0,1.0,1.0,6.123233995736766e-17,2.0
FOODS_0124_WI_2_validation,d_53,2.0,0.0,0.0,0.0,0.0,0.0,0.0,0.2857142857142857,0.14285714285714285,0.7818314824680298,0.6234898018587336,1.0,6.123233995736766e-17,1.0
FOODS_0124_WI_2_validation,d_54,1.0,2.0,0.0,0.0,0.0,0.0,0.0,0.42857142857142855,0.21428571428571427,0.9749279121818236,-0.22252093395631434,1.0,6.123233995736766e-17,0.0
FOODS_0124_WI_2_validation,d_55,0.0,1.0,2.0,0.0,0.0,0.0,0.0,0.42857142857142855,0.21428571428571427,0.43388373911755823,-0.900968867902419,1.0,6.123233995736766e-17,0.0
FOODS_0124_WI_2_validation,d_56,0.0,0.0,1.0,2.0,0.0,0.0,0.0,0.42857142857142855,0.21428571428571427,-0.433883739117558,-0.9009688679024191,1.0,6.123233995736766e-17,0.0
FOODS_0124_WI_2_validation,d_57,0.0,0.0,0.0,1.0,2.0,0.0,0.0,0.42857142857142855,0.21428571428571427,-0.9749279121818236,-0.2225209339563146,1.0,6.123233995736766e-17,0.0
FOODS_0124_WI_2_validation,d_58,0.0,0.0,0.0,0.0,1.0,2.0,0.0,0.42857142857142855,0.21428571428571427,-0.7818314824680299,0.6234898018587334,1.0,6.123233995736766e-17,0.0
FOODS_0124_WI_2_validation,d_59,0.0,0.0,0.0,0.0,0.0,1.0,2.0,0.42857142857142855,0.21428571428571427,0.0,1.0,1.0,6.123233995736766e-17,1.0
FOODS_0124_WI_2_validation,d_60,1.0,0.0,0.0,0.0,0.0,0.0,1.0,0.2857142857142857,0.2857142857142857,0.7818314824680298,0.6234898018587336,1.0,6.123233995736766e-17,0.0
FOODS_0124_WI_2_validation,d_61,0.0,1.0,0.0,0.0,0.0,0.0,0.0,0.14285714285714285,0.2857142857142857,0.9749279121818236,-0.22252093395631434,1.0,6.123233995736766e-17,0.0
FOODS_0124_WI_2_validation,d_62,0.0,0.0,1.0,0.0,0.0,0.0,0.0,0.14285714285714285,0.2857142857142857,0.43388373911755823,-0.900968867902419,1.0,6.123233995736766e-17,0.0
FOODS_0124_WI_2_validation,d_63,0.0,0.0,0.0,1.0,0.0,0.0,0.0,0.14285714285714285,0.2857142857142857,-0.433883739117558,-0.9009688679024191,0.8660254037844387,-0.4999999999999998,0.0
FOODS_0124_WI_2_validation,d_64,0.0,0.0,0.0,0.0,1.0,0.0,0.0,0.14285714285714285,0.2857142857142857,-0.9749279121818236,-0.2225209339563146,0.8660254037844387,-0.4999999999999998,0.0
FOODS_0124_WI_2_validation,d_65,0.0,0.0,0.0,0.0,0.0,1.0,0.0,0.14285714285714285,0.2857142857142857,-0.7818314824680299,0.6234898018587334,0.8660254037844387,-0.4999999999999998,0.0
FOODS_0124_WI_2_validation,d_66,0.0,0.0,0.0,0.0,0.0,0.0,1.0,0.14285714285714285,0.2857142857142857,0.0,1.0,0.8660254037844387,-0.4999999999999998,0.0
FOODS_0124_WI_2_validation,d_67,0.0,0.0,0.0,0.0,0.0,0.0,0.0,0.0,0.14285714285714285,0.7818314824680298,0.6234898018587336,0.8660254037844387,-0.4999999999999998,0.0
FOODS_0124_WI_2_validation,d_68,0.0,0.0,0.0,0.0,0.0,0.0,0.0,0.0,0.07142857142857142,0.9749279121818236,-0.22252093395631434,0.8660254037844387,-0.4999999999999998,0.0
FOODS_0124_WI_2_validation,d_69,0.0,0.0,0.0,0.0,0.0,0.0,0.0,0.0,0.07142857142857142,0.43388373911755823,-0.900968867902419,0.8660254037844387,-0.4999999999999998,0.0
FOODS_0124_WI_2_validation,d_70,0.0,0.0,0.0,0.0,0.0,0.0,0.0,0.0,0.07142857142857142,-0.433883739117558,-0.9009688679024191,0.8660254037844387,-0.4999999999999998,0.0
FOODS_0124_WI_2_validation,d_71,0.0,0.0,0.0,0.0,0.0,0.0,0.0,0.0,0.07142857142857142,-0.9749279121818236,-0.2225209339563146,0.8660254037844387,-0.4999999999999998,0.0
FOODS_0124_WI_2_validation,d_72,0.0,0.0,0.0,0.0,0.0,0.0,0.0,0.0,0.07142857142857142,-0.7818314824680299,0.6234898018587334,0.8660254037844387,-0.4999999999999998,0.0
FOODS_0124_WI_2_validation,d_73,0.0,0.0,0.0,0.0,0.0,0.0,0.0,0.0,0.07142857142857142,0.0,1.0,0.8660254037844387,-0.4999999999999998,0.0
FOODS_0124_WI_2_validation,d_74,0.0,0.0,0.0,0.0,0.0,0.0,0.0,0.0,0.0,0.7818314824680298,0.6234898018587336,0.8660254037844387,-0.4999999999999998,0.0
FOODS_0124_WI_2_validation,d_75,0.0,0.0,0.0,0.0,0.0,0.0,0.0,0.0,0.0,0.9749279121818236,-0.22252093395631434,0.8660254037844387,-0.4999999999999998,0.0
FOODS_0124_WI_2_validation,d_76,0.0,0.0,0.0,0.0,0.0,0.0,0.0,0.0,0.0,0.43388373911755823,-0.900968867902419,0.8660254037844387,-0.4999999999999998,0.0
FOODS_0124_WI_2_validation,d_77,0.0,0.0,0.0,0.0,0.0,0.0,0.0,0.0,0.0,-0.433883739117558,-0.9009688679024191,0.8660254037844387,-0.4999999999999998,0.0
FOODS_0124_WI_2_validation,d_78,0.0,0.0,0.0,0.0,0.0,0.0,0.0,0.0,0.0,-0.9749279121818236,-0.2225209339563146,0.8660254037844387,-0.4999999999999998,0.0
FOODS_0124_WI_2_validation,d_79,0.0,0.0,0.0,0.0,0.0,0.0,0.0,0.0,0.0,-0.7818314824680299,0.6234898018587334,0.8660254037844387,-0.4999999999999998,1.0
FOODS_0124_WI_2_validation,d_80,1.0,0.0,0.0,0.0,0.0,0.0,0.0,0.14285714285714285,0.07142857142857142,0.0,1.0,0.8660254037844387,-0.4999999999999998,1.0
FOODS_0124_WI_2_validation,d_81,1.0,1.0,0.0,0.0,0.0,0.0,0.0,0.2857142857142857,0.14285714285714285,0.7818314824680298,0.6234898018587336,0.8660254037844387,-0.4999999999999998,0.0
FOODS_0124_WI_2_validation,d_82,0.0,1.0,1.0,0.0,0.0,0.0,0.0,0.2857142857142857,0.14285714285714285,0.9749279121818236,-0.22252093395631434,0.8660254037844387,-0.4999999999999998,0.0
FOODS_0124_WI_2_validation,d_83,0.0,0.0,1.0,1.0,0.0,0.0,0.0,0.2857142857142857,0.14285714285714285,0.43388373911755823,-0.900968867902419,0.8660254037844387,-0.4999999999999998,0.0
FOODS_0124_WI_2_validation,d_84,0.0,0.0,0.0,1.0,1.0,0.0,0.0,0.2857142857142857,0.14285714285714285,-0.433883739117558,-0.9009688679024191,0.8660254037844387,-0.4999999999999998,0.0
FOODS_0124_WI_2_validation,d_85,0.0,0.0,0.0,0.0,1.0,1.0,0.0,0.2857142857142857,0.14285714285714285,-0.9749279121818236,-0.2225209339563146,0.8660254037844387,-0.4999999999999998,2.0
FOODS_0124_WI_2_validation,d_86,2.0,0.0,0.0,0.0,0.0,1.0,1.0,0.5714285714285714,0.2857142857142857,-0.7818314824680299,0.6234898018587334,0.8660254037844387,-0.4999999999999998,1.0
FOODS_0124_WI_2_validation,d_87,1.0,2.0,0.0,0.0,0.0,0.0,1.0,0.5714285714285714,0.35714285714285715,0.0,1.0,0.8660254037844387,-0.4999999999999998,0.0
FOODS_0124_WI_2_validation,d_88,0.0,1.0,2.0,0.0,0.0,0.0,0.0,0.42857142857142855,0.35714285714285715,0.7818314824680298,0.6234898018587336,0.8660254037844387,-0.4999999999999998,0.0
FOODS_0124_WI_2_validation,d_89,0.0,0.0,1.0,2.0,0.0,0.0,0.0,0.42857142857142855,0.35714285714285715,0.9749279121818236,-0.22252093395631434,0.8660254037844387,-0.4999999999999998,0.0
FOODS_0124_WI_2_validation,d_90,0.0,0.0,0.0,1.0,2.0,0.0,0.0,0.42857142857142855,0.35714285714285715,0.43388373911755823,-0.900968867902419,0.8660254037844387,-0.4999999999999998,0.0
FOODS_0124_WI_2_validation,d_91,0.0,0.0,0.0,0.0,1.0,2.0,0.0,0.42857142857142855,0.35714285714285715,-0.433883739117558,-0.9009688679024191,0.8660254037844387,-0.4999999999999998,0.0
FOODS_0124_WI_2_validation,d_92,0.0,0.0,0.0,0.0,0.0,1.0,2.0,0.42857142857142855,0.35714285714285715,-0.9749279121818236,-0.2225209339563146,0.8660254037844387,-0.4999999999999998,0.0
FOODS_0124_WI_2_validation,d_93,0.0,0.0,0.0,0.0,0.0,0.0,1.0,0.14285714285714285,0.35714285714285715,-0.7818314824680299,0.6234898018587334,0.49999999999999994,-0.8660254037844387,1.0
FOODS_0124_WI_2_validation,d_94,1.0,0.0,0.0,0.0,0.0,0.0,0.0,0.14285714285714285,0.35714285714285715,0.0,1.0,0.49999999999999994,-0.8660254037844387,1.0
FOODS_0124_WI_2_validation,d_95,1.0,1.0,0.0,0.0,0.0,0.0,0.0,0.2857142857142857,0.35714285714285715,0.7818314824680298,0.6234898018587336,0.49999999999999994,-0.8660254037844387,1.0
FOODS_0124_WI_2_validation,d_96,1.0,1.0,1.0,0.0,0.0,0.0,0.0,0.42857142857142855,0.42857142857142855,0.9749279121818236,-0.22252093395631434,0.49999999999999994,-0.8660254037844387,0.0
FOODS_0124_WI_2_validation,d_97,0.0,1.0,1.0,1.0,0.0,0.0,0.0,0.42857142857142855,0.42857142857142855,0.43388373911755823,-0.900968867902419,0.49999999999999994,-0.8660254037844387,0.0
FOODS_0124_WI_2_validation,d_98,0.0,0.0,1.0,1.0,1.0,0.0,0.0,0.42857142857142855,0.42857142857142855,-0.433883739117558,-0.9009688679024191,0.49999999999999994,-0.8660254037844387,0.0
FOODS_0124_WI_2_validation,d_99,0.0,0.0,0.0,1.0,1.0,1.0,0.0,0.42857142857142855,0.42857142857142855,-0.9749279121818236,-0.2225209339563146,0.49999999999999994,-0.8660254037844387,0.0
FOODS_0124_WI_2_validation,d_100,0.0,0.0,0.0,0.0,1.0,1.0,1.0,0.42857142857142855,0.2857142857142857,-0.7818314824680299,0.6234898018587334,0.49999999999999994,-0.8660254037844387,1.0
FOODS_0124_WI_2_validation,d_101,1.0,0.0,0.0,0.0,0.0,1.0,1.0,0.42857142857142855,0.2857142857142857,0.0,1.0,0.49999999999999994,-0.8660254037844387,0.0
FOODS_0124_WI_2_validation,d_102,0.0,1.0,0.0,0.0,0.0,0.0,1.0,0.2857142857142857,0.2857142857142857,0.7818314824680298,0.6234898018587336,0.49999999999999994,-0.8660254037844387,0.0
FOODS_0124_WI_2_validation,d_103,0.0,0.0,1.0,0.0,0.0,0.0,0.0,0.14285714285714285,0.2857142857142857,0.9749279121818236,-0.22252093395631434,0.49999999999999994,-0.8660254037844387,0.0
FOODS_0124_WI_2_validation,d_104,0.0,0.0,0.0,1.0,0.0,0.0,0.0,0.14285714285714285,0.2857142857142857,0.43388373911755823,-0.900968867902419,0.49999999999999994,-0.8660254037844387,0.0
FOODS_0124_WI_2_validation,d_105,0.0,0.0,0.0,0.0,1.0,0.0,0.0,0.14285714285714285,0.2857142857142857,-0.433883739117558,-0.9009688679024191,0.49999999999999994,-0.8660254037844387,0.0
FOODS_0124_WI_2_validation,d_106,0.0,0.0,0.0,0.0,0.0,1.0,0.0,0.14285714285714285,0.2857142857142857,-0.9749279121818236,-0.2225209339563146,0.49999999999999994,-0.8660254037844387,0.0
FOODS_0124_WI_2_validation,d_107,0.0,0.0,0.0,0.0,0.0,0.0,1.0,0.14285714285714285,0.2857142857142857,-0.7818314824680299,0.6234898018587334,0.49999999999999994,-0.8660254037844387,0.0
FOODS_0124_WI_2_validation,d_108,0.0,0.0,0.0,0.0,0.0,0.0,0.0,0.0,0.21428571428571427,0.0,1.0,0.49999999999999994,-0.8660254037844387,0.0
FOODS_0124_WI_2_validation,d_109,0.0,0.0,0.0,0.0,0.0,0.0,0.0,0.0,0.14285714285714285,0.7818314824680298,0.6234898018587336,0.49999999999999994,-0.8660254037844387,1.0
FOODS_0124_WI_2_validation,d_110,1.0,0.0,0.0,0.0,0.0,0.0,0.0,0.14285714285714285,0.14285714285714285,0.9749279121818236,-0.22252093395631434,0.49999999999999994,-0.8660254037844387,0.0
FOODS_0124_WI_2_validation,d_111,0.0,1.0,0.0,0.0,0.0,0.0,0.0,0.14285714285714285,0.14285714285714285,0.43388373911755823,-0.900968867902419,0.49999999999999994,-0.8660254037844387,0.0
FOODS_0124_WI_2_validation,d_112,0.0,0.0,1.0,0.0,0.0,0.0,0.0,0.14285714285714285,0.14285714285714285,-0.433883739117558,-0.9009688679024191,0.49999999999999994,-0.8660254037844387,0.0
FOODS_0124_WI_2_validation,d_113,0.0,0.0,0.0,1.0,0.0,0.0,0.0,0.14285714285714285,0.14285714285714285,-0.9749279121818236,-0.2225209339563146,0.49999999999999994,-0.8660254037844387,0.0
FOODS_0124_WI_2_validation,d_114,0.0,0.0,0.0,0.0,1.0,0.0,0.0,0.14285714285714285,0.14285714285714285,-0.7818314824680299,0.6234898018587334,0.49999999999999994,-0.8660254037844387,1.0
FOODS_0124_WI_2_validation,d_115,1.0,0.0,0.0,0.0,0.0,1.0,0.0,0.2857142857142857,0.14285714285714285,0.0,1.0,0.49999999999999994,-0.8660254037844387,1.0
FOODS_0124_WI_2_validation,d_116,1.0,1.0,0.0,0.0,0.0,0.0,1.0,0.42857142857142855,0.21428571428571427,0.7818314824680298,0.6234898018587336,0.49999999999999994,-0.8660254037844387,0.0
HOBBIES_0126_CA_1_validation,d_50,0.0,2.0,2.0,1.0,1.0,1.0,0.0,1.0,1.0714285714285714,-0.9749279121818236,-0.2225209339563146,1.0,6.123233995736766e-17,1.0
HOBBIES_0126_CA_1_validation,d_51,1.0,0.0,2.0,2.0,1.0,1.0,1.0,1.1428571428571428,1.0714285714285714,-0.7818314824680299,0.6234898018587334,1.0,6.123233995736766e-17,0.0
HOBBIES_0126_CA_1_validation,d_52,0.0,1.0,0.0,2.0,2.0,1.0,1.0,1.0,0.8571428571428571,0.0,1.0,1.0,6.123233995736766e-17,0.0
HOBBIES_0126_CA_1_validation,d_53,0.0,0.0,1.0,0.0,2.0,2.0,1.0,0.8571428571428571,0.7857142857142857,0.7818314824680298,0.6234898018587336,1.0,6.123233995736766e-17,2.0
HOBBIES_0126_CA_1_validation,d_54,2.0,0.0,0.0,1.0,0.0,2.0,2.0,1.0,0.7857142857142857,0.9749279121818236,-0.22252093395631434,1.0,6.123233995736766e-17,0.0
HOBBIES_0126_CA_1_validation,d_55,0.0,2.0,0.0,0.0,1.0,0.0,2.0,0.7142857142857143,0.7142857142857143,0.43388373911755823,-0.900968867902419,1.0,6.123233995736766e-17,0.0
HOBBIES_0126_CA_1_validation,d_56,0.0,0.0,2.0,0.0,0.0,1.0,0.0,0.42857142857142855,0.7142857142857143,-0.433883739117558,-0.9009688679024191,1.0,6.123233995736766e-17,0.0
HOBBIES_0126_CA_1_validation,d_57,0.0,0.0,0.0,2.0,0.0,0.0,1.0,0.42857142857142855,0.7142857142857143,-0.9749279121818236,-0.2225209339563146,1.0,6.123233995736766e-17,0.0
HOBBIES_0126_CA_1_validation,d_58,0.0,0.0,0.0,0.0,2.0,0.0,0.0,0.2857142857142857,0.7142857142857143,-0.7818314824680299,0.6234898018587334,1.0,6.123233995736766e-17,3.0
HOBBIES_0126_CA_1_validation,d_59,3.0,0.0,0.0,0.0,0.0,2.0,0.0,0.7142857142857143,0.8571428571428571,0.0,1.0,1.0,6.123233995736766e-17,2.0
HOBBIES_0126_CA_1_validation,d_60,2.0,3.0,0.0,0.0,0.0,0.0,2.0,1.0,0.9285714285714286,0.7818314824680298,0.6234898018587336,1.0,6.123233995736766e-17,2.0
HOBBIES_0126_CA_1_validation,d_61,2.0,2.0,3.0,0.0,0.0,0.0,0.0,1.0,1.0,0.9749279121818236,-0.22252093395631434,1.0,6.123233995736766e-17,4.0
HOBBIES_0126_CA_1_validation,d_62,4.0,2.0,2.0,3.0,0.0,0.0,0.0,1.5714285714285714,1.1428571428571428,0.43388373911755823,-0.900968867902419,1.0,6.123233995736766e-17,1.0
HOBBIES_0126_CA_1_validation,d_63,1.0,4.0,2.0,2.0,3.0,0.0,0.0,1.7142857142857142,1.0714285714285714,-0.433883739117558,-0.9009688679024191,0.8660254037844387,-0.4999999999999998,1.0
HOBBIES_0126_CA_1_validation,d_64,1.0,1.0,4.0,2.0,2.0,3.0,0.0,1.8571428571428572,1.1428571428571428,-0.9749279121818236,-0.2225209339563146,0.8660254037844387,-0.4999999999999998,1.0
HOBBIES_0126_CA_1_validation,d_65,1.0,1.0,1.0,4.0,2.0,2.0,3.0,2.0,1.1428571428571428,-0.7818314824680299,0.6234898018587334,0.8660254037844387,-0.4999999999999998,2.0
HOBBIES_0126_CA_1_validation,d_66,2.0,1.0,1.0,1.0,4.0,2.0,2.0,1.8571428571428572,1.2857142857142858,0.0,1.0,0.8660254037844387,-0.4999999999999998,2.0
HOBBIES_0126_CA_1_validation,d_67,2.0,2.0,1.0,1.0,1.0,4.0,2.0,1.8571428571428572,1.4285714285714286,0.7818314824680298,0.6234898018587336,0.8660254037844387,-0.4999999999999998,4.0
HOBBIES_0126_CA_1_validation,d_68,4.0,2.0,2.0,1.0,1.0,1.0,4.0,2.142857142857143,1.5714285714285714,0.9749279121818236,-0.22252093395631434,0.8660254037844387,-0.4999999999999998,2.0
HOBBIES_0126_CA_1_validation,d_69,2.0,4.0,2.0,2.0,1.0,1.0,1.0,1.8571428571428572,1.7142857142857142,0.43388373911755823,-0.900968867902419,0.8660254037844387,-0.4999999999999998,1.0
HOBBIES_0126_CA_1_validation,d_70,1.0,2.0,4.0,2.0,2.0,1.0,1.0,1.8571428571428572,1.7857142857142858,-0.433883739117558,-0.9009688679024191,0.8660254037844387,-0.4999999999999998,1.0
HOBBIES_0126_CA_1_validation,d_71,1.0,1.0,2.0,4.0,2.0,2.0,1.0,1.8571428571428572,1.8571428571428572,-0.9749279121818236,-0.2225209339563146,0.8660254037844387,-0.4999999999999998,2.0
HOBBIES_0126_CA_1_validation,d_72,2.0,1.0,1.0,2.0,4.0,2.0,2.0,2.0,2.0,-0.7818314824680299,0.6234898018587334,0.8660254037844387,-0.4999999999999998,0.0
HOBBIES_0126_CA_1_validation,d_73,0.0,2.0,1.0,1.0,2.0,4.0,2.0,1.7142857142857142,1.7857142857142858,0.0,1.0,0.8660254037844387,-0.4999999999999998,5.0
HOBBIES_0126_CA_1_validation,d_74,5.0,0.0,2.0,1.0,1.0,2.0,4.0,2.142857142857143,2.0,0.7818314824680298,0.6234898018587336,0.8660254037844387,-0.4999999999999998,2.0
HOBBIES_0126_CA_1_validation,d_75,2.0,5.0,0.0,2.0,1.0,1.0,2.0,1.8571428571428572,2.0,0.9749279121818236,-0.22252093395631434,0.8660254037844387,-0.4999999999999998,1.0
HOBBIES_0126_CA_1_validation,d_76,1.0,2.0,5.0,0.0,2.0,1.0,1.0,1.7142857142857142,1.7857142857142858,0.43388373911755823,-0.900968867902419,0.8660254037844387,-0.4999999999999998,1.0
HOBBIES_0126_CA_1_validation,d_77,1.0,1.0,2.0,5.0,0.0,2.0,1.0,1.7142857142857142,1.7857142857142858,-0.433883739117558,-0.9009688679024191,0.8660254037844387,-0.4999999999999998,0.0
HOBBIES_0126_CA_1_validation,d_78,0.0,1.0,1.0,2.0,5.0,0.0,2.0,1.5714285714285714,1.7142857142857142,-0.9749279121818236,-0.2225209339563146,0.8660254037844387,-0.4999999999999998,2.0
HOBBIES_0126_CA_1_validation,d_79,2.0,0.0,1.0,1.0,2.0,5.0,0.0,1.5714285714285714,1.7857142857142858,-0.7818314824680299,0.6234898018587334,0.8660254037844387,-0.4999999999999998,3.0
HOBBIES_0126_CA_1_validation,d_80,3.0,2.0,0.0,1.0,1.0,2.0,5.0,2.0,1.8571428571428572,0.0,1.0,0.8660254037844387,-0.4999999999999998,2.0
HOBBIES_0126_CA_1_validation,d_81,2.0,3.0,2.0,0.0,1.0,1.0,2.0,1.5714285714285714,1.8571428571428572,0.7818314824680298,0.6234898018587336,0.8660254037844387,-0.4999999999999998,1.0
HOBBIES_0126_CA_1_validation,d_82,1.0,2.0,3.0,2.0,0.0,1.0,1.0,1.4285714285714286,1.6428571428571428,0.9749279121818236,-0.22252093395631434,0.8660254037844387,-0.4999999999999998,1.0
HOBBIES_0126_CA_1_validation,d_83,1.0,1.0,2.0,3.0,2.0,0.0,1.0,1.4285714285714286,1.5714285714285714,0.43388373911755823,-0.900968867902419,0.8660254037844387,-0.4999999999999998,1.0
HOBBIES_0126_CA_1_validation,d_84,1.0,1.0,1.0,2.0,3.0,2.0,0.0,1.4285714285714286,1.5714285714285714,-0.433883739117558,-0.9009688679024191,0.8660254037844387,-0.4999999999999998,1.0
HOBBIES_0126_CA_1_validation,d_85,1.0,1.0,1.0,1.0,2.0,3.0,2.0,1.5714285714285714,1.5714285714285714,-0.9749279121818236,-0.2225209339563146,0.8660254037844387,-0.4999999999999998,1.0
HOBBIES_0126_CA_1_validation,d_86,1.0,1.0,1.0,1.0,1.0,2.0,3.0,1.4285714285714286,1.5,-0.7818314824680299,0.6234898018587334,0.8660254037844387,-0.4999999999999998,2.0
HOBBIES_0126_CA_1_validation,d_87,2.0,1.0,1.0,1.0,1.0,1.0,2.0,1.2857142857142858,1.6428571428571428,0.0,1.0,0.8660254037844387,-0.4999999999999998,1.0
HOBBIES_0126_CA_1_validation,d_88,1.0,2.0,1.0,1.0,1.0,1.0,1.0,1.1428571428571428,1.3571428571428572,0.7818314824680298,0.6234898018587336,0.8660254037844387,-0.4999999999999998,2.0
HOBBIES_0126_CA_1_validation,d_89,2.0,1.0,2.0,1.0,1.0,1.0,1.0,1.2857142857142858,1.3571428571428572,0.9749279121818236,-0.22252093395631434,0.8660254037844387,-0.4999999999999998,4.0
HOBBIES_0126_CA_1_validation,d_90,4.0,2.0,1.0,2.0,1.0,1.0,1.0,1.7142857142857142,1.5714285714285714,0.43388373911755823,-0.900968867902419,0.8660254037844387,-0.4999999999999998,2.0
HOBBIES_0126_CA_1_validation,d_91,2.0,4.0,2.0,1.0,2.0,1.0,1.0,1.8571428571428572,1.6428571428571428,-0.433883739117558,-0.9009688679024191,0.8660254037844387,-0.4999999999999998,2.0
HOBBIES_0126_CA_1_validation,d_92,2.0,2.0,4.0,2.0,1.0,2.0,1.0,2.0,1.7857142857142858,-0.9749279121818236,-0.2225209339563146,0.8660254037844387,-0.4999999999999998,3.0
HOBBIES_0126_CA_1_validation,d_93,3.0,2.0,2.0,4.0,2.0,1.0,2.0,2.2857142857142856,1.8571428571428572,-0.7818314824680299,0.6234898018587334,0.49999999999999994,-0.8660254037844387,1.0
HOBBIES_0126_CA_1_validation,d_94,1.0,3.0,2.0,2.0,4.0,2.0,1.0,2.142857142857143,1.7142857142857142,0.0,1.0,0.49999999999999994,-0.8660254037844387,4.0
HOBBIES_0126_CA_1_validation,d_95,4.0,1.0,3.0,2.0,2.0,4.0,2.0,2.5714285714285716,1.8571428571428572,0.7818314824680298,0.6234898018587336,0.49999999999999994,-0.8660254037844387,3.0
HOBBIES_0126_CA_1_validation,d_96,3.0,4.0,1.0,3.0,2.0,2.0,4.0,2.7142857142857144,2.0,0.9749279121818236,-0.22252093395631434,0.49999999999999994,-0.8660254037844387,1.0
HOBBIES_0126_CA_1_validation,d_97,1.0,3.0,4.0,1.0,3.0,2.0,2.0,2.2857142857142856,2.0,0.43388373911755823,-0.900968867902419,0.49999999999999994,-0.8660254037844387,0.0
HOBBIES_0126_CA_1_validation,d_98,0.0,1.0,3.0,4.0,1.0,3.0,2.0,2.0,1.9285714285714286,-0.433883739117558,-0.9009688679024191,0.49999999999999994,-0.8660254037844387,1.0
HOBBIES_0126_CA_1_validation,d_99,1.0,0.0,1.0,3.0,4.0,1.0,3.0,1.8571428571428572,1.9285714285714286,-0.9749279121818236,-0.2225209339563146,0.49999999999999994,-0.8660254037844387,1.0
HOBBIES_0126_CA_1_validation,d_100,1.0,1.0,0.0,1.0,3.0,4.0,1.0,1.5714285714285714,1.9285714285714286,-0.7818314824680299,0.6234898018587334,0.49999999999999994,-0.8660254037844387,2.0
HOBBIES_0126_CA_1_validation,d_101,2.0,1.0,1.0,0.0,1.0,3.0,4.0,1.7142857142857142,1.9285714285714286,0.0,1.0,0.49999999999999994,-0.8660254037844387,4.0
HOBBIES_0126_CA_1_validation,d_102,4.0,2.0,1.0,1.0,0.0,1.0,3.0,1.7142857142857142,2.142857142857143,0.7818314824680298,0.6234898018587336,0.49999999999999994,-0.8660254037844387,4.0
HOBBIES_0126_CA_1_validation,d_103,4.0,4.0,2.0,1.0,1.0,0.0,1.0,1.8571428571428572,2.2857142857142856,0.9749279121818236,-0.22252093395631434,0.49999999999999994,-0.8660254037844387,1.0
HOBBIES_0126_CA_1_validation,d_104,1.0,4.0,4.0,2.0,1.0,1.0,0.0,1.8571428571428572,2.0714285714285716,0.43388373911755823,-0.900968867902419,0.49999999999999994,-0.8660254037844387,2.0
HOBBIES_0126_CA_1_validation,d_105,2.0,1.0,4.0,4.0,2.0,1.0,1.0,2.142857142857143,2.0714285714285716,-0.433883739117558,-0.9009688679024191,0.49999999999999994,-0.8660254037844387,1.0
HOBBIES_0126_CA_1_validation,d_106,1.0,2.0,1.0,4.0,4.0,2.0,1.0,2.142857142857143,2.0,-0.9749279121818236,-0.2225209339563146,0.49999999999999994,-0.8660254037844387,1.0
HOBBIES_0126_CA_1_validation,d_107,1.0,1.0,2.0,1.0,4.0,4.0,2.0,2.142857142857143,1.8571428571428572,-0.7818314824680299,0.6234898018587334,0.49999999999999994,-0.8660254037844387,2.0
HOBBIES_0126_CA_1_validation,d_108,2.0,1.0,1.0,2.0,1.0,4.0,4.0,2.142857142857143,1.9285714285714286,0.0,1.0,0.49999999999999994,-0.8660254037844387,1.0
HOBBIES_0126_CA_1_validation,d_109,1.0,2.0,1.0,1.0,2.0,1.0,4.0,1.7142857142857142,1.7142857142857142,0.7818314824680298,0.6234898018587336,0.49999999999999994,-0.8660254037844387,2.0
HOBBIES_0126_CA_1_validation,d_110,2.0,1.0,2.0,1.0,1.0,2.0,1.0,1.4285714285714286,1.6428571428571428,0.9749279121818236,-0.22252093395631434,0.49999999999999994,-0.8660254037844387,3.0
HOBBIES_0126_CA_1_validation,d_111,3.0,2.0,1.0,2.0,1.0,1.0,2.0,1.7142857142857142,1.7857142857142858,0.43388373911755823,-0.900968867902419,0.49999999999999994,-0.8660254037844387,1.0
HOBBIES_0126_CA_1_validation,d_112,1.0,3.0,2.0,1.0,2.0,1.0,1.0,1.5714285714285714,1.8571428571428572,-0.433883739117558,-0.9009688679024191,0.49999999999999994,-0.8660254037844387,0.0
HOBBIES_0126_CA_1_validation,d_113,0.0,1.0,3.0,2.0,1.0,2.0,1.0,1.4285714285714286,1.7857142857142858,-0.9749279121818236,-0.2225209339563146,0.49999999999999994,-0.8660254037844387,2.0
HOBBIES_0126_CA_1_validation,d_114,2.0,0.0,1.0,3.0,2.0,1.0,2.0,1.5714285714285714,1.8571428571428572,-0.7818314824680299,0.6234898018587334,0.49999999999999994,-0.8660254037844387,3.0
HOBBIES_0126_CA_1_validation,d_115,3.0,2.0,0.0,1.0,3.0,2.0,1.0,1.7142857142857142,1.9285714285714286,0.0,1.0,0.49999999999999994,-0.8660254037844387,2.0
HOBBIES_0126_CA_1_validation,d_116,2.0,3.0,2.0,0.0,1.0,3.0,2.0,1.8571428571428572,1.7857142857142858,0.7818314824680298,0.6234898018587336,0.49999999999999994,-0.8660254037844387,0.0
HOUSEHOLD_0131_TX_3_validation,d_50,0.0,0.0,0.0,0.0,0.0,0.0,0.0,0.0,0.21428571428571427,-0.9749279121818236,-0.2225209339563146,1.0,6.123233995736766e-17,0.0
HOUSEHOLD_0131_TX_3_validation,d_51,0.0,0.0,0.0,0.0,0.0,0.0,0.0,0.0,0.21428571428571427,-0.7818314824680299,0.6234898018587334,1.0,6.123233995736766e-17,0.0
HOUSEHOLD_0131_TX_3_validation,d_52,0.0,0.0,0.0,0.0,0.0,0.0,0.0,0.0,0.21428571428571427,0.0,1.0,1.0,6.123233995736766e-17,1.0
HOUSEHOLD_0131_TX_3_validation,d_53,1.0,0.0,0.0,0.0,0.0,0.0,0.0,0.14285714285714285,0.14285714285714285,0.7818314824680298,0.6234898018587336,1.0,6.123233995736766e-17,1.0
HOUSEHOLD_0131_TX_3_validation,d_54,1.0,1.0,0.0,0.0,0.0,0.0,0.0,0.2857142857142857,0.21428571428571427,0.9749279121818236,-0.22252093395631434,1.0,6.123233995736766e-17,1.0
HOUSEHOLD_0131_TX_3_validation,d_55,1.0,1.0,1.0,0.0,0.0,0.0,0.0,0.42857142857142855,0.21428571428571427,0.43388373911755823,-0.900968867902419,1.0,6.123233995736766e-17,0.0
HOUSEHOLD_0131_TX_3_validation,d_56,0.0,1.0,1.0,1.0,0.0,0.0,0.0,0.42857142857142855,0.21428571428571427,-0.433883739117558,-0.9009688679024191,1.0,6.123233995736766e-17,0.0
HOUSEHOLD_0131_TX_3_validation,d_57,0.0,0.0,1.0,1.0,1.0,0.0,0.0,0.42857142857142855,0.21428571428571427,-0.9749279121818236,-0.2225209339563146,1.0,6.123233995736766e-17,0.0
HOUSEHOLD_0131_TX_3_validation,d_58,0.0,0.0,0.0,1.0,1.0,1.0,0.0,0.42857142857142855,0.21428571428571427,-0.7818314824680299,0.6234898018587334,1.0,6.123233995736766e-17,1.0
HOUSEHOLD_0131_TX_3_validation,d_59,1.0,0.0,0.0,0.0,1.0,1.0,1.0,0.5714285714285714,0.2857142857142857,0.0,1.0,1.0,6.123233995736766e-17,0.0
HOUSEHOLD_0131_TX_3_validation,d_60,0.0,1.0,0.0,0.0,0.0,1.0,1.0,0.42857142857142855,0.2857142857142857,0.7818314824680298,0.6234898018587336,1.0,6.123233995736766e-17,1.0
HOUSEHOLD_0131_TX_3_validation,d_61,1.0,0.0,1.0,0.0,0.0,0.0,1.0,0.42857142857142855,0.35714285714285715,0.9749279121818236,-0.22252093395631434,1.0,6.123233995736766e-17,0.0
HOUSEHOLD_0131_TX_3_validation,d_62,0.0,1.0,0.0,1.0,0.0,0.0,0.0,0.2857142857142857,0.35714285714285715,0.43388373911755823,-0.900968867902419,1.0,6.123233995736766e-17,0.0
HOUSEHOLD_0131_TX_3_validation,d_63,0.0,0.0,1.0,0.0,1.0,0.0,0.0,0.2857142857142857,0.35714285714285715,-0.433883739117558,-0.9009688679024191,0.8660254037844387,-0.4999999999999998,0.0
HOUSEHOLD_0131_TX_3_validation,d_64,0.0,0.0,0.0,1.0,0.0,1.0,0.0,0.2857142857142857,0.35714285714285715,-0.9749279121818236,-0.2225209339563146,0.8660254037844387,-0.4999999999999998,0.0
HOUSEHOLD_0131_TX_3_validation,d_65,0.0,0.0,0.0,0.0,1.0,0.0,1.0,0.2857142857142857,0.35714285714285715,-0.7818314824680299,0.6234898018587334,0.8660254037844387,-0.4999999999999998,1.0
HOUSEHOLD_0131_TX_3_validation,d_66,1.0,0.0,0.0,0.0,0.0,1.0,0.0,0.2857142857142857,0.42857142857142855,0.0,1.0,0.8660254037844387,-0.4999999999999998,0.0
HOUSEHOLD_0131_TX_3_validation,d_67,0.0,1.0,0.0,0.0,0.0,0.0,1.0,0.2857142857142857,0.35714285714285715,0.7818314824680298,0.6234898018587336,0.8660254037844387,-0.4999999999999998,0.0
HOUSEHOLD_0131_TX_3_validation,d_68,0.0,0.0,1.0,0.0,0.0,0.0,0.0,0.14285714285714285,0.2857142857142857,0.9749279121818236,-0.22252093395631434,0.8660254037844387,-0.4999999999999998,0.0
HOUSEHOLD_0131_TX_3_validation,d_69,0.0,0.0,0.0,1.0,0.0,0.0,0.0,0.14285714285714285,0.21428571428571427,0.43388373911755823,-0.900968867902419,0.8660254037844387,-0.4999999999999998,0.0
HOUSEHOLD_0131_TX_3_validation,d_70,0.0,0.0,0.0,0.0,1.0,0.0,0.0,0.14285714285714285,0.21428571428571427,-0.433883739117558,-0.9009688679024191,0.8660254037844387,-0.4999999999999998,0.0
HOUSEHOLD_0131_TX_3_validation,d_71,0.0,0.0,0.0,0.0,0.0,1.0,0.0,0.14285714285714285,0.21428571428571427,-0.9749279121818236,-0.2225209339563146,0.8660254037844387,-0.4999999999999998,0.0
HOUSEHOLD_0131_TX_3_validation,d_72,0.0,0.0,0.0,0.0,0.0,0.0,1.0,0.14285714285714285,0.21428571428571427,-0.7818314824680299,0.6234898018587334,0.8660254037844387,-0.4999999999999998,1.0
HOUSEHOLD_0131_TX_3_validation,d_73,1.0,0.0,0.0,0.0,0.0,0.0,0.0,0.14285714285714285,0.21428571428571427,0.0,1.0,0.8660254037844387,-0.4999999999999998,0.0
HOUSEHOLD_0131_TX_3_validation,d_74,0.0,1.0,0.0,0.0,0.0,0.0,0.0,0.14285714285714285,0.21428571428571427,0.7818314824680298,0.6234898018587336,0.8660254037844387,-0.4999999999999998,1.0
HOUSEHOLD_0131_TX_3_validation,d_75,1.0,0.0,1.0,0.0,0.0,0.0,0.0,0.2857142857142857,0.21428571428571427,0.9749279121818236,-0.22252093395631434,0.8660254037844387,-0.4999999999999998,0.0
HOUSEHOLD_0131_TX_3_validation,d_76,0.0,1.0,0.0,1.0,0.0,0.0,0.0,0.2857142857142857,0.21428571428571427,0.43388373911755823,-0.900968867902419,0.8660254037844387,-0.4999999999999998,0.0
HOUSEHOLD_0131_TX_3_validation,d_77,0.0,0.0,1.0,0.0,1.0,0.0,0.0,0.2857142857142857,0.21428571428571427,-0.433883739117558,-0.9009688679024191,0.8660254037844387,-0.4999999999999998,0.0
HOUSEHOLD_0131_TX_3_validation,d_78,0.0,0.0,0.0,1.0,0.0,1.0,0.0,0.2857142857142857,0.21428571428571427,-0.9749279121818236,-0.2225209339563146,0.8660254037844387,-0.4999999999999998,0.0
HOUSEHOLD_0131_TX_3_validation,d_79,0.0,0.0,0.0,0.0,1.0,0.0,1.0,0.2857142857142857,0.21428571428571427,-0.7818314824680299,0.6234898018587334,0.8660254037844387,-0.4999999999999998,0.0
HOUSEHOLD_0131_TX_3_validation,d_80,0.0,0.0,0.0,0.0,0.0,1.0,0.0,0.14285714285714285,0.14285714285714285,0.0,1.0,0.8660254037844387,-0.4999999999999998,2.0
HOUSEHOLD_0131_TX_3_validation,d_81,2.0,0.0,0.0,0.0,0.0,0.0,1.0,0.42857142857142855,0.2857142857142857,0.7818314824680298,0.6234898018587336,0.8660254037844387,-0.4999999999999998,0.0
HOUSEHOLD_0131_TX_3_validation,d_82,0.0,2.0,0.0,0.0,0.0,0.0,0.0,0.2857142857142857,0.2857142857142857,0.9749279121818236,-0.22252093395631434,0.8660254037844387,-0.4999999999999998,0.0
HOUSEHOLD_0131_TX_3_validation,d_83,0.0,0.0,2.0,0.0,0.0,0.0,0.0,0.2857142857142857,0.2857142857142857,0.43388373911755823,-0.900968867902419,0.8660254037844387,-0.4999999999999998,0.0
HOUSEHOLD_0131_TX_3_validation,d_84,0.0,0.0,0.0,2.0,0.0,0.0,0.0,0.2857142857142857,0.2857142857142857,-0.433883739117558,-0.9009688679024191,0.8660254037844387,-0.4999999999999998,0.0
HOUSEHOLD_0131_TX_3_validation,d_85,0.0,0.0,0.0,0.0,2.0,0.0,0.0,0.2857142857142857,0.2857142857142857,-0.9749279121818236,-0.2225209339563146,0.8660254037844387,-0.4999999999999998,1.0
HOUSEHOLD_0131_TX_3_validation,d_86,1.0,0.0,0.0,0.0,0.0,2.0,0.0,0.42857142857142855,0.35714285714285715,-0.7818314824680299,0.6234898018587334,0.8660254037844387,-0.4999999999999998,2.0
HOUSEHOLD_0131_TX_3_validation,d_87,2.0,1.0,0.0,0.0,0.0,0.0,2.0,0.7142857142857143,0.42857142857142855,0.0,1.0,0.8660254037844387,-0.4999999999999998,2.0
HOUSEHOLD_0131_TX_3_validation,d_88,2.0,2.0,1.0,0.0,0.0,0.0,0.0,0.7142857142857143,0.5714285714285714,0.7818314824680298,0.6234898018587336,0.8660254037844387,-0.4999999999999998,0.0
HOUSEHOLD_0131_TX_3_validation,d_89,0.0,2.0,2.0,1.0,0.0,0.0,0.0,0.7142857142857143,0.5,0.9749279121818236,-0.22252093395631434,0.8660254037844387,-0.4999999999999998,0.0
HOUSEHOLD_0131_TX_3_validation,d_90,0.0,0.0,2.0,2.0,1.0,0.0,0.0,0.7142857142857143,0.5,0.43388373911755823,-0.900968867902419,0.8660254037844387,-0.4999999999999998,0.0
HOUSEHOLD_0131_TX_3_validation,d_91,0.0,0.0,0.0,2.0,2.0,1.0,0.0,0.7142857142857143,0.5,-0.433883739117558,-0.9009688679024191,0.8660254037844387,-0.4999999999999998,0.0
HOUSEHOLD_0131_TX_3_validation,d_92,0.0,0.0,0.0,0.0,2.0,2.0,1.0,0.7142857142857143,0.5,-0.9749279121818236,-0.2225209339563146,0.8660254037844387,-0.4999999999999998,0.0
HOUSEHOLD_0131_TX_3_validation,d_93,0.0,0.0,0.0,0.0,0.0,2.0,2.0,0.5714285714285714,0.5,-0.7818314824680299,0.6234898018587334,0.49999999999999994,-0.8660254037844387,0.0
HOUSEHOLD_0131_TX_3_validation,d_94,0.0,0.0,0.0,0.0,0.0,0.0,2.0,0.2857142857142857,0.5,0.0,1.0,0.49999999999999994,-0.8660254037844387,0.0
HOUSEHOLD_0131_TX_3_validation,d_95,0.0,0.0,0.0,0.0,0.0,0.0,0.0,0.0,0.35714285714285715,0.7818314824680298,0.6234898018587336,0.49999999999999994,-0.8660254037844387,0.0
HOUSEHOLD_0131_TX_3_validation,d_96,0.0,0.0,0.0,0.0,0.0,0.0,0.0,0.0,0.35714285714285715,0.9749279121818236,-0.22252093395631434,0.49999999999999994,-0.8660254037844387,0.0
HOUSEHOLD_0131_TX_3_validation,d_97,0.0,0.0,0.0,0.0,0.0,0.0,0.0,0.0,0.35714285714285715,0.43388373911755823,-0.900968867902419,0.49999999999999994,-0.8660254037844387,0.0
HOUSEHOLD_0131_TX_3_validation,d_98,0.0,0.0,0.0,0.0,0.0,0.0,0.0,0.0,0.35714285714285715,-0.433883739117558,-0.9009688679024191,0.49999999999999994,-0.8660254037844387,0.0
HOUSEHOLD_0131_TX_3_validation,d_99,0.0,0.0,0.0,0.0,0.0,0.0,0.0,0.0,0.35714285714285715,-0.9749279121818236,-0.2225209339563146,0.49999999999999994,-0.8660254037844387,0.0
HOUSEHOLD_0131_TX_3_validation,d_100,0.0,0.0,0.0,0.0,0.0,0.0,0.0,0.0,0.2857142857142857,-0.7818314824680299,0.6234898018587334,0.49999999999999994,-0.8660254037844387,0.0
HOUSEHOLD_0131_TX_3_validation,d_101,0.0,0.0,0.0,0.0,0.0,0.0,0.0,0.0,0.14285714285714285,0.0,1.0,0.49999999999999994,-0.8660254037844387,0.0
HOUSEHOLD_0131_TX_3_validation,d_102,0.0,0.0,0.0,0.0,0.0,0.0,0.0,0.0,0.0,0.7818314824680298,0.6234898018587336,0.49999999999999994,-0.8660254037844387,0.0
HOUSEHOLD_0131_TX_3_validation,d_103,0.0,0.0,0.0,0.0,0.0,0.0,0.0,0.0,0.0,0.9749279121818236,-0.22252093395631434,0.49999999999999994,-0.8660254037844387,0.0
HOUSEHOLD_0131_TX_3_validation,d_104,0.0,0.0,0.0,0.0,0.0,0.0,0.0,0.0,0.0,0.43388373911755823,-0.900968867902419,0.49999999999999994,-0.8660254037844387,0.0
HOUSEHOLD_0131_TX_3_validation,d_105,0.0,0.0,0.0,0.0,0.0,0.0,0.0,0.0,0.0,-0.433883739117558,-0.9009688679024191,0.49999999999999994,-0.8660254037844387,0.0
HOUSEHOLD_0131_TX_3_validation,d_106,0.0,0.0,0.0,0.0,0.0,0.0,0.0,0.0,0.0,-0.9749279121818236,-0.2225209339563146,0.49999999999999994,-0.8660254037844387,0.0
HOUSEHOLD_0131_TX_3_validation,d_107,0.0,0.0,0.0,0.0,0.0,0.0,0.0,0.0,0.0,-0.7818314824680299,0.6234898018587334,0.49999999999999994,-0.8660254037844387,0.0
HOUSEHOLD_0131_TX_3_validation,d_108,0.0,0.0,0.0,0.0,0.0,0.0,0.0,0.0,0.0,0.0,1.0,0.49999999999999994,-0.8660254037844387,0.0
HOUSEHOLD_0131_TX_3_validation,d_109,0.0,0.0,0.0,0.0,0.0,0.0,0.0,0.0,0.0,0.7818314824680298,0.6234898018587336,0.49999999999999994,-0.8660254037844387,0.0
HOUSEHOLD_0131_TX_3_validation,d_110,0.0,0.0,0.0,0.0,0.0,0.0,0.0,0.0,0.0,0.9749279121818236,-0.22252093395631434,0.49999999999999994,-0.8660254037844387,0.0
HOUSEHOLD_0131_TX_3_validation,d_111,0.0,0.0,0.0,0.0,0.0,0.0,0.0,0.0,0.0,0.43388373911755823,-0.900968867902419,0.49999999999999994,-0.8660254037844387,0.0
HOUSEHOLD_0131_TX_3_validation,d_112,0.0,0.0,0.0,0.0,0.0,0.0,0.0,0.0,0.0,-0.433883739117558,-0.9009688679024191,0.49999999999999994,-0.8660254037844387,0.0
HOUSEHOLD_0131_TX_3_validation,d_113,0.0,0.0,0.0,0.0,0.0,0.0,0.0,0.0,0.0,-0.9749279121818236,-0.2225209339563146,0.49999999999999994,-0.8660254037844387,0.0
HOUSEHOLD_0131_TX_3_validation,d_114,0.0,0.0,0.0,0.0,0.0,0.0,0.0,0.0,0.0,-0.7818314824680299,0.6234898018587334,0.49999999999999994,-0.8660254037844387,0.0
HOUSEHOLD_0131_TX_3_validation,d_115,0.0,0.0,0.0,0.0,0.0,0.0,0.0,0.0,0.0,0.0,1.0,0.49999999999999994,-0.8660254037844387,0.0
HOUSEHOLD_0131_TX_3_validation,d_116,0.0,0.0,0.0,0.0,0.0,0.0,0.0,0.0,0.0,0.7818314824680298,0.6234898018587336,0.49999999999999994,-0.8660254037844387,1.0
HOUSEHOLD_0134_WI_3_validation,d_50,0.0,0.0,0.0,0.0,0.0,1.0,0.0,0.14285714285714285,0.5,-0.9749279121818236,-0.2225209339563146,1.0,6.123233995736766e-17,1.0
HOUSEHOLD_0134_WI_3_validation,d_51,1.0,0.0,0.0,0.0,0.0,0.0,1.0,0.2857142857142857,0.35714285714285715,-0.7818314824680299,0.6234898018587334,1.0,6.123233995736766e-17,2.0
HOUSEHOLD_0134_WI_3_validation,d_52,2.0,1.0,0.0,0.0,0.0,0.0,0.0,0.42857142857142855,0.35714285714285715,0.0,1.0,1.0,6.123233995736766e-17,0.0
HOUSEHOLD_0134_WI_3_validation,d_53,0.0,2.0,1.0,0.0,0.0,0.0,0.0,0.42857142857142855,0.35714285714285715,0.7818314824680298,0.6234898018587336,1.0,6.123233995736766e-17,1.0
HOUSEHOLD_0134_WI_3_validation,d_54,1.0,0.0,2.0,1.0,0.0,0.0,0.0,0.5714285714285714,0.35714285714285715,0.9749279121818236,-0.22252093395631434,1.0,6.123233995736766e-17,0.0
HOUSEHOLD_0134_WI_3_validation,d_55,0.0,1.0,0.0,2.0,1.0,0.0,0.0,0.5714285714285714,0.35714285714285715,0.43388373911755823,-0.900968867902419,1.0,6.123233995736766e-17,0.0
HOUSEHOLD_0134_WI_3_validation,d_56,0.0,0.0,1.0,0.0,2.0,1.0,0.0,0.5714285714285714,0.35714285714285715,-0.433883739117558,-0.9009688679024191,1.0,6.123233995736766e-17,0.0
HOUSEHOLD_0134_WI_3_validation,d_57,0.0,0.0,0.0,1.0,0.0,2.0,1.0,0.5714285714285714,0.35714285714285715,-0.9749279121818236,-0.2225209339563146,1.0,6.123233995736766e-17,0.0
HOUSEHOLD_0134_WI_3_validation,d_58,0.0,0.0,0.0,0.0,1.0,0.0,2.0,0.42857142857142855,0.35714285714285715,-0.7818314824680299,0.6234898018587334,1.0,6.123233995736766e-17,1.0
HOUSEHOLD_0134_WI_3_validation,d_59,1.0,0.0,0.0,0.0,0.0,1.0,0.0,0.2857142857142857,0.35714285714285715,0.0,1.0,1.0,6.123233995736766e-17,3.0
HOUSEHOLD_0134_WI_3_validation,d_60,3.0,1.0,0.0,0.0,0.0,0.0,1.0,0.7142857142857143,0.5714285714285714,0.7818314824680298,0.6234898018587336,1.0,6.123233995736766e-17,1.0
HOUSEHOLD_0134_WI_3_validation,d_61,1.0,3.0,1.0,0.0,0.0,0.0,0.0,0.7142857142857143,0.6428571428571429,0.9749279121818236,-0.22252093395631434,1.0,6.123233995736766e-17,1.0
HOUSEHOLD_0134_WI_3_validation,d_62,1.0,1.0,3.0,1.0,0.0,0.0,0.0,0.8571428571428571,0.7142857142857143,0.43388373911755823,-0.900968867902419,1.0,6.123233995736766e-17,0.0
HOUSEHOLD_0134_WI_3_validation,d_63,0.0,1.0,1.0,3.0,1.0,0.0,0.0,0.8571428571428571,0.7142857142857143,-0.433883739117558,-0.9009688679024191,0.8660254037844387,-0.4999999999999998,2.0
HOUSEHOLD_0134_WI_3_validation,d_64,2.0,0.0,1.0,1.0,3.0,1.0,0.0,1.1428571428571428,0.8571428571428571,-0.9749279121818236,-0.2225209339563146,0.8660254037844387,-0.4999999999999998,0.0
HOUSEHOLD_0134_WI_3_validation,d_65,0.0,2.0,0.0,1.0,1.0,3.0,1.0,1.1428571428571428,0.7857142857142857,-0.7818314824680299,0.6234898018587334,0.8660254037844387,-0.4999999999999998,0.0
HOUSEHOLD_0134_WI_3_validation,d_66,0.0,0.0,2.0,0.0,1.0,1.0,3.0,1.0,0.6428571428571429,0.0,1.0,0.8660254037844387,-0.4999999999999998,1.0
HOUSEHOLD_0134_WI_3_validation,d_67,1.0,0.0,0.0,2.0,0.0,1.0,1.0,0.7142857142857143,0.7142857142857143,0.7818314824680298,0.6234898018587336,0.8660254037844387,-0.4999999999999998,1.0
HOUSEHOLD_0134_WI_3_validation,d_68,1.0,1.0,0.0,0.0,2.0,0.0,1.0,0.7142857142857143,0.7142857142857143,0.9749279121818236,-0.22252093395631434,0.8660254037844387,-0.4999999999999998,0.0
HOUSEHOLD_0134_WI_3_validation,d_69,0.0,1.0,1.0,0.0,0.0,2.0,0.0,0.5714285714285714,0.7142857142857143,0.43388373911755823,-0.900968867902419,0.8660254037844387,-0.4999999999999998,0.0
HOUSEHOLD_0134_WI_3_validation,d_70,0.0,0.0,1.0,1.0,0.0,0.0,2.0,0.5714285714285714,0.7142857142857143,-0.433883739117558,-0.9009688679024191,0.8660254037844387,-0.4999999999999998,0.0
HOUSEHOLD_0134_WI_3_validation,d_71,0.0,0.0,0.0,1.0,1.0,0.0,0.0,0.2857142857142857,0.7142857142857143,-0.9749279121818236,-0.2225209339563146,0.8660254037844387,-0.4999999999999998,1.0
HOUSEHOLD_0134_WI_3_validation,d_72,1.0,0.0,0.0,0.0,1.0,1.0,0.0,0.42857142857142855,0.7857142857142857,-0.7818314824680299,0.6234898018587334,0.8660254037844387,-0.4999999999999998,4.0
HOUSEHOLD_0134_WI_3_validation,d_73,4.0,1.0,0.0,0.0,0.0,1.0,1.0,1.0,1.0,0.0,1.0,0.8660254037844387,-0.4999999999999998,5.0
HOUSEHOLD_0134_WI_3_validation,d_74,5.0,4.0,1.0,0.0,0.0,0.0,1.0,1.5714285714285714,1.1428571428571428,0.7818314824680298,0.6234898018587336,0.8660254037844387,-0.4999999999999998,0.0
HOUSEHOLD_0134_WI_3_validation,d_75,0.0,5.0,4.0,1.0,0.0,0.0,0.0,1.4285714285714286,1.0714285714285714,0.9749279121818236,-0.22252093395631434,0.8660254037844387,-0.4999999999999998,2.0
HOUSEHOLD_0134_WI_3_validation,d_76,2.0,0.0,5.0,4.0,1.0,0.0,0.0,1.7142857142857142,1.1428571428571428,0.43388373911755823,-0.900968867902419,0.8660254037844387,-0.4999999999999998,0.0
HOUSEHOLD_0134_WI_3_validation,d_77,0.0,2.0,0.0,5.0,4.0,1.0,0.0,1.7142857142857142,1.1428571428571428,-0.433883739117558,-0.9009688679024191,0.8660254037844387,-0.4999999999999998,0.0
HOUSEHOLD_0134_WI_3_validation,d_78,0.0,0.0,2.0,0.0,5.0,4.0,1.0,1.7142857142857142,1.0,-0.9749279121818236,-0.2225209339563146,0.8660254037844387,-0.4999999999999998,0.0
HOUSEHOLD_0134_WI_3_validation,d_79,0.0,0.0,0.0,2.0,0.0,5.0,4.0,1.5714285714285714,1.0,-0.7818314824680299,0.6234898018587334,0.8660254037844387,-0.4999999999999998,0.0
HOUSEHOLD_0134_WI_3_validation,d_80,0.0,0.0,0.0,0.0,2.0,0.0,5.0,1.0,1.0,0.0,1.0,0.8660254037844387,-0.4999999999999998,1.0
HOUSEHOLD_0134_WI_3_validation,d_81,1.0,0.0,0.0,0.0,0.0,2.0,0.0,0.42857142857142855,1.0,0.7818314824680298,0.6234898018587336,0.8660254037844387,-0.4999999999999998,1.0
HOUSEHOLD_0134_WI_3_validation,d_82,1.0,1.0,0.0,0.0,0.0,0.0,2.0,0.5714285714285714,1.0,0.9749279121818236,-0.22252093395631434,0.8660254037844387,-0.4999999999999998,0.0
HOUSEHOLD_0134_WI_3_validation,d_83,0.0,1.0,1.0,0.0,0.0,0.0,0.0,0.2857142857142857,1.0,0.43388373911755823,-0.900968867902419,0.8660254037844387,-0.4999999999999998,0.0
HOUSEHOLD_0134_WI_3_validation,d_84,0.0,0.0,1.0,1.0,0.0,0.0,0.0,0.2857142857142857,1.0,-0.433883739117558,-0.9009688679024191,0.8660254037844387,-0.4999999999999998,0.0
HOUSEHOLD_0134_WI_3_validation,d_85,0.0,0.0,0.0,1.0,1.0,0.0,0.0,0.2857142857142857,1.0,-0.9749279121818236,-0.2225209339563146,0.8660254037844387,-0.4999999999999998,0.0
HOUSEHOLD_0134_WI_3_validation,d_86,0.0,0.0,0.0,0.0,1.0,1.0,0.0,0.2857142857142857,0.9285714285714286,-0.7818314824680299,0.6234898018587334,0.8660254037844387,-0.4999999999999998,2.0
HOUSEHOLD_0134_WI_3_validation,d_87,2.0,0.0,0.0,0.0,0.0,1.0,1.0,0.5714285714285714,0.7857142857142857,0.0,1.0,0.8660254037844387,-0.4999999999999998,1.0
HOUSEHOLD_0134_WI_3_validation,d_88,1.0,2.0,0.0,0.0,0.0,0.0,1.0,0.5714285714285714,0.5,0.7818314824680298,0.6234898018587336,0.8660254037844387,-0.4999999999999998,1.0
HOUSEHOLD_0134_WI_3_validation,d_89,1.0,1.0,2.0,0.0,0.0,0.0,0.0,0.5714285714285714,0.5714285714285714,0.9749279121818236,-0.22252093395631434,0.8660254037844387,-0.4999999999999998,0.0
HOUSEHOLD_0134_WI_3_validation,d_90,0.0,1.0,1.0,2.0,0.0,0.0,0.0,0.5714285714285714,0.42857142857142855,0.43388373911755823,-0.900968867902419,0.8660254037844387,-0.4999999999999998,1.0
HOUSEHOLD_0134_WI_3_validation,d_91,1.0,0.0,1.0,1.0,2.0,0.0,0.0,0.7142857142857143,0.5,-0.433883739117558,-0.9009688679024191,0.8660254037844387,-0.4999999999999998,0.0
HOUSEHOLD_0134_WI_3_validation,d_92,0.0,1.0,0.0,1.0,1.0,2.0,0.0,0.7142857142857143,0.5,-0.9749279121818236,-0.2225209339563146,0.8660254037844387,-0.4999999999999998,2.0
HOUSEHOLD_0134_WI_3_validation,d_93,2.0,0.0,1.0,0.0,1.0,1.0,2.0,1.0,0.6428571428571429,-0.7818314824680299,0.6234898018587334,0.49999999999999994,-0.8660254037844387,0.0
HOUSEHOLD_0134_WI_3_validation,d_94,0.0,2.0,0.0,1.0,0.0,1.0,1.0,0.7142857142857143,0.6428571428571429,0.0,1.0,0.49999999999999994,-0.8660254037844387,0.0
HOUSEHOLD_0134_WI_3_validation,d_95,0.0,0.0,2.0,0.0,1.0,0.0,1.0,0.5714285714285714,0.5714285714285714,0.7818314824680298,0.6234898018587336,0.49999999999999994,-0.8660254037844387,0.0
HOUSEHOLD_0134_WI_3_validation,d_96,0.0,0.0,0.0,2.0,0.0,1.0,0.0,0.42857142857142855,0.5,0.9749279121818236,-0.22252093395631434,0.49999999999999994,-0.8660254037844387,1.0
HOUSEHOLD_0134_WI_3_validation,d_97,1.0,0.0,0.0,0.0,2.0,0.0,1.0,0.5714285714285714,0.5714285714285714,0.43388373911755823,-0.900968867902419,0.49999999999999994,-0.8660254037844387,0.0
HOUSEHOLD_0134_WI_3_validation,d_98,0.0,1.0,0.0,0.0,0.0,2.0,0.0,0.42857142857142855,0.5714285714285714,-0.433883739117558,-0.9009688679024191,0.49999999999999994,-0.8660254037844387,0.0
HOUSEHOLD_0134_WI_3_validation,d_99,0.0,0.0,1.0,0.0,0.0,0.0,2.0,0.42857142857142855,0.5714285714285714,-0.9749279121818236,-0.2225209339563146,0.49999999999999994,-0.8660254037844387,0.0
HOUSEHOLD_0134_WI_3_validation,d_100,0.0,0.0,0.0,1.0,0.0,0.0,0.0,0.14285714285714285,0.5714285714285714,-0.7818314824680299,0.6234898018587334,0.49999999999999994,-0.8660254037844387,0.0
HOUSEHOLD_0134_WI_3_validation,d_101,0.0,0.0,0.0,0.0,1.0,0.0,0.0,0.14285714285714285,0.42857142857142855,0.0,1.0,0.49999999999999994,-0.8660254037844387,0.0
HOUSEHOLD_0134_WI_3_validation,d_102,0.0,0.0,0.0,0.0,0.0,1.0,0.0,0.14285714285714285,0.35714285714285715,0.7818314824680298,0.6234898018587336,0.49999999999999994,-0.8660254037844387,0.0
HOUSEHOLD_0134_WI_3_validation,d_103,0.0,0.0,0.0,0.0,0.0,0.0,1.0,0.14285714285714285,0.2857142857142857,0.9749279121818236,-0.22252093395631434,0.49999999999999994,-0.8660254037844387,0.0
HOUSEHOLD_0134_WI_3_validation,d_104,0.0,0.0,0.0,0.0,0.0,0.0,0.0,0.0,0.2857142857142857,0.43388373911755823,-0.900968867902419,0.49999999999999994,-0.8660254037844387,0.0
HOUSEHOLD_0134_WI_3_validation,d_105,0.0,0.0,0.0,0.0,0.0,0.0,0.0,0.0,0.21428571428571427,-0.433883739117558,-0.9009688679024191,0.49999999999999994,-0.8660254037844387,0.0
HOUSEHOLD_0134_WI_3_validation,d_106,0.0,0.0,0.0,0.0,0.0,0.0,0.0,0.0,0.21428571428571427,-0.9749279121818236,-0.2225209339563146,0.49999999999999994,-0.8660254037844387,1.0
HOUSEHOLD_0134_WI_3_validation,d_107,1.0,0.0,0.0,0.0,0.0,0.0,0.0,0.14285714285714285,0.14285714285714285,-0.7818314824680299,0.6234898018587334,0.49999999999999994,-0.8660254037844387,1.0
HOUSEHOLD_0134_WI_3_validation,d_108,1.0,1.0,0.0,0.0,0.0,0.0,0.0,0.2857142857142857,0.21428571428571427,0.0,1.0,0.49999999999999994,-0.8660254037844387,0.0
HOUSEHOLD_0134_WI_3_validation,d_109,0.0,1.0,1.0,0.0,0.0,0.0,0.0,0.2857142857142857,0.21428571428571427,0.7818314824680298,0.6234898018587336,0.49999999999999994,-0.8660254037844387,0.0
HOUSEHOLD_0134_WI_3_validation,d_110,0.0,0.0,1.0,1.0,0.0,0.0,0.0,0.2857142857142857,0.21428571428571427,0.9749279121818236,-0.22252093395631434,0.49999999999999994,-0.8660254037844387,0.0
HOUSEHOLD_0134_WI_3_validation,d_111,0.0,0.0,0.0,1.0,1.0,0.0,0.0,0.2857142857142857,0.14285714285714285,0.43388373911755823,-0.900968867902419,0.49999999999999994,-0.8660254037844387,0.0
HOUSEHOLD_0134_WI_3_validation,d_112,0.0,0.0,0.0,0.0,1.0,1.0,0.0,0.2857142857142857,0.14285714285714285,-0.433883739117558,-0.9009688679024191,0.49999999999999994,-0.8660254037844387,0.0
HOUSEHOLD_0134_WI_3_validation,d_113,0.0,0.0,0.0,0.0,0.0,1.0,1.0,0.2857142857142857,0.14285714285714285,-0.9749279121818236,-0.2225209339563146,0.49999999999999994,-0.8660254037844387,0.0
HOUSEHOLD_0134_WI_3_validation,d_114,0.0,0.0,0.0,0.0,0.0,0.0,1.0,0.14285714285714285,0.14285714285714285,-0.7818314824680299,0.6234898018587334,0.49999999999999994,-0.8660254037844387,2.0
HOUSEHOLD_0134_WI_3_validation,d_115,2.0,0.0,0.0,0.0,0.0,0.0,0.0,0.2857142857142857,0.2857142857142857,0.0,1.0,0.49999999999999994,-0.8660254037844387,1.0
HOUSEHOLD_0134_WI_3_validation,d_116,1.0,2.0,0.0,0.0,0.0,0.0,0.0,0.42857142857142855,0.35714285714285715,0.7818314824680298,0.6234898018587336,0.49999999999999994,-0.8660254037844387,1.0
FOODS_0136_CA_2_validation,d_50,0.0,0.0,0.0,0.0,1.0,0.0,0.0,0.14285714285714285,0.14285714285714285,-0.9749279121818236,-0.2225209339563146,1.0,6.123233995736766e-17,0.0
FOODS_0136_CA_2_validation,d_51,0.0,0.0,0.0,0.0,0.0,1.0,0.0,0.14285714285714285,0.14285714285714285,-0.7818314824680299,0.6234898018587334,1.0,6.123233995736766e-17,0.0
FOODS_0136_CA_2_validation,d_52,0.0,0.0,0.0,0.0,0.0,0.0,1.0,0.14285714285714285,0.14285714285714285,0.0,1.0,1.0,6.123233995736766e-17,1.0
FOODS_0136_CA_2_validation,d_53,1.0,0.0,0.0,0.0,0.0,0.0,0.0,0.14285714285714285,0.14285714285714285,0.7818314824680298,0.6234898018587336,1.0,6.123233995736766e-17,0.0
FOODS_0136_CA_2_validation,d_54,0.0,1.0,0.0,0.0,0.0,0.0,0.0,0.14285714285714285,0.14285714285714285,0.9749279121818236,-0.22252093395631434,1.0,6.123233995736766e-17,0.0
FOODS_0136_CA_2_validation,d_55,0.0,0.0,1.0,0.0,0.0,0.0,0.0,0.14285714285714285,0.14285714285714285,0.43388373911755823,-0.900968867902419,1.0,6.123233995736766e-17,0.0
FOODS_0136_CA_2_validation,d_56,0.0,0.0,0.0,1.0,0.0,0.0,0.0,0.14285714285714285,0.14285714285714285,-0.433883739117558,-0.9009688679024191,1.0,6.123233995736766e-17,0.0
FOODS_0136_CA_2_validation,d_57,0.0,0.0,0.0,0.0,1.0,0.0,0.0,0.14285714285714285,0.14285714285714285,-0.9749279121818236,-0.2225209339563146,1.0,6.123233995736766e-17,0.0
FOODS_0136_CA_2_validation,d_58,0.0,0.0,0.0,0.0,0.0,1.0,0.0,0.14285714285714285,0.14285714285714285,-0.7818314824680299,0.6234898018587334,1.0,6.123233995736766e-17,3.0
FOODS_0136_CA_2_validation,d_59,3.0,0.0,0.0,0.0,0.0,0.0,1.0,0.5714285714285714,0.35714285714285715,0.0,1.0,1.0,6.123233995736766e-17,0.0
FOODS_0136_CA_2_validation,d_60,0.0,3.0,0.0,0.0,0.0,0.0,0.0,0.42857142857142855,0.2857142857142857,0.7818314824680298,0.6234898018587336,1.0,6.123233995736766e-17,0.0
FOODS_0136_CA_2_validation,d_61,0.0,0.0,3.0,0.0,0.0,0.0,0.0,0.42857142857142855,0.2857142857142857,0.9749279121818236,-0.22252093395631434,1.0,6.123233995736766e-17,0.0
FOODS_0136_CA_2_validation,d_62,0.0,0.0,0.0,3.0,0.0,0.0,0.0,0.42857142857142855,0.2857142857142857,0.43388373911755823,-0.900968867902419,1.0,6.123233995736766e-17,0.0
FOODS_0136_CA_2_validation,d_63,0.0,0.0,0.0,0.0,3.0,0.0,0.0,0.42857142857142855,0.2857142857142857,-0.433883739117558,-0.9009688679024191,0.8660254037844387,-0.4999999999999998,0.0
FOODS_0136_CA_2_validation,d_64,0.0,0.0,0.0,0.0,0.0,3.0,0.0,0.42857142857142855,0.2857142857142857,-0.9749279121818236,-0.2225209339563146,0.8660254037844387,-0.4999999999999998,0.0
FOODS_0136_CA_2_validation,d_65,0.0,0.0,0.0,0.0,0.0,0.0,3.0,0.42857142857142855,0.2857142857142857,-0.7818314824680299,0.6234898018587334,0.8660254037844387,-0.4999999999999998,1.0
FOODS_0136_CA_2_validation,d_66,1.0,0.0,0.0,0.0,0.0,0.0,0.0,0.14285714285714285,0.35714285714285715,0.0,1.0,0.8660254037844387,-0.4999999999999998,0.0
FOODS_0136_CA_2_validation,d_67,0.0,1.0,0.0,0.0,0.0,0.0,0.0,0.14285714285714285,0.2857142857142857,0.7818314824680298,0.6234898018587336,0.8660254037844387,-0.4999999999999998,1.0
FOODS_0136_CA_2_validation,d_68,1.0,0.0,1.0,0.0,0.0,0.0,0.0,0.2857142857142857,0.35714285714285715,0.9749279121818236,-0.22252093395631434,0.8660254037844387,-0.4999999999999998,0.0
FOODS_0136_CA_2_validation,d_69,0.0,1.0,0.0,1.0,0.0,0.0,0.0,0.2857142857142857,0.35714285714285715,0.43388373911755823,-0.900968867902419,0.8660254037844387,-0.4999999999999998,0.0
FOODS_0136_CA_2_validation,d_70,0.0,0.0,1.0,0.0,1.0,0.0,0.0,0.2857142857142857,0.35714285714285715,-0.433883739117558,-0.9009688679024191,0.8660254037844387,-0.4999999999999998,0.0
FOODS_0136_CA_2_validation,d_71,0.0,0.0,0.0,1.0,0.0,1.0,0.0,0.2857142857142857,0.35714285714285715,-0.9749279121818236,-0.2225209339563146,0.8660254037844387,-0.4999999999999998,1.0
FOODS_0136_CA_2_validation,d_72,1.0,0.0,0.0,0.0,1.0,0.0,1.0,0.42857142857142855,0.42857142857142855,-0.7818314824680299,0.6234898018587334,0.8660254037844387,-0.4999999999999998,0.0
FOODS_0136_CA_2_validation,d_73,0.0,1.0,0.0,0.0,0.0,1.0,0.0,0.2857142857142857,0.21428571428571427,0.0,1.0,0.8660254037844387,-0.4999999999999998,0.0
FOODS_0136_CA_2_validation,d_74,0.0,0.0,1.0,0.0,0.0,0.0,1.0,0.2857142857142857,0.21428571428571427,0.7818314824680298,0.6234898018587336,0.8660254037844387,-0.4999999999999998,0.0
FOODS_0136_CA_2_validation,d_75,0.0,0.0,0.0,1.0,0.0,0.0,0.0,0.14285714285714285,0.21428571428571427,0.9749279121818236,-0.22252093395631434,0.8660254037844387,-0.4999999999999998,0.0
FOODS_0136_CA_2_validation,d_76,0.0,0.0,0.0,0.0,1.0,0.0,0.0,0.14285714285714285,0.21428571428571427,0.43388373911755823,-0.900968867902419,0.8660254037844387,-0.4999999999999998,0.0
FOODS_0136_CA_2_validation,d_77,0.0,0.0,0.0,0.0,0.0,1.0,0.0,0.14285714285714285,0.21428571428571427,-0.433883739117558,-0.9009688679024191,0.8660254037844387,-0.4999999999999998,0.0
FOODS_0136_CA_2_validation,d_78,0.0,0.0,0.0,0.0,0.0,0.0,1.0,0.14285714285714285,0.21428571428571427,-0.9749279121818236,-0.2225209339563146,0.8660254037844387,-0.4999999999999998,0.0
FOODS_0136_CA_2_validation,d_79,0.0,0.0,0.0,0.0,0.0,0.0,0.0,0.0,0.21428571428571427,-0.7818314824680299,0.6234898018587334,0.8660254037844387,-0.4999999999999998,3.0
FOODS_0136_CA_2_validation,d_80,3.0,0.0,0.0,0.0,0.0,0.0,0.0,0.42857142857142855,0.35714285714285715,0.0,1.0,0.8660254037844387,-0.4999999999999998,0.0
FOODS_0136_CA_2_validation,d_81,0.0,3.0,0.0,0.0,0.0,0.0,0.0,0.42857142857142855,0.35714285714285715,0.7818314824680298,0.6234898018587336,0.8660254037844387,-0.4999999999999998,1.0
FOODS_0136_CA_2_validation,d_82,1.0,0.0,3.0,0.0,0.0,0.0,0.0,0.5714285714285714,0.35714285714285715,0.9749279121818236,-0.22252093395631434,0.8660254037844387,-0.4999999999999998,0.0
FOODS_0136_CA_2_validation,d_83,0.0,1.0,0.0,3.0,0.0,0.0,0.0,0.5714285714285714,0.35714285714285715,0.43388373911755823,-0.900968867902419,0.8660254037844387,-0.4999999999999998,0.0
FOODS_0136_CA_2_validation,d_84,0.0,0.0,1.0,0.0,3.0,0.0,0.0,0.5714285714285714,0.35714285714285715,-0.433883739117558,-0.9009688679024191,0.8660254037844387,-0.4999999999999998,0.0
FOODS_0136_CA_2_validation,d_85,0.0,0.0,0.0,1.0,0.0,3.0,0.0,0.5714285714285714,0.35714285714285715,-0.9749279121818236,-0.2225209339563146,0.8660254037844387,-0.4999999999999998,0.0
FOODS_0136_CA_2_validation,d_86,0.0,0.0,0.0,0.0,1.0,0.0,3.0,0.5714285714285714,0.2857142857142857,-0.7818314824680299,0.6234898018587334,0.8660254037844387,-0.4999999999999998,0.0
FOODS_0136_CA_2_validation,d_87,0.0,0.0,0.0,0.0,0.0,1.0,0.0,0.14285714285714285,0.2857142857142857,0.0,1.0,0.8660254037844387,-0.4999999999999998,1.0
FOODS_0136_CA_2_validation,d_88,1.0,0.0,0.0,0.0,0.0,0.0,1.0,0.2857142857142857,0.35714285714285715,0.7818314824680298,0.6234898018587336,0.8660254037844387,-0.4999999999999998,2.0
FOODS_0136_CA_2_validation,d_89,2.0,1.0,0.0,0.0,0.0,0.0,0.0,0.42857142857142855,0.5,0.9749279121818236,-0.22252093395631434,0.8660254037844387,-0.4999999999999998,0.0
FOODS_0136_CA_2_validation,d_90,0.0,2.0,1.0,0.0,0.0,0.0,0.0,0.42857142857142855,0.5,0.43388373911755823,-0.900968867902419,0.8660254037844387,-0.4999999999999998,0.0
FOODS_0136_CA_2_validation,d_91,0.0,0.0,2.0,1.0,0.0,0.0,0.0,0.42857142857142855,0.5,-0.433883739117558,-0.9009688679024191,0.8660254037844387,-0.4999999999999998,0.0
FOODS_0136_CA_2_validation,d_92,0.0,0.0,0.0,2.0,1.0,0.0,0.0,0.42857142857142855,0.5,-0.9749279121818236,-0.2225209339563146,0.8660254037844387,-0.4999999999999998,0.0
FOODS_0136_CA_2_validation,d_93,0.0,0.0,0.0,0.0,2.0,1.0,0.0,0.42857142857142855,0.5,-0.7818314824680299,0.6234898018587334,0.49999999999999994,-0.8660254037844387,0.0
FOODS_0136_CA_2_validation,d_94,0.0,0.0,0.0,0.0,0.0,2.0,1.0,0.42857142857142855,0.2857142857142857,0.0,1.0,0.49999999999999994,-0.8660254037844387,0.0
FOODS_0136_CA_2_validation,d_95,0.0,0.0,0.0,0.0,0.0,0.0,2.0,0.2857142857142857,0.2857142857142857,0.7818314824680298,0.6234898018587336,0.49999999999999994,-0.8660254037844387,0.0
FOODS_0136_CA_2_validation,d_96,0.0,0.0,0.0,0.0,0.0,0.0,0.0,0.0,0.21428571428571427,0.9749279121818236,-0.22252093395631434,0.49999999999999994,-0.8660254037844387,0.0
FOODS_0136_CA_2_validation,d_97,0.0,0.0,0.0,0.0,0.0,0.0,0.0,0.0,0.21428571428571427,0.43388373911755823,-0.900968867902419,0.49999999999999994,-0.8660254037844387,1.0
FOODS_0136_CA_2_validation,d_98,1.0,0.0,0.0,0.0,0.0,0.0,0.0,0.14285714285714285,0.2857142857142857,-0.433883739117558,-0.9009688679024191,0.49999999999999994,-0.8660254037844387,0.0
FOODS_0136_CA_2_validation,d_99,0.0,1.0,0.0,0.0,0.0,0.0,0.0,0.14285714285714285,0.2857142857142857,-0.9749279121818236,-0.2225209339563146,0.49999999999999994,-0.8660254037844387,0.0
FOODS_0136_CA_2_validation,d_100,0.0,0.0,1.0,0.0,0.0,0.0,0.0,0.14285714285714285,0.2857142857142857,-0.7818314824680299,0.6234898018587334,0.49999999999999994,-0.8660254037844387,1.0
FOODS_0136_CA_2_validation,d_101,1.0,0.0,0.0,1.0,0.0,0.0,0.0,0.2857142857142857,0.35714285714285715,0.0,1.0,0.49999999999999994,-0.8660254037844387,1.0
FOODS_0136_CA_2_validation,d_102,1.0,1.0,0.0,0.0,1.0,0.0,0.0,0.42857142857142855,0.35714285714285715,0.7818314824680298,0.6234898018587336,0.49999999999999994,-0.8660254037844387,0.0
FOODS_0136_CA_2_validation,d_103,0.0,1.0,1.0,0.0,0.0,1.0,0.0,0.42857142857142855,0.21428571428571427,0.9749279121818236,-0.22252093395631434,0.49999999999999994,-0.8660254037844387,0.0
FOODS_0136_CA_2_validation,d_104,0.0,0.0,1.0,1.0,0.0,0.0,1.0,0.42857142857142855,0.21428571428571427,0.43388373911755823,-0.900968867902419,0.49999999999999994,-0.8660254037844387,0.0
FOODS_0136_CA_2_validation,d_105,0.0,0.0,0.0,1.0,1.0,0.0,0.0,0.2857142857142857,0.21428571428571427,-0.433883739117558,-0.9009688679024191,0.49999999999999994,-0.8660254037844387,0.0
FOODS_0136_CA_2_validation,d_106,0.0,0.0,0.0,0.0,1.0,1.0,0.0,0.2857142857142857,0.21428571428571427,-0.9749279121818236,-0.2225209339563146,0.49999999999999994,-0.8660254037844387,0.0
FOODS_0136_CA_2_validation,d_107,0.0,0.0,0.0,0.0,0.0,1.0,1.0,0.2857142857142857,0.21428571428571427,-0.7818314824680299,0.6234898018587334,0.49999999999999994,-0.8660254037844387,0.0
FOODS_0136_CA_2_validation,d_108,0.0,0.0,0.0,0.0,0.0,0.0,1.0,0.14285714285714285,0.21428571428571427,0.0,1.0,0.49999999999999994,-0.8660254037844387,0.0
FOODS_0136_CA_2_validation,d_109,0.0,0.0,0.0,0.0,0.0,0.0,0.0,0.0,0.21428571428571427,0.7818314824680298,0.6234898018587336,0.49999999999999994,-0.8660254037844387,1.0
FOODS_0136_CA_2_validation,d_110,1.0,0.0,0.0,0.0,0.0,0.0,0.0,0.14285714285714285,0.2857142857142857,0.9749279121818236,-0.22252093395631434,0.49999999999999994,-0.8660254037844387,0.0
FOODS_0136_CA_2_validation,d_111,0.0,1.0,0.0,0.0,0.0,0.0,0.0,0.14285714285714285,0.2857142857142857,0.43388373911755823,-0.900968867902419,0.49999999999999994,-0.8660254037844387,0.0
FOODS_0136_CA_2_validation,d_112,0.0,0.0,1.0,0.0,0.0,0.0,0.0,0.14285714285714285,0.21428571428571427,-0.433883739117558,-0.9009688679024191,0.49999999999999994,-0.8660254037844387,0.0
FOODS_0136_CA_2_validation,d_113,0.0,0.0,0.0,1.0,0.0,0.0,0.0,0.14285714285714285,0.21428571428571427,-0.9749279121818236,-0.2225209339563146,0.49999999999999994,-0.8660254037844387,0.0
FOODS_0136_CA_2_validation,d_114,0.0,0.0,0.0,0.0,1.0,0.0,0.0,0.14285714285714285,0.21428571428571427,-0.7818314824680299,0.6234898018587334,0.49999999999999994,-0.8660254037844387,0.0
FOODS_0136_CA_2_validation,d_115,0.0,0.0,0.0,0.0,0.0,1.0,0.0,0.14285714285714285,0.14285714285714285,0.0,1.0,0.49999999999999994,-0.8660254037844387,0.0
FOODS_0136_CA_2_validation,d_116,0.0,0.0,0.0,0.0,0.0,0.0,1.0,0.14285714285714285,0.07142857142857142,0.7818314824680298,0.6234898018587336,0.49999999999999994,-0.8660254037844387,0.0
FOODS_0139_TX_2_validation,d_50,0.0,0.0,0.0,0.0,2.0,0.0,0.0,0.2857142857142857,0.5,-0.9749279121818236,-0.2225209339563146,1.0,6.123233995736766e-17,0.0
FOODS_0139_TX_2_validation,d_51,0.0,0.0,0.0,0.0,0.0,2.0,0.0,0.2857142857142857,0.35714285714285715,-0.7818314824680299,0.6234898018587334,1.0,6.123233995736766e-17,0.0
FOODS_0139_TX_2_validation,d_52,0.0,0.0,0.0,0.0,0.0,0.0,2.0,0.2857142857142857,0.2857142857142857,0.0,1.0,1.0,6.123233995736766e-17,0.0
FOODS_0139_TX_2_validation,d_53,0.0,0.0,0.0,0.0,0.0,0.0,0.0,0.0,0.21428571428571427,0.7818314824680298,0.6234898018587336,1.0,6.123233995736766e-17,1.0
FOODS_0139_TX_2_validation,d_54,1.0,0.0,0.0,0.0,0.0,0.0,0.0,0.14285714285714285,0.21428571428571427,0.9749279121818236,-0.22252093395631434,1.0,6.123233995736766e-17,0.0
FOODS_0139_TX_2_validation,d_55,0.0,1.0,0.0,0.0,0.0,0.0,0.0,0.14285714285714285,0.21428571428571427,0.43388373911755823,-0.900968867902419,1.0,6.123233995736766e-17,0.0
FOODS_0139_TX_2_validation,d_56,0.0,0.0,1.0,0.0,0.0,0.0,0.0,0.14285714285714285,0.21428571428571427,-0.433883739117558,-0.9009688679024191,1.0,6.123233995736766e-17,0.0
FOODS_0139_TX_2_validation,d_57,0.0,0.0,0.0,1.0,0.0,0.0,0.0,0.14285714285714285,0.21428571428571427,-0.9749279121818236,-0.2225209339563146,1.0,6.123233995736766e-17,0.0
FOODS_0139_TX_2_validation,d_58,0.0,0.0,0.0,0.0,1.0,0.0,0.0,0.14285714285714285,0.21428571428571427,-0.7818314824680299,0.6234898018587334,1.0,6.123233995736766e-17,0.0
FOODS_0139_TX_2_validation,d_59,0.0,0.0,0.0,0.0,0.0,1.0,0.0,0.14285714285714285,0.21428571428571427,0.0,1.0,1.0,6.123233995736766e-17,0.0
FOODS_0139_TX_2_validation,d_60,0.0,0.0,0.0,0.0,0.0,0.0,1.0,0.14285714285714285,0.07142857142857142,0.7818314824680298,0.6234898018587336,1.0,6.123233995736766e-17,0.0
FOODS_0139_TX_2_validation,d_61,0.0,0.0,0.0,0.0,0.0,0.0,0.0,0.0,0.07142857142857142,0.9749279121818236,-0.22252093395631434,1.0,6.123233995736766e-17,0.0
FOODS_0139_TX_2_validation,d_62,0.0,0.0,0.0,0.0,0.0,0.0,0.0,0.0,0.07142857142857142,0.43388373911755823,-0.900968867902419,1.0,6.123233995736766e-17,0.0
FOODS_0139_TX_2_validation,d_63,0.0,0.0,0.0,0.0,0.0,0.0,0.0,0.0,0.07142857142857142,-0.433883739117558,-0.9009688679024191,0.8660254037844387,-0.4999999999999998,0.0
FOODS_0139_TX_2_validation,d_64,0.0,0.0,0.0,0.0,0.0,0.0,0.0,0.0,0.07142857142857142,-0.9749279121818236,-0.2225209339563146,0.8660254037844387,-0.4999999999999998,3.0
FOODS_0139_TX_2_validation,d_65,3.0,0.0,0.0,0.0,0.0,0.0,0.0,0.42857142857142855,0.2857142857142857,-0.7818314824680299,0.6234898018587334,0.8660254037844387,-0.4999999999999998,1.0
FOODS_0139_TX_2_validation,d_66,1.0,3.0,0.0,0.0,0.0,0.0,0.0,0.5714285714285714,0.35714285714285715,0.0,1.0,0.8660254037844387,-0.4999999999999998,0.0
FOODS_0139_TX_2_validation,d_67,0.0,1.0,3.0,0.0,0.0,0.0,0.0,0.5714285714285714,0.35714285714285715,0.7818314824680298,0.6234898018587336,0.8660254037844387,-0.4999999999999998,0.0
FOODS_0139_TX_2_validation,d_68,0.0,0.0,1.0,3.0,0.0,0.0,0.0,0.5714285714285714,0.2857142857142857,0.9749279121818236,-0.22252093395631434,0.8660254037844387,-0.4999999999999998,0.0
FOODS_0139_TX_2_validation,d_69,0.0,0.0,0.0,1.0,3.0,0.0,0.0,0.5714285714285714,0.2857142857142857,0.43388373911755823,-0.900968867902419,0.8660254037844387,-0.4999999999999998,0.0
FOODS_0139_TX_2_validation,d_70,0.0,0.0,0.0,0.0,1.0,3.0,0.0,0.5714285714285714,0.2857142857142857,-0.433883739117558,-0.9009688679024191,0.8660254037844387,-0.4999999999999998,0.0
FOODS_0139_TX_2_validation,d_71,0.0,0.0,0.0,0.0,0.0,1.0,3.0,0.5714285714285714,0.2857142857142857,-0.9749279121818236,-0.2225209339563146,0.8660254037844387,-0.4999999999999998,0.0
FOODS_0139_TX_2_validation,d_72,0.0,0.0,0.0,0.0,0.0,0.0,1.0,0.14285714285714285,0.2857142857142857,-0.7818314824680299,0.6234898018587334,0.8660254037844387,-0.4999999999999998,0.0
FOODS_0139_TX_2_validation,d_73,0.0,0.0,0.0,0.0,0.0,0.0,0.0,0.0,0.2857142857142857,0.0,1.0,0.8660254037844387,-0.4999999999999998,0.0
FOODS_0139_TX_2_validation,d_74,0.0,0.0,0.0,0.0,0.0,0.0,0.0,0.0,0.2857142857142857,0.7818314824680298,0.6234898018587336,0.8660254037844387,-0.4999999999999998,0.0
FOODS_0139_TX_2_validation,d_75,0.0,0.0,0.0,0.0,0.0,0.0,0.0,0.0,0.2857142857142857,0.9749279121818236,-0.22252093395631434,0.8660254037844387,-0.4999999999999998,0.0
FOODS_0139_TX_2_validation,d_76,0.0,0.0,0.0,0.0,0.0,0.0,0.0,0.0,0.2857142857142857,0.43388373911755823,-0.900968867902419,0.8660254037844387,-0.4999999999999998,0.0
FOODS_0139_TX_2_validation,d_77,0.0,0.0,0.0,0.0,0.0,0.0,0.0,0.0,0.2857142857142857,-0.433883739117558,-0.9009688679024191,0.8660254037844387,-0.4999999999999998,0.0
FOODS_0139_TX_2_validation,d_78,0.0,0.0,0.0,0.0,0.0,0.0,0.0,0.0,0.2857142857142857,-0.9749279121818236,-0.2225209339563146,0.8660254037844387,-0.4999999999999998,0.0
FOODS_0139_TX_2_validation,d_79,0.0,0.0,0.0,0.0,0.0,0.0,0.0,0.0,0.07142857142857142,-0.7818314824680299,0.6234898018587334,0.8660254037844387,-0.4999999999999998,0.0
FOODS_0139_TX_2_validation,d_80,0.0,0.0,0.0,0.0,0.0,0.0,0.0,0.0,0.0,0.0,1.0,0.8660254037844387,-0.4999999999999998,0.0
FOODS_0139_TX_2_validation,d_81,0.0,0.0,0.0,0.0,0.0,0.0,0.0,0.0,0.0,0.7818314824680298,0.6234898018587336,0.8660254037844387,-0.4999999999999998,1.0
FOODS_0139_TX_2_validation,d_82,1.0,0.0,0.0,0.0,0.0,0.0,0.0,0.14285714285714285,0.07142857142857142,0.9749279121818236,-0.22252093395631434,0.8660254037844387,-0.4999999999999998,0.0
FOODS_0139_TX_2_validation,d_83,0.0,1.0,0.0,0.0,0.0,0.0,0.0,0.14285714285714285,0.07142857142857142,0.43388373911755823,-0.900968867902419,0.8660254037844387,-0.4999999999999998,0.0
FOODS_0139_TX_2_validation,d_84,0.0,0.0,1.0,0.0,0.0,0.0,0.0,0.14285714285714285,0.07142857142857142,-0.433883739117558,-0.9009688679024191,0.8660254037844387,-0.4999999999999998,0.0
FOODS_0139_TX_2_validation,d_85,0.0,0.0,0.0,1.0,0.0,0.0,0.0,0.14285714285714285,0.07142857142857142,-0.9749279121818236,-0.2225209339563146,0.8660254037844387,-0.4999999999999998,0.0
FOODS_0139_TX_2_validation,d_86,0.0,0.0,0.0,0.0,1.0,0.0,0.0,0.14285714285714285,0.07142857142857142,-0.7818314824680299,0.6234898018587334,0.8660254037844387,-0.4999999999999998,0.0
FOODS_0139_TX_2_validation,d_87,0.0,0.0,0.0,0.0,0.0,1.0,0.0,0.14285714285714285,0.07142857142857142,0.0,1.0,0.8660254037844387,-0.4999999999999998,1.0
FOODS_0139_TX_2_validation,d_88,1.0,0.0,0.0,0.0,0.0,0.0,1.0,0.2857142857142857,0.14285714285714285,0.7818314824680298,0.6234898018587336,0.8660254037844387,-0.4999999999999998,0.0
FOODS_0139_TX_2_validation,d_89,0.0,1.0,0.0,0.0,0.0,0.0,0.0,0.14285714285714285,0.14285714285714285,0.9749279121818236,-0.22252093395631434,0.8660254037844387,-0.4999999999999998,0.0
FOODS_0139_TX_2_validation,d_90,0.0,0.0,1.0,0.0,0.0,0.0,0.0,0.14285714285714285,0.14285714285714285,0.43388373911755823,-0.900968867902419,0.8660254037844387,-0.4999999999999998,0.0
FOODS_0139_TX_2_validation,d_91,0.0,0.0,0.0,1.0,0.0,0.0,0.0,0.14285714285714285,0.14285714285714285,-0.433883739117558,-0.9009688679024191,0.8660254037844387,-0.4999999999999998,0.0
FOODS_0139_TX_2_validation,d_92,0.0,0.0,0.0,0.0,1.0,0.0,0.0,0.14285714285714285,0.14285714285714285,-0.9749279121818236,-0.2225209339563146,0.8660254037844387,-0.4999999999999998,0.0
FOODS_0139_TX_2_validation,d_93,0.0,0.0,0.0,0.0,0.0,1.0,0.0,0.14285714285714285,0.14285714285714285,-0.7818314824680299,0.6234898018587334,0.49999999999999994,-0.8660254037844387,0.0
FOODS_0139_TX_2_validation,d_94,0.0,0.0,0.0,0.0,0.0,0.0,1.0,0.14285714285714285,0.14285714285714285,0.0,1.0,0.49999999999999994,-0.8660254037844387,2.0
FOODS_0139_TX_2_validation,d_95,2.0,0.0,0.0,0.0,0.0,0.0,0.0,0.2857142857142857,0.2857142857142857,0.7818314824680298,0.6234898018587336,0.49999999999999994,-0.8660254037844387,0.0
FOODS_0139_TX_2_validation,d_96,0.0,2.0,0.0,0.0,0.0,0.0,0.0,0.2857142857142857,0.21428571428571427,0.9749279121818236,-0.22252093395631434,0.49999999999999994,-0.8660254037844387,0.0
FOODS_0139_TX_2_validation,d_97,0.0,0.0,2.0,0.0,0.0,0.0,0.0,0.2857142857142857,0.21428571428571427,0.43388373911755823,-0.900968867902419,0.49999999999999994,-0.8660254037844387,0.0
FOODS_0139_TX_2_validation,d_98,0.0,0.0,0.0,2.0,0.0,0.0,0.0,0.2857142857142857,0.21428571428571427,-0.433883739117558,-0.9009688679024191,0.49999999999999994,-0.8660254037844387,0.0
FOODS_0139_TX_2_validation,d_99,0.0,0.0,0.0,0.0,2.0,0.0,0.0,0.2857142857142857,0.21428571428571427,-0.9749279121818236,-0.2225209339563146,0.49999999999999994,-0.8660254037844387,0.0
FOODS_0139_TX_2_validation,d_100,0.0,0.0,0.0,0.0,0.0,2.0,0.0,0.2857142857142857,0.21428571428571427,-0.7818314824680299,0.6234898018587334,0.49999999999999994,-0.8660254037844387,0.0
FOODS_0139_TX_2_validation,d_101,0.0,0.0,0.0,0.0,0.0,0.0,2.0,0.2857142857142857,0.21428571428571427,0.0,1.0,0.49999999999999994,-0.8660254037844387,0.0
FOODS_0139_TX_2_validation,d_102,0.0,0.0,0.0,0.0,0.0,0.0,0.0,0.0,0.14285714285714285,0.7818314824680298,0.6234898018587336,0.49999999999999994,-0.8660254037844387,0.0
FOODS_0139_TX_2_validation,d_103,0.0,0.0,0.0,0.0,0.0,0.0,0.0,0.0,0.14285714285714285,0.9749279121818236,-0.22252093395631434,0.49999999999999994,-0.8660254037844387,0.0
FOODS_0139_TX_2_validation,d_104,0.0,0.0,0.0,0.0,0.0,0.0,0.0,0.0,0.14285714285714285,0.43388373911755823,-0.900968867902419,0.49999999999999994,-0.8660254037844387,0.0
FOODS_0139_TX_2_validation,d_105,0.0,0.0,0.0,0.0,0.0,0.0,0.0,0.0,0.14285714285714285,-0.433883739117558,-0.9009688679024191,0.49999999999999994,-0.8660254037844387,0.0
FOODS_0139_TX_2_validation,d_106,0.0,0.0,0.0,0.0,0.0,0.0,0.0,0.0,0.14285714285714285,-0.9749279121818236,-0.2225209339563146,0.49999999999999994,-0.8660254037844387,0.0
FOODS_0139_TX_2_validation,d_107,0.0,0.0,0.0,0.0,0.0,0.0,0.0,0.0,0.14285714285714285,-0.7818314824680299,0.6234898018587334,0.49999999999999994,-0.8660254037844387,1.0
FOODS_0139_TX_2_validation,d_108,1.0,0.0,0.0,0.0,0.0,0.0,0.0,0.14285714285714285,0.21428571428571427,0.0,1.0,0.49999999999999994,-0.8660254037844387,1.0
FOODS_0139_TX_2_validation,d_109,1.0,1.0,0.0,0.0,0.0,0.0,0.0,0.2857142857142857,0.14285714285714285,0.7818314824680298,0.6234898018587336,0.49999999999999994,-0.8660254037844387,0.0
FOODS_0139_TX_2_validation,d_110,0.0,1.0,1.0,0.0,0.0,0.0,0.0,0.2857142857142857,0.14285714285714285,0.9749279121818236,-0.22252093395631434,0.49999999999999994,-0.8660254037844387,0.0
FOODS_0139_TX_2_validation,d_111,0.0,0.0,1.0,1.0,0.0,0.0,0.0,0.2857142857142857,0.14285714285714285,0.43388373911755823,-0.900968867902419,0.49999999999999994,-0.8660254037844387,0.0
FOODS_0139_TX_2_validation,d_112,0.0,0.0,0.0,1.0,1.0,0.0,0.0,0.2857142857142857,0.14285714285714285,-0.433883739117558,-0.9009688679024191,0.49999999999999994,-0.8660254037844387,1.0
FOODS_0139_TX_2_validation,d_113,1.0,0.0,0.0,0.0,1.0,1.0,0.0,0.42857142857142855,0.21428571428571427,-0.9749279121818236,-0.2225209339563146,0.49999999999999994,-0.8660254037844387,0.0
FOODS_0139_TX_2_validation,d_114,0.0,1.0,0.0,0.0,0.0,1.0,1.0,0.42857142857142855,0.21428571428571427,-0.7818314824680299,0.6234898018587334,0.49999999999999994,-0.8660254037844387,0.0
FOODS_0139_TX_2_validation,d_115,0.0,0.0,1.0,0.0,0.0,0.0,1.0,0.2857142857142857,0.21428571428571427,0.0,1.0,0.49999999999999994,-0.8660254037844387,2.0
FOODS_0139_TX_2_validation,d_116,2.0,0.0,0.0,1.0,0.0,0.0,0.0,0.42857142857142855,0.35714285714285715,0.7818314824680298,0.6234898018587336,0.49999999999999994,-0.8660254037844387,0.0
FOODS_0154_CA_2_validation,d_50,0.0,0.0,0.0,0.0,1.0,0.0,0.0,0.14285714285714285,0.2857142857142857,-0.9749279121818236,-0.2225209339563146,1.0,6.123233995736766e-17,0.0
FOODS_0154_CA_2_validation,d_51,0.0,0.0,0.0,0.0,0.0,1.0,0.0,0.14285714285714285,0.21428571428571427,-0.7818314824680299,0.6234898018587334,1.0,6.123233995736766e-17,0.0
FOODS_0154_CA_2_validation,d_52,0.0,0.0,0.0,0.0,0.0,0.0,1.0,0.14285714285714285,0.14285714285714285,0.0,1.0,1.0,6.123233995736766e-17,1.0
FOODS_0154_CA_2_validation,d_53,1.0,0.0,0.0,0.0,0.0,0.0,0.0,0.14285714285714285,0.14285714285714285,0.7818314824680298,0.6234898018587336,1.0,6.123233995736766e-17,0.0
FOODS_0154_CA_2_validation,d_54,0.0,1.0,0.0,0.0,0.0,0.0,0.0,0.14285714285714285,0.14285714285714285,0.9749279121818236,-0.22252093395631434,1.0,6.123233995736766e-17,1.0
FOODS_0154_CA_2_validation,d_55,1.0,0.0,1.0,0.0,0.0,0.0,0.0,0.2857142857142857,0.21428571428571427,0.43388373911755823,-0.900968867902419,1.0,6.123233995736766e-17,0.0
FOODS_0154_CA_2_validation,d_56,0.0,1.0,0.0,1.0,0.0,0.0,0.0,0.2857142857142857,0.21428571428571427,-0.433883739117558,-0.9009688679024191,1.0,6.123233995736766e-17,0.0
FOODS_0154_CA_2_validation,d_57,0.0,0.0,1.0,0.0,1.0,0.0,0.0,0.2857142857142857,0.21428571428571427,-0.9749279121818236,-0.2225209339563146,1.0,6.123233995736766e-17,1.0
FOODS_0154_CA_2_validation,d_58,1.0,0.0,0.0,1.0,0.0,1.0,0.0,0.42857142857142855,0.2857142857142857,-0.7818314824680299,0.6234898018587334,1.0,6.123233995736766e-17,1.0
FOODS_0154_CA_2_validation,d_59,1.0,1.0,0.0,0.0,1.0,0.0,1.0,0.5714285714285714,0.35714285714285715,0.0,1.0,1.0,6.123233995736766e-17,1.0
FOODS_0154_CA_2_validation,d_60,1.0,1.0,1.0,0.0,0.0,1.0,0.0,0.5714285714285714,0.35714285714285715,0.7818314824680298,0.6234898018587336,1.0,6.123233995736766e-17,0.0
FOODS_0154_CA_2_validation,d_61,0.0,1.0,1.0,1.0,0.0,0.0,1.0,0.5714285714285714,0.35714285714285715,0.9749279121818236,-0.22252093395631434,1.0,6.123233995736766e-17,0.0
FOODS_0154_CA_2_validation,d_62,0.0,0.0,1.0,1.0,1.0,0.0,0.0,0.42857142857142855,0.35714285714285715,0.43388373911755823,-0.900968867902419,1.0,6.123233995736766e-17,0.0
FOODS_0154_CA_2_validation,d_63,0.0,0.0,0.0,1.0,1.0,1.0,0.0,0.42857142857142855,0.35714285714285715,-0.433883739117558,-0.9009688679024191,0.8660254037844387,-0.4999999999999998,0.0
FOODS_0154_CA_2_validation,d_64,0.0,0.0,0.0,0.0,1.0,1.0,1.0,0.42857142857142855,0.35714285714285715,-0.9749279121818236,-0.2225209339563146,0.8660254037844387,-0.4999999999999998,1.0
FOODS_0154_CA_2_validation,d_65,1.0,0.0,0.0,0.0,0.0,1.0,1.0,0.42857142857142855,0.42857142857142855,-0.7818314824680299,0.6234898018587334,0.8660254037844387,-0.4999999999999998,0.0
FOODS_0154_CA_2_validation,d_66,0.0,1.0,0.0,0.0,0.0,0.0,1.0,0.2857142857142857,0.42857142857142855,0.0,1.0,0.8660254037844387,-0.4999999999999998,0.0
FOODS_0154_CA_2_validation,d_67,0.0,0.0,1.0,0.0,0.0,0.0,0.0,0.14285714285714285,0.35714285714285715,0.7818314824680298,0.6234898018587336,0.8660254037844387,-0.4999999999999998,0.0
FOODS_0154_CA_2_validation,d_68,0.0,0.0,0.0,1.0,0.0,0.0,0.0,0.14285714285714285,0.35714285714285715,0.9749279121818236,-0.22252093395631434,0.8660254037844387,-0.4999999999999998,0.0
FOODS_0154_CA_2_validation,d_69,0.0,0.0,0.0,0.0,1.0,0.0,0.0,0.14285714285714285,0.2857142857142857,0.43388373911755823,-0.900968867902419,0.8660254037844387,-0.4999999999999998,0.0
FOODS_0154_CA_2_validation,d_70,0.0,0.0,0.0,0.0,0.0,1.0,0.0,0.14285714285714285,0.2857142857142857,-0.433883739117558,-0.9009688679024191,0.8660254037844387,-0.4999999999999998,0.0
FOODS_0154_CA_2_validation,d_71,0.0,0.0,0.0,0.0,0.0,0.0,1.0,0.14285714285714285,0.2857142857142857,-0.9749279121818236,-0.2225209339563146,0.8660254037844387,-0.4999999999999998,2.0
FOODS_0154_CA_2_validation,d_72,2.0,0.0,0.0,0.0,0.0,0.0,0.0,0.2857142857142857,0.35714285714285715,-0.7818314824680299,0.6234898018587334,0.8660254037844387,-0.4999999999999998,0.0
FOODS_0154_CA_2_validation,d_73,0.0,2.0,0.0,0.0,0.0,0.0,0.0,0.2857142857142857,0.2857142857142857,0.0,1.0,0.8660254037844387,-0.4999999999999998,1.0
FOODS_0154_CA_2_validation,d_74,1.0,0.0,2.0,0.0,0.0,0.0,0.0,0.42857142857142855,0.2857142857142857,0.7818314824680298,0.6234898018587336,0.8660254037844387,-0.4999999999999998,0.0
FOODS_0154_CA_2_validation,d_75,0.0,1.0,0.0,2.0,0.0,0.0,0.0,0.42857142857142855,0.2857142857142857,0.9749279121818236,-0.22252093395631434,0.8660254037844387,-0.4999999999999998,0.0
FOODS_0154_CA_2_validation,d_76,0.0,0.0,1.0,0.0,2.0,0.0,0.0,0.42857142857142855,0.2857142857142857,0.43388373911755823,-0.900968867902419,0.8660254037844387,-0.4999999999999998,0.0
FOODS_0154_CA_2_validation,d_77,0.0,0.0,0.0,1.0,0.0,2.0,0.0,0.42857142857142855,0.2857142857142857,-0.433883739117558,-0.9009688679024191,0.8660254037844387,-0.4999999999999998,0.0
FOODS_0154_CA_2_validation,d_78,0.0,0.0,0.0,0.0,1.0,0.0,2.0,0.42857142857142855,0.2857142857142857,-0.9749279121818236,-0.2225209339563146,0.8660254037844387,-0.4999999999999998,0.0
FOODS_0154_CA_2_validation,d_79,0.0,0.0,0.0,0.0,0.0,1.0,0.0,0.14285714285714285,0.21428571428571427,-0.7818314824680299,0.6234898018587334,0.8660254037844387,-0.4999999999999998,0.0
FOODS_0154_CA_2_validation,d_80,0.0,0.0,0.0,0.0,0.0,0.0,1.0,0.14285714285714285,0.21428571428571427,0.0,1.0,0.8660254037844387,-0.4999999999999998,1.0
FOODS_0154_CA_2_validation,d_81,1.0,0.0,0.0,0.0,0.0,0.0,0.0,0.14285714285714285,0.2857142857142857,0.7818314824680298,0.6234898018587336,0.8660254037844387,-0.4999999999999998,0.0
FOODS_0154_CA_2_validation,d_82,0.0,1.0,0.0,0.0,0.0,0.0,0.0,0.14285714285714285,0.2857142857142857,0.9749279121818236,-0.22252093395631434,0.8660254037844387,-0.4999999999999998,2.0
FOODS_0154_CA_2_validation,d_83,2.0,0.0,1.0,0.0,0.0,0.0,0.0,0.42857142857142855,0.42857142857142855,0.43388373911755823,-0.900968867902419,0.8660254037844387,-0.4999999999999998,0.0
FOODS_0154_CA_2_validation,d_84,0.0,2.0,0.0,1.0,0.0,0.0,0.0,0.42857142857142855,0.42857142857142855,-0.433883739117558,-0.9009688679024191,0.8660254037844387,-0.4999999999999998,0.0
FOODS_0154_CA_2_validation,d_85,0.0,0.0,2.0,0.0,1.0,0.0,0.0,0.42857142857142855,0.42857142857142855,-0.9749279121818236,-0.2225209339563146,0.8660254037844387,-0.4999999999999998,0.0
FOODS_0154_CA_2_validation,d_86,0.0,0.0,0.0,2.0,0.0,1.0,0.0,0.42857142857142855,0.2857142857142857,-0.7818314824680299,0.6234898018587334,0.8660254037844387,-0.4999999999999998,0.0
FOODS_0154_CA_2_validation,d_87,0.0,0.0,0.0,0.0,2.0,0.0,1.0,0.42857142857142855,0.2857142857142857,0.0,1.0,0.8660254037844387,-0.4999999999999998,1.0
FOODS_0154_CA_2_validation,d_88,1.0,0.0,0.0,0.0,0.0,2.0,0.0,0.42857142857142855,0.2857142857142857,0.7818314824680298,0.6234898018587336,0.8660254037844387,-0.4999999999999998,0.0
FOODS_0154_CA_2_validation,d_89,0.0,1.0,0.0,0.0,0.0,0.0,2.0,0.42857142857142855,0.2857142857142857,0.9749279121818236,-0.22252093395631434,0.8660254037844387,-0.4999999999999998,0.0
FOODS_0154_CA_2_validation,d_90,0.0,0.0,1.0,0.0,0.0,0.0,0.0,0.14285714285714285,0.2857142857142857,0.43388373911755823,-0.900968867902419,0.8660254037844387,-0.4999999999999998,0.0
FOODS_0154_CA_2_validation,d_91,0.0,0.0,0.0,1.0,0.0,0.0,0.0,0.14285714285714285,0.2857142857142857,-0.433883739117558,-0.9009688679024191,0.8660254037844387,-0.4999999999999998,0.0
FOODS_0154_CA_2_validation,d_92,0.0,0.0,0.0,0.0,1.0,0.0,0.0,0.14285714285714285,0.2857142857142857,-0.9749279121818236,-0.2225209339563146,0.8660254037844387,-0.4999999999999998,0.0
FOODS_0154_CA_2_validation,d_93,0.0,0.0,0.0,0.0,0.0,1.0,0.0,0.14285714285714285,0.2857142857142857,-0.7818314824680299,0.6234898018587334,0.49999999999999994,-0.8660254037844387,1.0
FOODS_0154_CA_2_validation,d_94,1.0,0.0,0.0,0.0,0.0,0.0,1.0,0.2857142857142857,0.35714285714285715,0.0,1.0,0.49999999999999994,-0.8660254037844387,2.0
FOODS_0154_CA_2_validation,d_95,2.0,1.0,0.0,0.0,0.0,0.0,0.0,0.42857142857142855,0.42857142857142855,0.7818314824680298,0.6234898018587336,0.49999999999999994,-0.8660254037844387,1.0
FOODS_0154_CA_2_validation,d_96,1.0,2.0,1.0,0.0,0.0,0.0,0.0,0.5714285714285714,0.5,0.9749279121818236,-0.22252093395631434,0.49999999999999994,-0.8660254037844387,2.0
FOODS_0154_CA_2_validation,d_97,2.0,1.0,2.0,1.0,0.0,0.0,0.0,0.8571428571428571,0.5,0.43388373911755823,-0.900968867902419,0.49999999999999994,-0.8660254037844387,1.0
FOODS_0154_CA_2_validation,d_98,1.0,2.0,1.0,2.0,1.0,0.0,0.0,1.0,0.5714285714285714,-0.433883739117558,-0.9009688679024191,0.49999999999999994,-0.8660254037844387,0.0
FOODS_0154_CA_2_validation,d_99,0.0,1.0,2.0,1.0,2.0,1.0,0.0,1.0,0.5714285714285714,-0.9749279121818236,-0.2225209339563146,0.49999999999999994,-0.8660254037844387,1.0
FOODS_0154_CA_2_validation,d_100,1.0,0.0,1.0,2.0,1.0,2.0,1.0,1.1428571428571428,0.6428571428571429,-0.7818314824680299,0.6234898018587334,0.49999999999999994,-0.8660254037844387,1.0
FOODS_0154_CA_2_validation,d_101,1.0,1.0,0.0,1.0,2.0,1.0,2.0,1.1428571428571428,0.7142857142857143,0.0,1.0,0.49999999999999994,-0.8660254037844387,0.0
FOODS_0154_CA_2_validation,d_102,0.0,1.0,1.0,0.0,1.0,2.0,1.0,0.8571428571428571,0.6428571428571429,0.7818314824680298,0.6234898018587336,0.49999999999999994,-0.8660254037844387,0.0
FOODS_0154_CA_2_validation,d_103,0.0,0.0,1.0,1.0,0.0,1.0,2.0,0.7142857142857143,0.6428571428571429,0.9749279121818236,-0.22252093395631434,0.49999999999999994,-0.8660254037844387,0.0
FOODS_0154_CA_2_validation,d_104,0.0,0.0,0.0,1.0,1.0,0.0,1.0,0.42857142857142855,0.6428571428571429,0.43388373911755823,-0.900968867902419,0.49999999999999994,-0.8660254037844387,0.0
FOODS_0154_CA_2_validation,d_105,0.0,0.0,0.0,0.0,1.0,1.0,0.0,0.2857142857142857,0.6428571428571429,-0.433883739117558,-0.9009688679024191,0.49999999999999994,-0.8660254037844387,0.0
FOODS_0154_CA_2_validation,d_106,0.0,0.0,0.0,0.0,0.0,1.0,1.0,0.2857142857142857,0.6428571428571429,-0.9749279121818236,-0.2225209339563146,0.49999999999999994,-0.8660254037844387,0.0
FOODS_0154_CA_2_validation,d_107,0.0,0.0,0.0,0.0,0.0,0.0,1.0,0.14285714285714285,0.6428571428571429,-0.7818314824680299,0.6234898018587334,0.49999999999999994,-0.8660254037844387,0.0
FOODS_0154_CA_2_validation,d_108,0.0,0.0,0.0,0.0,0.0,0.0,0.0,0.0,0.5714285714285714,0.0,1.0,0.49999999999999994,-0.8660254037844387,0.0
FOODS_0154_CA_2_validation,d_109,0.0,0.0,0.0,0.0,0.0,0.0,0.0,0.0,0.42857142857142855,0.7818314824680298,0.6234898018587336,0.49999999999999994,-0.8660254037844387,0.0
FOODS_0154_CA_2_validation,d_110,0.0,0.0,0.0,0.0,0.0,0.0,0.0,0.0,0.35714285714285715,0.9749279121818236,-0.22252093395631434,0.49999999999999994,-0.8660254037844387,0.0
FOODS_0154_CA_2_validation,d_111,0.0,0.0,0.0,0.0,0.0,0.0,0.0,0.0,0.21428571428571427,0.43388373911755823,-0.900968867902419,0.49999999999999994,-0.8660254037844387,0.0
FOODS_0154_CA_2_validation,d_112,0.0,0.0,0.0,0.0,0.0,0.0,0.0,0.0,0.14285714285714285,-0.433883739117558,-0.9009688679024191,0.49999999999999994,-0.8660254037844387,0.0
FOODS_0154_CA_2_validation,d_113,0.0,0.0,0.0,0.0,0.0,0.0,0.0,0.0,0.14285714285714285,-0.9749279121818236,-0.2225209339563146,0.49999999999999994,-0.8660254037844387,1.0
FOODS_0154_CA_2_validation,d_114,1.0,0.0,0.0,0.0,0.0,0.0,0.0,0.14285714285714285,0.14285714285714285,-0.7818314824680299,0.6234898018587334,0.49999999999999994,-0.8660254037844387,0.0
FOODS_0154_CA_2_validation,d_115,0.0,1.0,0.0,0.0,0.0,0.0,0.0,0.14285714285714285,0.07142857142857142,0.0,1.0,0.49999999999999994,-0.8660254037844387,2.0
FOODS_0154_CA_2_validation,d_116,2.0,0.0,1.0,0.0,0.0,0.0,0.0,0.42857142857142855,0.21428571428571427,0.7818314824680298,0.6234898018587336,0.49999999999999994,-0.8660254037844387,1.0
FOODS_0160_WI_2_validation,d_50,0.0,0.0,0.0,0.0,0.0,0.0,0.0,0.0,0.21428571428571427,-0.9749279121818236,-0.2225209339563146,1.0,6.123233995736766e-17,0.0
FOODS_0160_WI_2_validation,d_51,0.0,0.0,0.0,0.0,0.0,0.0,0.0,0.0,0.21428571428571427,-0.7818314824680299,0.6234898018587334,1.0,6.123233995736766e-17,0.0
FOODS_0160_WI_2_validation,d_52,0.0,0.0,0.0,0.0,0.0,0.0,0.0,0.0,0.14285714285714285,0.0,1.0,1.0,6.123233995736766e-17,0.0
FOODS_0160_WI_2_validation,d_53,0.0,0.0,0.0,0.0,0.0,0.0,0.0,0.0,0.07142857142857142,0.7818314824680298,0.6234898018587336,1.0,6.123233995736766e-17,0.0
FOODS_0160_WI_2_validation,d_54,0.0,0.0,0.0,0.0,0.0,0.0,0.0,0.0,0.0,0.9749279121818236,-0.22252093395631434,1.0,6.123233995736766e-17,0.0
FOODS_0160_WI_2_validation,d_55,0.0,0.0,0.0,0.0,0.0,0.0,0.0,0.0,0.0,0.43388373911755823,-0.900968867902419,1.0,6.123233995736766e-17,1.0
FOODS_0160_WI_2_validation,d_56,1.0,0.0,0.0,0.0,0.0,0.0,0.0,0.14285714285714285,0.07142857142857142,-0.433883739117558,-0.9009688679024191,1.0,6.123233995736766e-17,0.0
FOODS_0160_WI_2_validation,d_57,0.0,1.0,0.0,0.0,0.0,0.0,0.0,0.14285714285714285,0.07142857142857142,-0.9749279121818236,-0.2225209339563146,1.0,6.123233995736766e-17,1.0
FOODS_0160_WI_2_validation,d_58,1.0,0.0,1.0,0.0,0.0,0.0,0.0,0.2857142857142857,0.14285714285714285,-0.7818314824680299,0.6234898018587334,1.0,6.123233995736766e-17,0.0
FOODS_0160_WI_2_validation,d_59,0.0,1.0,0.0,1.0,0.0,0.0,0.0,0.2857142857142857,0.14285714285714285,0.0,1.0,1.0,6.123233995736766e-17,1.0
FOODS_0160_WI_2_validation,d_60,1.0,0.0,1.0,0.0,1.0,0.0,0.0,0.42857142857142855,0.21428571428571427,0.7818314824680298,0.6234898018587336,1.0,6.123233995736766e-17,0.0
FOODS_0160_WI_2_validation,d_61,0.0,1.0,0.0,1.0,0.0,1.0,0.0,0.42857142857142855,0.21428571428571427,0.9749279121818236,-0.22252093395631434,1.0,6.123233995736766e-17,0.0
FOODS_0160_WI_2_validation,d_62,0.0,0.0,1.0,0.0,1.0,0.0,1.0,0.42857142857142855,0.21428571428571427,0.43388373911755823,-0.900968867902419,1.0,6.123233995736766e-17,0.0
FOODS_0160_WI_2_validation,d_63,0.0,0.0,0.0,1.0,0.0,1.0,0.0,0.2857142857142857,0.21428571428571427,-0.433883739117558,-0.9009688679024191,0.8660254037844387,-0.4999999999999998,0.0
FOODS_0160_WI_2_validation,d_64,0.0,0.0,0.0,0.0,1.0,0.0,1.0,0.2857142857142857,0.21428571428571427,-0.9749279121818236,-0.2225209339563146,0.8660254037844387,-0.4999999999999998,0.0
FOODS_0160_WI_2_validation,d_65,0.0,0.0,0.0,0.0,0.0,1.0,0.0,0.14285714285714285,0.21428571428571427,-0.7818314824680299,0.6234898018587334,0.8660254037844387,-0.4999999999999998,0.0
FOODS_0160_WI_2_validation,d_66,0.0,0.0,0.0,0.0,0.0,0.0,1.0,0.14285714285714285,0.21428571428571427,0.0,1.0,0.8660254037844387,-0.4999999999999998,0.0
FOODS_0160_WI_2_validation,d_67,0.0,0.0,0.0,0.0,0.0,0.0,0.0,0.0,0.21428571428571427,0.7818314824680298,0.6234898018587336,0.8660254037844387,-0.4999999999999998,3.0
FOODS_0160_WI_2_validation,d_68,3.0,0.0,0.0,0.0,0.0,0.0,0.0,0.42857142857142855,0.42857142857142855,0.9749279121818236,-0.22252093395631434,0.8660254037844387,-0.4999999999999998,0.0
FOODS_0160_WI_2_validation,d_69,0.0,3.0,0.0,0.0,0.0,0.0,0.0,0.42857142857142855,0.42857142857142855,0.43388373911755823,-0.900968867902419,0.8660254037844387,-0.4999999999999998,0.0
FOODS_0160_WI_2_validation,d_70,0.0,0.0,3.0,0.0,0.0,0.0,0.0,0.42857142857142855,0.35714285714285715,-0.433883739117558,-0.9009688679024191,0.8660254037844387,-0.4999999999999998,0.0
FOODS_0160_WI_2_validation,d_71,0.0,0.0,0.0,3.0,0.0,0.0,0.0,0.42857142857142855,0.35714285714285715,-0.9749279121818236,-0.2225209339563146,0.8660254037844387,-0.4999999999999998,2.0
FOODS_0160_WI_2_validation,d_72,2.0,0.0,0.0,0.0,3.0,0.0,0.0,0.7142857142857143,0.42857142857142855,-0.7818314824680299,0.6234898018587334,0.8660254037844387,-0.4999999999999998,1.0
FOODS_0160_WI_2_validation,d_73,1.0,2.0,0.0,0.0,0.0,3.0,0.0,0.8571428571428571,0.5,0.0,1.0,0.8660254037844387,-0.4999999999999998,0.0
FOODS_0160_WI_2_validation,d_74,0.0,1.0,2.0,0.0,0.0,0.0,3.0,0.8571428571428571,0.42857142857142855,0.7818314824680298,0.6234898018587336,0.8660254037844387,-0.4999999999999998,0.0
FOODS_0160_WI_2_validation,d_75,0.0,0.0,1.0,2.0,0.0,0.0,0.0,0.42857142857142855,0.42857142857142855,0.9749279121818236,-0.22252093395631434,0.8660254037844387,-0.4999999999999998,0.0
FOODS_0160_WI_2_validation,d_76,0.0,0.0,0.0,1.0,2.0,0.0,0.0,0.42857142857142855,0.42857142857142855,0.43388373911755823,-0.900968867902419,0.8660254037844387,-0.4999999999999998,1.0
FOODS_0160_WI_2_validation,d_77,1.0,0.0,0.0,0.0,1.0,2.0,0.0,0.5714285714285714,0.5,-0.433883739117558,-0.9009688679024191,0.8660254037844387,-0.4999999999999998,0.0
FOODS_0160_WI_2_validation,d_78,0.0,1.0,0.0,0.0,0.0,1.0,2.0,0.5714285714285714,0.5,-0.9749279121818236,-0.2225209339563146,0.8660254037844387,-0.4999999999999998,0.0
FOODS_0160_WI_2_validation,d_79,0.0,0.0,1.0,0.0,0.0,0.0,1.0,0.2857142857142857,0.5,-0.7818314824680299,0.6234898018587334,0.8660254037844387,-0.4999999999999998,0.0
FOODS_0160_WI_2_validation,d_80,0.0,0.0,0.0,1.0,0.0,0.0,0.0,0.14285714285714285,0.5,0.0,1.0,0.8660254037844387,-0.4999999999999998,0.0
FOODS_0160_WI_2_validation,d_81,0.0,0.0,0.0,0.0,1.0,0.0,0.0,0.14285714285714285,0.5,0.7818314824680298,0.6234898018587336,0.8660254037844387,-0.4999999999999998,2.0
FOODS_0160_WI_2_validation,d_82,2.0,0.0,0.0,0.0,0.0,1.0,0.0,0.42857142857142855,0.42857142857142855,0.9749279121818236,-0.22252093395631434,0.8660254037844387,-0.4999999999999998,0.0
FOODS_0160_WI_2_validation,d_83,0.0,2.0,0.0,0.0,0.0,0.0,1.0,0.42857142857142855,0.42857142857142855,0.43388373911755823,-0.900968867902419,0.8660254037844387,-0.4999999999999998,0.0
FOODS_0160_WI_2_validation,d_84,0.0,0.0,2.0,0.0,0.0,0.0,0.0,0.2857142857142857,0.42857142857142855,-0.433883739117558,-0.9009688679024191,0.8660254037844387,-0.4999999999999998,0.0
FOODS_0160_WI_2_validation,d_85,0.0,0.0,0.0,2.0,0.0,0.0,0.0,0.2857142857142857,0.42857142857142855,-0.9749279121818236,-0.2225209339563146,0.8660254037844387,-0.4999999999999998,1.0
FOODS_0160_WI_2_validation,d_86,1.0,0.0,0.0,0.0,2.0,0.0,0.0,0.42857142857142855,0.35714285714285715,-0.7818314824680299,0.6234898018587334,0.8660254037844387,-0.4999999999999998,0.0
FOODS_0160_WI_2_validation,d_87,0.0,1.0,0.0,0.0,0.0,2.0,0.0,0.42857142857142855,0.2857142857142857,0.0,1.0,0.8660254037844387,-0.4999999999999998,0.0
FOODS_0160_WI_2_validation,d_88,0.0,0.0,1.0,0.0,0.0,0.0,2.0,0.42857142857142855,0.2857142857142857,0.7818314824680298,0.6234898018587336,0.8660254037844387,-0.4999999999999998,0.0
FOODS_0160_WI_2_validation,d_89,0.0,0.0,0.0,1.0,0.0,0.0,0.0,0.14285714285714285,0.2857142857142857,0.9749279121818236,-0.22252093395631434,0.8660254037844387,-0.4999999999999998,0.0
FOODS_0160_WI_2_validation,d_90,0.0,0.0,0.0,0.0,1.0,0.0,0.0,0.14285714285714285,0.2857142857142857,0.43388373911755823,-0.900968867902419,0.8660254037844387,-0.4999999999999998,0.0
FOODS_0160_WI_2_validation,d_91,0.0,0.0,0.0,0.0,0.0,1.0,0.0,0.14285714285714285,0.21428571428571427,-0.433883739117558,-0.9009688679024191,0.8660254037844387,-0.4999999999999998,0.0
FOODS_0160_WI_2_validation,d_92,0.0,0.0,0.0,0.0,0.0,0.0,1.0,0.14285714285714285,0.21428571428571427,-0.9749279121818236,-0.2225209339563146,0.8660254037844387,-0.4999999999999998,0.0
FOODS_0160_WI_2_validation,d_93,0.0,0.0,0.0,0.0,0.0,0.0,0.0,0.0,0.21428571428571427,-0.7818314824680299,0.6234898018587334,0.49999999999999994,-0.8660254037844387,1.0
FOODS_0160_WI_2_validation,d_94,1.0,0.0,0.0,0.0,0.0,0.0,0.0,0.14285714285714285,0.2857142857142857,0.0,1.0,0.49999999999999994,-0.8660254037844387,0.0
FOODS_0160_WI_2_validation,d_95,0.0,1.0,0.0,0.0,0.0,0.0,0.0,0.14285714285714285,0.2857142857142857,0.7818314824680298,0.6234898018587336,0.49999999999999994,-0.8660254037844387,1.0
FOODS_0160_WI_2_validation,d_96,1.0,0.0,1.0,0.0,0.0,0.0,0.0,0.2857142857142857,0.21428571428571427,0.9749279121818236,-0.22252093395631434,0.49999999999999994,-0.8660254037844387,0.0
FOODS_0160_WI_2_validation,d_97,0.0,1.0,0.0,1.0,0.0,0.0,0.0,0.2857142857142857,0.21428571428571427,0.43388373911755823,-0.900968867902419,0.49999999999999994,-0.8660254037844387,1.0
FOODS_0160_WI_2_validation,d_98,1.0,0.0,1.0,0.0,1.0,0.0,0.0,0.42857142857142855,0.2857142857142857,-0.433883739117558,-0.9009688679024191,0.49999999999999994,-0.8660254037844387,1.0
FOODS_0160_WI_2_validation,d_99,1.0,1.0,0.0,1.0,0.0,1.0,0.0,0.5714285714285714,0.35714285714285715,-0.9749279121818236,-0.2225209339563146,0.49999999999999994,-0.8660254037844387,0.0
FOODS_0160_WI_2_validation,d_100,0.0,1.0,1.0,0.0,1.0,0.0,1.0,0.5714285714285714,0.2857142857142857,-0.7818314824680299,0.6234898018587334,0.49999999999999994,-0.8660254037844387,0.0
FOODS_0160_WI_2_validation,d_101,0.0,0.0,1.0,1.0,0.0,1.0,0.0,0.42857142857142855,0.2857142857142857,0.0,1.0,0.49999999999999994,-0.8660254037844387,0.0
FOODS_0160_WI_2_validation,d_102,0.0,0.0,0.0,1.0,1.0,0.0,1.0,0.42857142857142855,0.2857142857142857,0.7818314824680298,0.6234898018587336,0.49999999999999994,-0.8660254037844387,0.0
FOODS_0160_WI_2_validation,d_103,0.0,0.0,0.0,0.0,1.0,1.0,0.0,0.2857142857142857,0.2857142857142857,0.9749279121818236,-0.22252093395631434,0.49999999999999994,-0.8660254037844387,0.0
FOODS_0160_WI_2_validation,d_104,0.0,0.0,0.0,0.0,0.0,1.0,1.0,0.2857142857142857,0.2857142857142857,0.43388373911755823,-0.900968867902419,0.49999999999999994,-0.8660254037844387,0.0
FOODS_0160_WI_2_validation,d_105,0.0,0.0,0.0,0.0,0.0,0.0,1.0,0.14285714285714285,0.2857142857142857,-0.433883739117558,-0.9009688679024191,0.49999999999999994,-0.8660254037844387,0.0
FOODS_0160_WI_2_validation,d_106,0.0,0.0,0.0,0.0,0.0,0.0,0.0,0.0,0.2857142857142857,-0.9749279121818236,-0.2225209339563146,0.49999999999999994,-0.8660254037844387,0.0
FOODS_0160_WI_2_validation,d_107,0.0,0.0,0.0,0.0,0.0,0.0,0.0,0.0,0.2857142857142857,-0.7818314824680299,0.6234898018587334,0.49999999999999994,-0.8660254037844387,0.0
FOODS_0160_WI_2_validation,d_108,0.0,0.0,0.0,0.0,0.0,0.0,0.0,0.0,0.21428571428571427,0.0,1.0,0.49999999999999994,-0.8660254037844387,1.0
FOODS_0160_WI_2_validation,d_109,1.0,0.0,0.0,0.0,0.0,0.0,0.0,0.14285714285714285,0.2857142857142857,0.7818314824680298,0.6234898018587336,0.49999999999999994,-0.8660254037844387,0.0
FOODS_0160_WI_2_validation,d_110,0.0,1.0,0.0,0.0,0.0,0.0,0.0,0.14285714285714285,0.21428571428571427,0.9749279121818236,-0.22252093395631434,0.49999999999999994,-0.8660254037844387,0.0
FOODS_0160_WI_2_validation,d_111,0.0,0.0,1.0,0.0,0.0,0.0,0.0,0.14285714285714285,0.21428571428571427,0.43388373911755823,-0.900968867902419,0.49999999999999994,-0.8660254037844387,0.0
FOODS_0160_WI_2_validation,d_112,0.0,0.0,0.0,1.0,0.0,0.0,0.0,0.14285714285714285,0.14285714285714285,-0.433883739117558,-0.9009688679024191,0.49999999999999994,-0.8660254037844387,0.0
FOODS_0160_WI_2_validation,d_113,0.0,0.0,0.0,0.0,1.0,0.0,0.0,0.14285714285714285,0.07142857142857142,-0.9749279121818236,-0.2225209339563146,0.49999999999999994,-0.8660254037844387,0.0
FOODS_0160_WI_2_validation,d_114,0.0,0.0,0.0,0.0,0.0,1.0,0.0,0.14285714285714285,0.07142857142857142,-0.7818314824680299,0.6234898018587334,0.49999999999999994,-0.8660254037844387,0.0
FOODS_0160_WI_2_validation,d_115,0.0,0.0,0.0,0.0,0.0,0.0,1.0,0.14285714285714285,0.07142857142857142,0.0,1.0,0.49999999999999994,-0.8660254037844387,0.0
FOODS_0160_WI_2_validation,d_116,0.0,0.0,0.0,0.0,0.0,0.0,0.0,0.0,0.07142857142857142,0.7818314824680298,0.6234898018587336,0.49999999999999994,-0.8660254037844387,0.0
HOBBIES_0165_TX_1_validation,d_50,0.0,0.0,0.0,0.0,0.0,1.0,1.0,0.2857142857142857,0.2857142857142857,-0.9749279121818236,-0.2225209339563146,1.0,6.123233995736766e-17,0.0
HOBBIES_0165_TX_1_validation,d_51,0.0,0.0,0.0,0.0,0.0,0.0,1.0,0.14285714285714285,0.21428571428571427,-0.7818314824680299,0.6234898018587334,1.0,6.123233995736766e-17,0.0
HOBBIES_0165_TX_1_validation,d_52,0.0,0.0,0.0,0.0,0.0,0.0,0.0,0.0,0.14285714285714285,0.0,1.0,1.0,6.123233995736766e-17,1.0
HOBBIES_0165_TX_1_validation,d_53,1.0,0.0,0.0,0.0,0.0,0.0,0.0,0.14285714285714285,0.21428571428571427,0.7818314824680298,0.6234898018587336,1.0,6.123233995736766e-17,1.0
HOBBIES_0165_TX_1_validation,d_54,1.0,1.0,0.0,0.0,0.0,0.0,0.0,0.2857142857142857,0.2857142857142857,0.9749279121818236,-0.22252093395631434,1.0,6.123233995736766e-17,0.0
HOBBIES_0165_TX_1_validation,d_55,0.0,1.0,1.0,0.0,0.0,0.0,0.0,0.2857142857142857,0.2857142857142857,0.43388373911755823,-0.900968867902419,1.0,6.123233995736766e-17,0.0
HOBBIES_0165_TX_1_validation,d_56,0.0,0.0,1.0,1.0,0.0,0.0,0.0,0.2857142857142857,0.2857142857142857,-0.433883739117558,-0.9009688679024191,1.0,6.123233995736766e-17,0.0
HOBBIES_0165_TX_1_validation,d_57,0.0,0.0,0.0,1.0,1.0,0.0,0.0,0.2857142857142857,0.2857142857142857,-0.9749279121818236,-0.2225209339563146,1.0,6.123233995736766e-17,0.0
HOBBIES_0165_TX_1_validation,d_58,0.0,0.0,0.0,0.0,1.0,1.0,0.0,0.2857142857142857,0.21428571428571427,-0.7818314824680299,0.6234898018587334,1.0,6.123233995736766e-17,0.0
HOBBIES_0165_TX_1_validation,d_59,0.0,0.0,0.0,0.0,0.0,1.0,1.0,0.2857142857142857,0.14285714285714285,0.0,1.0,1.0,6.123233995736766e-17,1.0
HOBBIES_0165_TX_1_validation,d_60,1.0,0.0,0.0,0.0,0.0,0.0,1.0,0.2857142857142857,0.21428571428571427,0.7818314824680298,0.6234898018587336,1.0,6.123233995736766e-17,1.0
HOBBIES_0165_TX_1_validation,d_61,1.0,1.0,0.0,0.0,0.0,0.0,0.0,0.2857142857142857,0.2857142857142857,0.9749279121818236,-0.22252093395631434,1.0,6.123233995736766e-17,2.0
HOBBIES_0165_TX_1_validation,d_62,2.0,1.0,1.0,0.0,0.0,0.0,0.0,0.5714285714285714,0.42857142857142855,0.43388373911755823,-0.900968867902419,1.0,6.123233995736766e-17,1.0
HOBBIES_0165_TX_1_validation,d_63,1.0,2.0,1.0,1.0,0.0,0.0,0.0,0.7142857142857143,0.5,-0.433883739117558,-0.9009688679024191,0.8660254037844387,-0.4999999999999998,1.0
HOBBIES_0165_TX_1_validation,d_64,1.0,1.0,2.0,1.0,1.0,0.0,0.0,0.8571428571428571,0.5714285714285714,-0.9749279121818236,-0.2225209339563146,0.8660254037844387,-0.4999999999999998,1.0
HOBBIES_0165_TX_1_validation,d_65,1.0,1.0,1.0,2.0,1.0,1.0,0.0,1.0,0.6428571428571429,-0.7818314824680299,0.6234898018587334,0.8660254037844387,-0.4999999999999998,1.0
HOBBIES_0165_TX_1_validation,d_66,1.0,1.0,1.0,1.0,2.0,1.0,1.0,1.1428571428571428,0.7142857142857143,0.0,1.0,0.8660254037844387,-0.4999999999999998,2.0
HOBBIES_0165_TX_1_validation,d_67,2.0,1.0,1.0,1.0,1.0,2.0,1.0,1.2857142857142858,0.7857142857142857,0.7818314824680298,0.6234898018587336,0.8660254037844387,-0.4999999999999998,0.0
HOBBIES_0165_TX_1_validation,d_68,0.0,2.0,1.0,1.0,1.0,1.0,2.0,1.1428571428571428,0.7142857142857143,0.9749279121818236,-0.22252093395631434,0.8660254037844387,-0.4999999999999998,0.0
HOBBIES_0165_TX_1_validation,d_69,0.0,0.0,2.0,1.0,1.0,1.0,1.0,0.8571428571428571,0.7142857142857143,0.43388373911755823,-0.900968867902419,0.8660254037844387,-0.4999999999999998,0.0
HOBBIES_0165_TX_1_validation,d_70,0.0,0.0,0.0,2.0,1.0,1.0,1.0,0.7142857142857143,0.7142857142857143,-0.433883739117558,-0.9009688679024191,0.8660254037844387,-0.4999999999999998,0.0
HOBBIES_0165_TX_1_validation,d_71,0.0,0.0,0.0,0.0,2.0,1.0,1.0,0.5714285714285714,0.7142857142857143,-0.9749279121818236,-0.2225209339563146,0.8660254037844387,-0.4999999999999998,0.0
HOBBIES_0165_TX_1_validation,d_72,0.0,0.0,0.0,0.0,0.0,2.0,1.0,0.42857142857142855,0.7142857142857143,-0.7818314824680299,0.6234898018587334,0.8660254037844387,-0.4999999999999998,0.0
HOBBIES_0165_TX_1_validation,d_73,0.0,0.0,0.0,0.0,0.0,0.0,2.0,0.2857142857142857,0.7142857142857143,0.0,1.0,0.8660254037844387,-0.4999999999999998,0.0
HOBBIES_0165_TX_1_validation,d_74,0.0,0.0,0.0,0.0,0.0,0.0,0.0,0.0,0.6428571428571429,0.7818314824680298,0.6234898018587336,0.8660254037844387,-0.4999999999999998,0.0
HOBBIES_0165_TX_1_validation,d_75,0.0,0.0,0.0,0.0,0.0,0.0,0.0,0.0,0.5714285714285714,0.9749279121818236,-0.22252093395631434,0.8660254037844387,-0.4999999999999998,0.0
HOBBIES_0165_TX_1_validation,d_76,0.0,0.0,0.0,0.0,0.0,0.0,0.0,0.0,0.42857142857142855,0.43388373911755823,-0.900968867902419,0.8660254037844387,-0.4999999999999998,0.0
HOBBIES_0165_TX_1_validation,d_77,0.0,0.0,0.0,0.0,0.0,0.0,0.0,0.0,0.35714285714285715,-0.433883739117558,-0.9009688679024191,0.8660254037844387,-0.4999999999999998,0.0
HOBBIES_0165_TX_1_validation,d_78,0.0,0.0,0.0,0.0,0.0,0.0,0.0,0.0,0.2857142857142857,-0.9749279121818236,-0.2225209339563146,0.8660254037844387,-0.4999999999999998,1.0
HOBBIES_0165_TX_1_validation,d_79,1.0,0.0,0.0,0.0,0.0,0.0,0.0,0.14285714285714285,0.2857142857142857,-0.7818314824680299,0.6234898018587334,0.8660254037844387,-0.4999999999999998,0.0
HOBBIES_0165_TX_1_validation,d_80,0.0,1.0,0.0,0.0,0.0,0.0,0.0,0.14285714285714285,0.21428571428571427,0.0,1.0,0.8660254037844387,-0.4999999999999998,0.0
HOBBIES_0165_TX_1_validation,d_81,0.0,0.0,1.0,0.0,0.0,0.0,0.0,0.14285714285714285,0.07142857142857142,0.7818314824680298,0.6234898018587336,0.8660254037844387,-0.4999999999999998,0.0
HOBBIES_0165_TX_1_validation,d_82,0.0,0.0,0.0,1.0,0.0,0.0,0.0,0.14285714285714285,0.07142857142857142,0.9749279121818236,-0.22252093395631434,0.8660254037844387,-0.4999999999999998,0.0
HOBBIES_0165_TX_1_validation,d_83,0.0,0.0,0.0,0.0,1.0,0.0,0.0,0.14285714285714285,0.07142857142857142,0.43388373911755823,-0.900968867902419,0.8660254037844387,-0.4999999999999998,0.0
HOBBIES_0165_TX_1_validation,d_84,0.0,0.0,0.0,0.0,0.0,1.0,0.0,0.14285714285714285,0.07142857142857142,-0.433883739117558,-0.9009688679024191,0.8660254037844387,-0.4999999999999998,0.0
HOBBIES_0165_TX_1_validation,d_85,0.0,0.0,0.0,0.0,0.0,0.0,1.0,0.14285714285714285,0.07142857142857142,-0.9749279121818236,-0.2225209339563146,0.8660254037844387,-0.4999999999999998,1.0
HOBBIES_0165_TX_1_validation,d_86,1.0,0.0,0.0,0.0,0.0,0.0,0.0,0.14285714285714285,0.14285714285714285,-0.7818314824680299,0.6234898018587334,0.8660254037844387,-0.4999999999999998,1.0
HOBBIES_0165_TX_1_validation,d_87,1.0,1.0,0.0,0.0,0.0,0.0,0.0,0.2857142857142857,0.21428571428571427,0.0,1.0,0.8660254037844387,-0.4999999999999998,0.0
HOBBIES_0165_TX_1_validation,d_88,0.0,1.0,1.0,0.0,0.0,0.0,0.0,0.2857142857142857,0.21428571428571427,0.7818314824680298,0.6234898018587336,0.8660254037844387,-0.4999999999999998,0.0
HOBBIES_0165_TX_1_validation,d_89,0.0,0.0,1.0,1.0,0.0,0.0,0.0,0.2857142857142857,0.21428571428571427,0.9749279121818236,-0.22252093395631434,0.8660254037844387,-0.4999999999999998,1.0
HOBBIES_0165_TX_1_validation,d_90,1.0,0.0,0.0,1.0,1.0,0.0,0.0,0.42857142857142855,0.2857142857142857,0.43388373911755823,-0.900968867902419,0.8660254037844387,-0.4999999999999998,0.0
HOBBIES_0165_TX_1_validation,d_91,0.0,1.0,0.0,0.0,1.0,1.0,0.0,0.42857142857142855,0.2857142857142857,-0.433883739117558,-0.9009688679024191,0.8660254037844387,-0.4999999999999998,0.0
HOBBIES_0165_TX_1_validation,d_92,0.0,0.0,1.0,0.0,0.0,1.0,1.0,0.42857142857142855,0.2857142857142857,-0.9749279121818236,-0.2225209339563146,0.8660254037844387,-0.4999999999999998,2.0
HOBBIES_0165_TX_1_validation,d_93,2.0,0.0,0.0,1.0,0.0,0.0,1.0,0.5714285714285714,0.35714285714285715,-0.7818314824680299,0.6234898018587334,0.49999999999999994,-0.8660254037844387,1.0
HOBBIES_0165_TX_1_validation,d_94,1.0,2.0,0.0,0.0,1.0,0.0,0.0,0.5714285714285714,0.42857142857142855,0.0,1.0,0.49999999999999994,-0.8660254037844387,0.0
HOBBIES_0165_TX_1_validation,d_95,0.0,1.0,2.0,0.0,0.0,1.0,0.0,0.5714285714285714,0.42857142857142855,0.7818314824680298,0.6234898018587336,0.49999999999999994,-0.8660254037844387,2.0
HOBBIES_0165_TX_1_validation,d_96,2.0,0.0,1.0,2.0,0.0,0.0,1.0,0.8571428571428571,0.5714285714285714,0.9749279121818236,-0.22252093395631434,0.49999999999999994,-0.8660254037844387,0.0
HOBBIES_0165_TX_1_validation,d_97,0.0,2.0,0.0,1.0,2.0,0.0,0.0,0.7142857142857143,0.5714285714285714,0.43388373911755823,-0.900968867902419,0.49999999999999994,-0.8660254037844387,0.0
HOBBIES_0165_TX_1_validation,d_98,0.0,0.0,2.0,0.0,1.0,2.0,0.0,0.7142857142857143,0.5714285714285714,-0.433883739117558,-0.9009688679024191,0.49999999999999994,-0.8660254037844387,0.0
HOBBIES_0165_TX_1_validation,d_99,0.0,0.0,0.0,2.0,0.0,1.0,2.0,0.7142857142857143,0.5714285714285714,-0.9749279121818236,-0.2225209339563146,0.49999999999999994,-0.8660254037844387,0.0
HOBBIES_0165_TX_1_validation,d_100,0.0,0.0,0.0,0.0,2.0,0.0,1.0,0.42857142857142855,0.5,-0.7818314824680299,0.6234898018587334,0.49999999999999994,-0.8660254037844387,1.0
HOBBIES_0165_TX_1_validation,d_101,1.0,0.0,0.0,0.0,0.0,2.0,0.0,0.42857142857142855,0.5,0.0,1.0,0.49999999999999994,-0.8660254037844387,2.0
HOBBIES_0165_TX_1_validation,d_102,2.0,1.0,0.0,0.0,0.0,0.0,2.0,0.7142857142857143,0.6428571428571429,0.7818314824680298,0.6234898018587336,0.49999999999999994,-0.8660254037844387,0.0
HOBBIES_0165_TX_1_validation,d_103,0.0,2.0,1.0,0.0,0.0,0.0,0.0,0.42857142857142855,0.6428571428571429,0.9749279121818236,-0.22252093395631434,0.49999999999999994,-0.8660254037844387,0.0
HOBBIES_0165_TX_1_validation,d_104,0.0,0.0,2.0,1.0,0.0,0.0,0.0,0.42857142857142855,0.5714285714285714,0.43388373911755823,-0.900968867902419,0.49999999999999994,-0.8660254037844387,0.0
HOBBIES_0165_TX_1_validation,d_105,0.0,0.0,0.0,2.0,1.0,0.0,0.0,0.42857142857142855,0.5714285714285714,-0.433883739117558,-0.9009688679024191,0.49999999999999994,-0.8660254037844387,0.0
HOBBIES_0165_TX_1_validation,d_106,0.0,0.0,0.0,0.0,2.0,1.0,0.0,0.42857142857142855,0.5714285714285714,-0.9749279121818236,-0.2225209339563146,0.49999999999999994,-0.8660254037844387,0.0
HOBBIES_0165_TX_1_validation,d_107,0.0,0.0,0.0,0.0,0.0,2.0,1.0,0.42857142857142855,0.42857142857142855,-0.7818314824680299,0.6234898018587334,0.49999999999999994,-0.8660254037844387,1.0
HOBBIES_0165_TX_1_validation,d_108,1.0,0.0,0.0,0.0,0.0,0.0,2.0,0.42857142857142855,0.42857142857142855,0.0,1.0,0.49999999999999994,-0.8660254037844387,2.0
HOBBIES_0165_TX_1_validation,d_109,2.0,1.0,0.0,0.0,0.0,0.0,0.0,0.42857142857142855,0.5714285714285714,0.7818314824680298,0.6234898018587336,0.49999999999999994,-0.8660254037844387,0.0
HOBBIES_0165_TX_1_validation,d_110,0.0,2.0,1.0,0.0,0.0,0.0,0.0,0.42857142857142855,0.42857142857142855,0.9749279121818236,-0.22252093395631434,0.49999999999999994,-0.8660254037844387,1.0
HOBBIES_0165_TX_1_validation,d_111,1.0,0.0,2.0,1.0,0.0,0.0,0.0,0.5714285714285714,0.5,0.43388373911755823,-0.900968867902419,0.49999999999999994,-0.8660254037844387,0.0
HOBBIES_0165_TX_1_validation,d_112,0.0,1.0,0.0,2.0,1.0,0.0,0.0,0.5714285714285714,0.5,-0.433883739117558,-0.9009688679024191,0.49999999999999994,-0.8660254037844387,0.0
HOBBIES_0165_TX_1_validation,d_113,0.0,0.0,1.0,0.0,2.0,1.0,0.0,0.5714285714285714,0.5,-0.9749279121818236,-0.2225209339563146,0.49999999999999994,-0.8660254037844387,1.0
HOBBIES_0165_TX_1_validation,d_114,1.0,0.0,0.0,1.0,0.0,2.0,1.0,0.7142857142857143,0.5714285714285714,-0.7818314824680299,0.6234898018587334,0.49999999999999994,-0.8660254037844387,3.0
HOBBIES_0165_TX_1_validation,d_115,3.0,1.0,0.0,0.0,1.0,0.0,2.0,1.0,0.7142857142857143,0.0,1.0,0.49999999999999994,-0.8660254037844387,4.0
HOBBIES_0165_TX_1_validation,d_116,4.0,3.0,1.0,0.0,0.0,1.0,0.0,1.2857142857142858,0.8571428571428571,0.7818314824680298,0.6234898018587336,0.49999999999999994,-0.8660254037844387,1.0
FOODS_0169_WI_2_validation,d_50,0.0,0.0,0.0,1.0,0.0,0.0,0.0,0.14285714285714285,0.14285714285714285,-0.9749279121818236,-0.2225209339563146,1.0,6.123233995736766e-17,0.0
FOODS_0169_WI_2_validation,d_51,0.0,0.0,0.0,0.0,1.0,0.0,0.0,0.14285714285714285,0.14285714285714285,-0.7818314824680299,0.6234898018587334,1.0,6.123233995736766e-17,0.0
FOODS_0169_WI_2_validation,d_52,0.0,0.0,0.0,0.0,0.0,1.0,0.0,0.14285714285714285,0.14285714285714285,0.0,1.0,1.0,6.123233995736766e-17,2.0
FOODS_0169_WI_2_validation,d_53,2.0,0.0,0.0,0.0,0.0,0.0,1.0,0.42857142857142855,0.2857142857142857,0.7818314824680298,0.6234898018587336,1.0,6.123233995736766e-17,0.0
FOODS_0169_WI_2_validation,d_54,0.0,2.0,0.0,0.0,0.0,0.0,0.0,0.2857142857142857,0.21428571428571427,0.9749279121818236,-0.22252093395631434,1.0,6.123233995736766e-17,0.0
FOODS_0169_WI_2_validation,d_55,0.0,0.0,2.0,0.0,0.0,0.0,0.0,0.2857142857142857,0.21428571428571427,0.43388373911755823,-0.900968867902419,1.0,6.123233995736766e-17,0.0
FOODS_0169_WI_2_validation,d_56,0.0,0.0,0.0,2.0,0.0,0.0,0.0,0.2857142857142857,0.21428571428571427,-0.433883739117558,-0.9009688679024191,1.0,6.123233995736766e-17,0.0
FOODS_0169_WI_2_validation,d_57,0.0,0.0,0.0,0.0,2.0,0.0,0.0,0.2857142857142857,0.21428571428571427,-0.9749279121818236,-0.2225209339563146,1.0,6.123233995736766e-17,0.0
FOODS_0169_WI_2_validation,d_58,0.0,0.0,0.0,0.0,0.0,2.0,0.0,0.2857142857142857,0.21428571428571427,-0.7818314824680299,0.6234898018587334,1.0,6.123233995736766e-17,1.0
FOODS_0169_WI_2_validation,d_59,1.0,0.0,0.0,0.0,0.0,0.0,2.0,0.42857142857142855,0.2857142857142857,0.0,1.0,1.0,6.123233995736766e-17,0.0
FOODS_0169_WI_2_validation,d_60,0.0,1.0,0.0,0.0,0.0,0.0,0.0,0.14285714285714285,0.2857142857142857,0.7818314824680298,0.6234898018587336,1.0,6.123233995736766e-17,2.0
FOODS_0169_WI_2_validation,d_61,2.0,0.0,1.0,0.0,0.0,0.0,0.0,0.42857142857142855,0.35714285714285715,0.9749279121818236,-0.22252093395631434,1.0,6.123233995736766e-17,0.0
FOODS_0169_WI_2_validation,d_62,0.0,2.0,0.0,1.0,0.0,0.0,0.0,0.42857142857142855,0.35714285714285715,0.43388373911755823,-0.900968867902419,1.0,6.123233995736766e-17,0.0
FOODS_0169_WI_2_validation,d_63,0.0,0.0,2.0,0.0,1.0,0.0,0.0,0.42857142857142855,0.35714285714285715,-0.433883739117558,-0.9009688679024191,0.8660254037844387,-0.4999999999999998,0.0
FOODS_0169_WI_2_validation,d_64,0.0,0.0,0.0,2.0,0.0,1.0,0.0,0.42857142857142855,0.35714285714285715,-0.9749279121818236,-0.2225209339563146,0.8660254037844387,-0.4999999999999998,0.0
FOODS_0169_WI_2_validation,d_65,0.0,0.0,0.0,0.0,2.0,0.0,1.0,0.42857142857142855,0.35714285714285715,-0.7818314824680299,0.6234898018587334,0.8660254037844387,-0.4999999999999998,0.0
FOODS_0169_WI_2_validation,d_66,0.0,0.0,0.0,0.0,0.0,2.0,0.0,0.2857142857142857,0.35714285714285715,0.0,1.0,0.8660254037844387,-0.4999999999999998,0.0
FOODS_0169_WI_2_validation,d_67,0.0,0.0,0.0,0.0,0.0,0.0,2.0,0.2857142857142857,0.21428571428571427,0.7818314824680298,0.6234898018587336,0.8660254037844387,-0.4999999999999998,0.0
FOODS_0169_WI_2_validation,d_68,0.0,0.0,0.0,0.0,0.0,0.0,0.0,0.0,0.21428571428571427,0.9749279121818236,-0.22252093395631434,0.8660254037844387,-0.4999999999999998,0.0
FOODS_0169_WI_2_validation,d_69,0.0,0.0,0.0,0.0,0.0,0.0,0.0,0.0,0.21428571428571427,0.43388373911755823,-0.900968867902419,0.8660254037844387,-0.4999999999999998,0.0
FOODS_0169_WI_2_validation,d_70,0.0,0.0,0.0,0.0,0.0,0.0,0.0,0.0,0.21428571428571427,-0.433883739117558,-0.9009688679024191,0.8660254037844387,-0.4999999999999998,0.0
FOODS_0169_WI_2_validation,d_71,0.0,0.0,0.0,0.0,0.0,0.0,0.0,0.0,0.21428571428571427,-0.9749279121818236,-0.2225209339563146,0.8660254037844387,-0.4999999999999998,0.0
FOODS_0169_WI_2_validation,d_72,0.0,0.0,0.0,0.0,0.0,0.0,0.0,0.0,0.21428571428571427,-0.7818314824680299,0.6234898018587334,0.8660254037844387,-0.4999999999999998,0.0
FOODS_0169_WI_2_validation,d_73,0.0,0.0,0.0,0.0,0.0,0.0,0.0,0.0,0.14285714285714285,0.0,1.0,0.8660254037844387,-0.4999999999999998,0.0
FOODS_0169_WI_2_validation,d_74,0.0,0.0,0.0,0.0,0.0,0.0,0.0,0.0,0.14285714285714285,0.7818314824680298,0.6234898018587336,0.8660254037844387,-0.4999999999999998,0.0
FOODS_0169_WI_2_validation,d_75,0.0,0.0,0.0,0.0,0.0,0.0,0.0,0.0,0.0,0.9749279121818236,-0.22252093395631434,0.8660254037844387,-0.4999999999999998,0.0
FOODS_0169_WI_2_validation,d_76,0.0,0.0,0.0,0.0,0.0,0.0,0.0,0.0,0.0,0.43388373911755823,-0.900968867902419,0.8660254037844387,-0.4999999999999998,0.0
FOODS_0169_WI_2_validation,d_77,0.0,0.0,0.0,0.0,0.0,0.0,0.0,0.0,0.0,-0.433883739117558,-0.9009688679024191,0.8660254037844387,-0.4999999999999998,0.0
FOODS_0169_WI_2_validation,d_78,0.0,0.0,0.0,0.0,0.0,0.0,0.0,0.0,0.0,-0.9749279121818236,-0.2225209339563146,0.8660254037844387,-0.4999999999999998,0.0
FOODS_0169_WI_2_validation,d_79,0.0,0.0,0.0,0.0,0.0,0.0,0.0,0.0,0.0,-0.7818314824680299,0.6234898018587334,0.8660254037844387,-0.4999999999999998,0.0
FOODS_0169_WI_2_validation,d_80,0.0,0.0,0.0,0.0,0.0,0.0,0.0,0.0,0.0,0.0,1.0,0.8660254037844387,-0.4999999999999998,0.0
FOODS_0169_WI_2_validation,d_81,0.0,0.0,0.0,0.0,0.0,0.0,0.0,0.0,0.0,0.7818314824680298,0.6234898018587336,0.8660254037844387,-0.4999999999999998,0.0
FOODS_0169_WI_2_validation,d_82,0.0,0.0,0.0,0.0,0.0,0.0,0.0,0.0,0.0,0.9749279121818236,-0.22252093395631434,0.8660254037844387,-0.4999999999999998,0.0
FOODS_0169_WI_2_validation,d_83,0.0,0.0,0.0,0.0,0.0,0.0,0.0,0.0,0.0,0.43388373911755823,-0.900968867902419,0.8660254037844387,-0.4999999999999998,0.0
FOODS_0169_WI_2_validation,d_84,0.0,0.0,0.0,0.0,0.0,0.0,0.0,0.0,0.0,-0.433883739117558,-0.9009688679024191,0.8660254037844387,-0.4999999999999998,0.0
FOODS_0169_WI_2_validation,d_85,0.0,0.0,0.0,0.0,0.0,0.0,0.0,0.0,0.0,-0.9749279121818236,-0.2225209339563146,0.8660254037844387,-0.4999999999999998,0.0
FOODS_0169_WI_2_validation,d_86,0.0,0.0,0.0,0.0,0.0,0.0,0.0,0.0,0.0,-0.7818314824680299,0.6234898018587334,0.8660254037844387,-0.4999999999999998,0.0
FOODS_0169_WI_2_validation,d_87,0.0,0.0,0.0,0.0,0.0,0.0,0.0,0.0,0.0,0.0,1.0,0.8660254037844387,-0.4999999999999998,0.0
FOODS_0169_WI_2_validation,d_88,0.0,0.0,0.0,0.0,0.0,0.0,0.0,0.0,0.0,0.7818314824680298,0.6234898018587336,0.8660254037844387,-0.4999999999999998,1.0
FOODS_0169_WI_2_validation,d_89,1.0,0.0,0.0,0.0,0.0,0.0,0.0,0.14285714285714285,0.07142857142857142,0.9749279121818236,-0.22252093395631434,0.8660254037844387,-0.4999999999999998,0.0
FOODS_0169_WI_2_validation,d_90,0.0,1.0,0.0,0.0,0.0,0.0,0.0,0.14285714285714285,0.07142857142857142,0.43388373911755823,-0.900968867902419,0.8660254037844387,-0.4999999999999998,0.0
FOODS_0169_WI_2_validation,d_91,0.0,0.0,1.0,0.0,0.0,0.0,0.0,0.14285714285714285,0.07142857142857142,-0.433883739117558,-0.9009688679024191,0.8660254037844387,-0.4999999999999998,0.0
FOODS_0169_WI_2_validation,d_92,0.0,0.0,0.0,1.0,0.0,0.0,0.0,0.14285714285714285,0.07142857142857142,-0.9749279121818236,-0.2225209339563146,0.8660254037844387,-0.4999999999999998,1.0
FOODS_0169_WI_2_validation,d_93,1.0,0.0,0.0,0.0,1.0,0.0,0.0,0.2857142857142857,0.14285714285714285,-0.7818314824680299,0.6234898018587334,0.49999999999999994,-0.8660254037844387,0.0
FOODS_0169_WI_2_validation,d_94,0.0,1.0,0.0,0.0,0.0,1.0,0.0,0.2857142857142857,0.14285714285714285,0.0,1.0,0.49999999999999994,-0.8660254037844387,0.0
FOODS_0169_WI_2_validation,d_95,0.0,0.0,1.0,0.0,0.0,0.0,1.0,0.2857142857142857,0.14285714285714285,0.7818314824680298,0.6234898018587336,0.49999999999999994,-0.8660254037844387,0.0
FOODS_0169_WI_2_validation,d_96,0.0,0.0,0.0,1.0,0.0,0.0,0.0,0.14285714285714285,0.14285714285714285,0.9749279121818236,-0.22252093395631434,0.49999999999999994,-0.8660254037844387,0.0
FOODS_0169_WI_2_validation,d_97,0.0,0.0,0.0,0.0,1.0,0.0,0.0,0.14285714285714285,0.14285714285714285,0.43388373911755823,-0.900968867902419,0.49999999999999994,-0.8660254037844387,0.0
FOODS_0169_WI_2_validation,d_98,0.0,0.0,0.0,0.0,0.0,1.0,0.0,0.14285714285714285,0.14285714285714285,-0.433883739117558,-0.9009688679024191,0.49999999999999994,-0.8660254037844387,0.0
FOODS_0169_WI_2_validation,d_99,0.0,0.0,0.0,0.0,0.0,0.0,1.0,0.14285714285714285,0.14285714285714285,-0.9749279121818236,-0.2225209339563146,0.49999999999999994,-0.8660254037844387,0.0
FOODS_0169_WI_2_validation,d_100,0.0,0.0,0.0,0.0,0.0,0.0,0.0,0.0,0.14285714285714285,-0.7818314824680299,0.6234898018587334,0.49999999999999994,-0.8660254037844387,0.0
FOODS_0169_WI_2_validation,d_101,0.0,0.0,0.0,0.0,0.0,0.0,0.0,0.0,0.14285714285714285,0.0,1.0,0.49999999999999994,-0.8660254037844387,0.0
FOODS_0169_WI_2_validation,d_102,0.0,0.0,0.0,0.0,0.0,0.0,0.0,0.0,0.14285714285714285,0.7818314824680298,0.6234898018587336,0.49999999999999994,-0.8660254037844387,1.0
FOODS_0169_WI_2_validation,d_103,1.0,0.0,0.0,0.0,0.0,0.0,0.0,0.14285714285714285,0.14285714285714285,0.9749279121818236,-0.22252093395631434,0.49999999999999994,-0.8660254037844387,0.0
FOODS_0169_WI_2_validation,d_104,0.0,1.0,0.0,0.0,0.0,0.0,0.0,0.14285714285714285,0.14285714285714285,0.43388373911755823,-0.900968867902419,0.49999999999999994,-0.8660254037844387,0.0
FOODS_0169_WI_2_validation,d_105,0.0,0.0,1.0,0.0,0.0,0.0,0.0,0.14285714285714285,0.14285714285714285,-0.433883739117558,-0.9009688679024191,0.49999999999999994,-0.8660254037844387,0.0
FOODS_0169_WI_2_validation,d_106,0.0,0.0,0.0,1.0,0.0,0.0,0.0,0.14285714285714285,0.14285714285714285,-0.9749279121818236,-0.2225209339563146,0.49999999999999994,-0.8660254037844387,0.0
FOODS_0169_WI_2_validation,d_107,0.0,0.0,0.0,0.0,1.0,0.0,0.0,0.14285714285714285,0.07142857142857142,-0.7818314824680299,0.6234898018587334,0.49999999999999994,-0.8660254037844387,0.0
FOODS_0169_WI_2_validation,d_108,0.0,0.0,0.0,0.0,0.0,1.0,0.0,0.14285714285714285,0.07142857142857142,0.0,1.0,0.49999999999999994,-0.8660254037844387,0.0
FOODS_0169_WI_2_validation,d_109,0.0,0.0,0.0,0.0,0.0,0.0,1.0,0.14285714285714285,0.07142857142857142,0.7818314824680298,0.6234898018587336,0.49999999999999994,-0.8660254037844387,0.0
FOODS_0169_WI_2_validation,d_110,0.0,0.0,0.0,0.0,0.0,0.0,0.0,0.0,0.07142857142857142,0.9749279121818236,-0.22252093395631434,0.49999999999999994,-0.8660254037844387,0.0
FOODS_0169_WI_2_validation,d_111,0.0,0.0,0.0,0.0,0.0,0.0,0.0,0.0,0.07142857142857142,0.43388373911755823,-0.900968867902419,0.49999999999999994,-0.8660254037844387,0.0
FOODS_0169_WI_2_validation,d_112,0.0,0.0,0.0,0.0,0.0,0.0,0.0,0.0,0.07142857142857142,-0.433883739117558,-0.9009688679024191,0.49999999999999994,-0.8660254037844387,0.0
FOODS_0169_WI_2_validation,d_113,0.0,0.0,0.0,0.0,0.0,0.0,0.0,0.0,0.07142857142857142,-0.9749279121818236,-0.2225209339563146,0.49999999999999994,-0.8660254037844387,0.0
FOODS_0169_WI_2_validation,d_114,0.0,0.0,0.0,0.0,0.0,0.0,0.0,0.0,0.07142857142857142,-0.7818314824680299,0.6234898018587334,0.49999999999999994,-0.8660254037844387,1.0
FOODS_0169_WI_2_validation,d_115,1.0,0.0,0.0,0.0,0.0,0.0,0.0,0.14285714285714285,0.14285714285714285,0.0,1.0,0.49999999999999994,-0.8660254037844387,1.0
FOODS_0169_WI_2_validation,d_116,1.0,1.0,0.0,0.0,0.0,0.0,0.0,0.2857142857142857,0.21428571428571427,0.7818314824680298,0.6234898018587336,0.49999999999999994,-0.8660254037844387,1.0
FOODS_0175_TX_2_validation,d_50,1.0,1.0,1.0,1.0,1.0,0.0,0.0,0.7142857142857143,0.5,-0.9749279121818236,-0.2225209339563146,1.0,6.123233995736766e-17,0.0
FOODS_0175_TX_2_validation,d_51,0.0,1.0,1.0,1.0,1.0,1.0,0.0,0.7142857142857143,0.5,-0.7818314824680299,0.6234898018587334,1.0,6.123233995736766e-17,1.0
FOODS_0175_TX_2_validation,d_52,1.0,0.0,1.0,1.0,1.0,1.0,1.0,0.8571428571428571,0.5,0.0,1.0,1.0,6.123233995736766e-17,0.0
FOODS_0175_TX_2_validation,d_53,0.0,1.0,0.0,1.0,1.0,1.0,1.0,0.7142857142857143,0.5,0.7818314824680298,0.6234898018587336,1.0,6.123233995736766e-17,1.0
FOODS_0175_TX_2_validation,d_54,1.0,0.0,1.0,0.0,1.0,1.0,1.0,0.7142857142857143,0.5714285714285714,0.9749279121818236,-0.22252093395631434,1.0,6.123233995736766e-17,1.0
FOODS_0175_TX_2_validation,d_55,1.0,1.0,0.0,1.0,0.0,1.0,1.0,0.7142857142857143,0.5714285714285714,0.43388373911755823,-0.900968867902419,1.0,6.123233995736766e-17,0.0
FOODS_0175_TX_2_validation,d_56,0.0,1.0,1.0,0.0,1.0,0.0,1.0,0.5714285714285714,0.5714285714285714,-0.433883739117558,-0.9009688679024191,1.0,6.123233995736766e-17,0.0
FOODS_0175_TX_2_validation,d_57,0.0,0.0,1.0,1.0,0.0,1.0,0.0,0.42857142857142855,0.5714285714285714,-0.9749279121818236,-0.2225209339563146,1.0,6.123233995736766e-17,0.0
FOODS_0175_TX_2_validation,d_58,0.0,0.0,0.0,1.0,1.0,0.0,1.0,0.42857142857142855,0.5714285714285714,-0.7818314824680299,0.6234898018587334,1.0,6.123233995736766e-17,1.0
FOODS_0175_TX_2_validation,d_59,1.0,0.0,0.0,0.0,1.0,1.0,0.0,0.42857142857142855,0.6428571428571429,0.0,1.0,1.0,6.123233995736766e-17,1.0
FOODS_0175_TX_2_validation,d_60,1.0,1.0,0.0,0.0,0.0,1.0,1.0,0.5714285714285714,0.6428571428571429,0.7818314824680298,0.6234898018587336,1.0,6.123233995736766e-17,1.0
FOODS_0175_TX_2_validation,d_61,1.0,1.0,1.0,0.0,0.0,0.0,1.0,0.5714285714285714,0.6428571428571429,0.9749279121818236,-0.22252093395631434,1.0,6.123233995736766e-17,0.0
FOODS_0175_TX_2_validation,d_62,0.0,1.0,1.0,1.0,0.0,0.0,0.0,0.42857142857142855,0.5714285714285714,0.43388373911755823,-0.900968867902419,1.0,6.123233995736766e-17,0.0
FOODS_0175_TX_2_validation,d_63,0.0,0.0,1.0,1.0,1.0,0.0,0.0,0.42857142857142855,0.5,-0.433883739117558,-0.9009688679024191,0.8660254037844387,-0.4999999999999998,0.0
FOODS_0175_TX_2_validation,d_64,0.0,0.0,0.0,1.0,1.0,1.0,0.0,0.42857142857142855,0.42857142857142855,-0.9749279121818236,-0.2225209339563146,0.8660254037844387,-0.4999999999999998,1.0
FOODS_0175_TX_2_validation,d_65,1.0,0.0,0.0,0.0,1.0,1.0,1.0,0.5714285714285714,0.5,-0.7818314824680299,0.6234898018587334,0.8660254037844387,-0.4999999999999998,0.0
FOODS_0175_TX_2_validation,d_66,0.0,1.0,0.0,0.0,0.0,1.0,1.0,0.42857142857142855,0.42857142857142855,0.0,1.0,0.8660254037844387,-0.4999999999999998,1.0
FOODS_0175_TX_2_validation,d_67,1.0,0.0,1.0,0.0,0.0,0.0,1.0,0.42857142857142855,0.5,0.7818314824680298,0.6234898018587336,0.8660254037844387,-0.4999999999999998,0.0
FOODS_0175_TX_2_validation,d_68,0.0,1.0,0.0,1.0,0.0,0.0,0.0,0.2857142857142857,0.42857142857142855,0.9749279121818236,-0.22252093395631434,0.8660254037844387,-0.4999999999999998,0.0
FOODS_0175_TX_2_validation,d_69,0.0,0.0,1.0,0.0,1.0,0.0,0.0,0.2857142857142857,0.35714285714285715,0.43388373911755823,-0.900968867902419,0.8660254037844387,-0.4999999999999998,0.0
FOODS_0175_TX_2_validation,d_70,0.0,0.0,0.0,1.0,0.0,1.0,0.0,0.2857142857142857,0.35714285714285715,-0.433883739117558,-0.9009688679024191,0.8660254037844387,-0.4999999999999998,0.0
FOODS_0175_TX_2_validation,d_71,0.0,0.0,0.0,0.0,1.0,0.0,1.0,0.2857142857142857,0.35714285714285715,-0.9749279121818236,-0.2225209339563146,0.8660254037844387,-0.4999999999999998,1.0
FOODS_0175_TX_2_validation,d_72,1.0,0.0,0.0,0.0,0.0,1.0,0.0,0.2857142857142857,0.42857142857142855,-0.7818314824680299,0.6234898018587334,0.8660254037844387,-0.4999999999999998,0.0
FOODS_0175_TX_2_validation,d_73,0.0,1.0,0.0,0.0,0.0,0.0,1.0,0.2857142857142857,0.35714285714285715,0.0,1.0,0.8660254037844387,-0.4999999999999998,1.0
FOODS_0175_TX_2_validation,d_74,1.0,0.0,1.0,0.0,0.0,0.0,0.0,0.2857142857142857,0.35714285714285715,0.7818314824680298,0.6234898018587336,0.8660254037844387,-0.4999999999999998,4.0
FOODS_0175_TX_2_validation,d_75,4.0,1.0,0.0,1.0,0.0,0.0,0.0,0.8571428571428571,0.5714285714285714,0.9749279121818236,-0.22252093395631434,0.8660254037844387,-0.4999999999999998,0.0
FOODS_0175_TX_2_validation,d_76,0.0,4.0,1.0,0.0,1.0,0.0,0.0,0.8571428571428571,0.5714285714285714,0.43388373911755823,-0.900968867902419,0.8660254037844387,-0.4999999999999998,0.0
FOODS_0175_TX_2_validation,d_77,0.0,0.0,4.0,1.0,0.0,1.0,0.0,0.8571428571428571,0.5714285714285714,-0.433883739117558,-0.9009688679024191,0.8660254037844387,-0.4999999999999998,0.0
FOODS_0175_TX_2_validation,d_78,0.0,0.0,0.0,4.0,1.0,0.0,1.0,0.8571428571428571,0.5714285714285714,-0.9749279121818236,-0.2225209339563146,0.8660254037844387,-0.4999999999999998,0.0
FOODS_0175_TX_2_validation,d_79,0.0,0.0,0.0,0.0,4.0,1.0,0.0,0.7142857142857143,0.5,-0.7818314824680299,0.6234898018587334,0.8660254037844387,-0.4999999999999998,1.0
FOODS_0175_TX_2_validation,d_80,1.0,0.0,0.0,0.0,0.0,4.0,1.0,0.8571428571428571,0.5714285714285714,0.0,1.0,0.8660254037844387,-0.4999999999999998,0.0
FOODS_0175_TX_2_validation,d_81,0.0,1.0,0.0,0.0,0.0,0.0,4.0,0.7142857142857143,0.5,0.7818314824680298,0.6234898018587336,0.8660254037844387,-0.4999999999999998,3.0
FOODS_0175_TX_2_validation,d_82,3.0,0.0,1.0,0.0,0.0,0.0,0.0,0.5714285714285714,0.7142857142857143,0.9749279121818236,-0.22252093395631434,0.8660254037844387,-0.4999999999999998,0.0
FOODS_0175_TX_2_validation,d_83,0.0,3.0,0.0,1.0,0.0,0.0,0.0,0.5714285714285714,0.7142857142857143,0.43388373911755823,-0.900968867902419,0.8660254037844387,-0.4999999999999998,1.0
FOODS_0175_TX_2_validation,d_84,1.0,0.0,3.0,0.0,1.0,0.0,0.0,0.7142857142857143,0.7857142857142857,-0.433883739117558,-0.9009688679024191,0.8660254037844387,-0.4999999999999998,0.0
FOODS_0175_TX_2_validation,d_85,0.0,1.0,0.0,3.0,0.0,1.0,0.0,0.7142857142857143,0.7857142857142857,-0.9749279121818236,-0.2225209339563146,0.8660254037844387,-0.4999999999999998,0.0
FOODS_0175_TX_2_validation,d_86,0.0,0.0,1.0,0.0,3.0,0.0,1.0,0.7142857142857143,0.7142857142857143,-0.7818314824680299,0.6234898018587334,0.8660254037844387,-0.4999999999999998,1.0
FOODS_0175_TX_2_validation,d_87,1.0,0.0,0.0,1.0,0.0,3.0,0.0,0.7142857142857143,0.7857142857142857,0.0,1.0,0.8660254037844387,-0.4999999999999998,0.0
FOODS_0175_TX_2_validation,d_88,0.0,1.0,0.0,0.0,1.0,0.0,3.0,0.7142857142857143,0.7142857142857143,0.7818314824680298,0.6234898018587336,0.8660254037844387,-0.4999999999999998,0.0
FOODS_0175_TX_2_validation,d_89,0.0,0.0,1.0,0.0,0.0,1.0,0.0,0.2857142857142857,0.42857142857142855,0.9749279121818236,-0.22252093395631434,0.8660254037844387,-0.4999999999999998,0.0
FOODS_0175_TX_2_validation,d_90,0.0,0.0,0.0,1.0,0.0,0.0,1.0,0.2857142857142857,0.42857142857142855,0.43388373911755823,-0.900968867902419,0.8660254037844387,-0.4999999999999998,0.0
FOODS_0175_TX_2_validation,d_91,0.0,0.0,0.0,0.0,1.0,0.0,0.0,0.14285714285714285,0.42857142857142855,-0.433883739117558,-0.9009688679024191,0.8660254037844387,-0.4999999999999998,0.0
FOODS_0175_TX_2_validation,d_92,0.0,0.0,0.0,0.0,0.0,1.0,0.0,0.14285714285714285,0.42857142857142855,-0.9749279121818236,-0.2225209339563146,0.8660254037844387,-0.4999999999999998,0.0
FOODS_0175_TX_2_validation,d_93,0.0,0.0,0.0,0.0,0.0,0.0,1.0,0.14285714285714285,0.42857142857142855,-0.7818314824680299,0.6234898018587334,0.49999999999999994,-0.8660254037844387,0.0
FOODS_0175_TX_2_validation,d_94,0.0,0.0,0.0,0.0,0.0,0.0,0.0,0.0,0.35714285714285715,0.0,1.0,0.49999999999999994,-0.8660254037844387,0.0
FOODS_0175_TX_2_validation,d_95,0.0,0.0,0.0,0.0,0.0,0.0,0.0,0.0,0.35714285714285715,0.7818314824680298,0.6234898018587336,0.49999999999999994,-0.8660254037844387,0.0
FOODS_0175_TX_2_validation,d_96,0.0,0.0,0.0,0.0,0.0,0.0,0.0,0.0,0.14285714285714285,0.9749279121818236,-0.22252093395631434,0.49999999999999994,-0.8660254037844387,1.0
FOODS_0175_TX_2_validation,d_97,1.0,0.0,0.0,0.0,0.0,0.0,0.0,0.14285714285714285,0.21428571428571427,0.43388373911755823,-0.900968867902419,0.49999999999999994,-0.8660254037844387,1.0
FOODS_0175_TX_2_validation,d_98,1.0,1.0,0.0,0.0,0.0,0.0,0.0,0.2857142857142857,0.21428571428571427,-0.433883739117558,-0.9009688679024191,0.49999999999999994,-0.8660254037844387,0.0
FOODS_0175_TX_2_validation,d_99,0.0,1.0,1.0,0.0,0.0,0.0,0.0,0.2857142857142857,0.21428571428571427,-0.9749279121818236,-0.2225209339563146,0.49999999999999994,-0.8660254037844387,1.0
FOODS_0175_TX_2_validation,d_100,1.0,0.0,1.0,1.0,0.0,0.0,0.0,0.42857142857142855,0.2857142857142857,-0.7818314824680299,0.6234898018587334,0.49999999999999994,-0.8660254037844387,1.0
FOODS_0175_TX_2_validation,d_101,1.0,1.0,0.0,1.0,1.0,0.0,0.0,0.5714285714285714,0.2857142857142857,0.0,1.0,0.49999999999999994,-0.8660254037844387,0.0
FOODS_0175_TX_2_validation,d_102,0.0,1.0,1.0,0.0,1.0,1.0,0.0,0.5714285714285714,0.2857142857142857,0.7818314824680298,0.6234898018587336,0.49999999999999994,-0.8660254037844387,0.0
FOODS_0175_TX_2_validation,d_103,0.0,0.0,1.0,1.0,0.0,1.0,1.0,0.5714285714285714,0.2857142857142857,0.9749279121818236,-0.22252093395631434,0.49999999999999994,-0.8660254037844387,0.0
FOODS_0175_TX_2_validation,d_104,0.0,0.0,0.0,1.0,1.0,0.0,1.0,0.42857142857142855,0.2857142857142857,0.43388373911755823,-0.900968867902419,0.49999999999999994,-0.8660254037844387,0.0
FOODS_0175_TX_2_validation,d_105,0.0,0.0,0.0,0.0,1.0,1.0,0.0,0.2857142857142857,0.2857142857142857,-0.433883739117558,-0.9009688679024191,0.49999999999999994,-0.8660254037844387,0.0
FOODS_0175_TX_2_validation,d_106,0.0,0.0,0.0,0.0,0.0,1.0,1.0,0.2857142857142857,0.2857142857142857,-0.9749279121818236,-0.2225209339563146,0.49999999999999994,-0.8660254037844387,0.0
FOODS_0175_TX_2_validation,d_107,0.0,0.0,0.0,0.0,0.0,0.0,1.0,0.14285714285714285,0.2857142857142857,-0.7818314824680299,0.6234898018587334,0.49999999999999994,-0.8660254037844387,1.0
FOODS_0175_TX_2_validation,d_108,1.0,0.0,0.0,0.0,0.0,0.0,0.0,0.14285714285714285,0.35714285714285715,0.0,1.0,0.49999999999999994,-0.8660254037844387,0.0
FOODS_0175_TX_2_validation,d_109,0.0,1.0,0.0,0.0,0.0,0.0,0.0,0.14285714285714285,0.35714285714285715,0.7818314824680298,0.6234898018587336,0.49999999999999994,-0.8660254037844387,1.0
FOODS_0175_TX_2_validation,d_110,1.0,0.0,1.0,0.0,0.0,0.0,0.0,0.2857142857142857,0.42857142857142855,0.9749279121818236,-0.22252093395631434,0.49999999999999994,-0.8660254037844387,0.0
FOODS_0175_TX_2_validation,d_111,0.0,1.0,0.0,1.0,0.0,0.0,0.0,0.2857142857142857,0.35714285714285715,0.43388373911755823,-0.900968867902419,0.49999999999999994,-0.8660254037844387,0.0
FOODS_0175_TX_2_validation,d_112,0.0,0.0,1.0,0.0,1.0,0.0,0.0,0.2857142857142857,0.2857142857142857,-0.433883739117558,-0.9009688679024191,0.49999999999999994,-0.8660254037844387,0.0
FOODS_0175_TX_2_validation,d_113,0.0,0.0,0.0,1.0,0.0,1.0,0.0,0.2857142857142857,0.2857142857142857,-0.9749279121818236,-0.2225209339563146,0.49999999999999994,-0.8660254037844387,0.0
FOODS_0175_TX_2_validation,d_114,0.0,0.0,0.0,0.0,1.0,0.0,1.0,0.2857142857142857,0.21428571428571427,-0.7818314824680299,0.6234898018587334,0.49999999999999994,-0.8660254037844387,0.0
FOODS_0175_TX_2_validation,d_115,0.0,0.0,0.0,0.0,0.0,1.0,0.0,0.14285714285714285,0.14285714285714285,0.0,1.0,0.49999999999999994,-0.8660254037844387,0.0
FOODS_0175_TX_2_validation,d_116,0.0,0.0,0.0,0.0,0.0,0.0,1.0,0.14285714285714285,0.14285714285714285,0.7818314824680298,0.6234898018587336,0.49999999999999994,-0.8660254037844387,1.0
HOUSEHOLD_0176_TX_3_validation,d_50,0.0,0.0,0.0,0.0,1.0,0.0,0.0,0.14285714285714285,0.2857142857142857,-0.9749279121818236,-0.2225209339563146,1.0,6.123233995736766e-17,0.0
HOUSEHOLD_0176_TX_3_validation,d_51,0.0,0.0,0.0,0.0,0.0,1.0,0.0,0.14285714285714285,0.2857142857142857,-0.7818314824680299,0.6234898018587334,1.0,6.123233995736766e-17,1.0
HOUSEHOLD_0176_TX_3_validation,d_52,1.0,0.0,0.0,0.0,0.0,0.0,1.0,0.2857142857142857,0.2857142857142857,0.0,1.0,1.0,6.123233995736766e-17,3.0
HOUSEHOLD_0176_TX_3_validation,d_53,3.0,1.0,0.0,0.0,0.0,0.0,0.0,0.5714285714285714,0.5,0.7818314824680298,0.6234898018587336,1.0,6.123233995736766e-17,1.0
HOUSEHOLD_0176_TX_3_validation,d_54,1.0,3.0,1.0,0.0,0.0,0.0,0.0,0.7142857142857143,0.5,0.9749279121818236,-0.22252093395631434,1.0,6.123233995736766e-17,0.0
HOUSEHOLD_0176_TX_3_validation,d_55,0.0,1.0,3.0,1.0,0.0,0.0,0.0,0.7142857142857143,0.5,0.43388373911755823,-0.900968867902419,1.0,6.123233995736766e-17,1.0
HOUSEHOLD_0176_TX_3_validation,d_56,1.0,0.0,1.0,3.0,1.0,0.0,0.0,0.8571428571428571,0.5,-0.433883739117558,-0.9009688679024191,1.0,6.123233995736766e-17,0.0
HOUSEHOLD_0176_TX_3_validation,d_57,0.0,1.0,0.0,1.0,3.0,1.0,0.0,0.8571428571428571,0.5,-0.9749279121818236,-0.2225209339563146,1.0,6.123233995736766e-17,2.0
HOUSEHOLD_0176_TX_3_validation,d_58,2.0,0.0,1.0,0.0,1.0,3.0,1.0,1.1428571428571428,0.6428571428571429,-0.7818314824680299,0.6234898018587334,1.0,6.123233995736766e-17,1.0
HOUSEHOLD_0176_TX_3_validation,d_59,1.0,2.0,0.0,1.0,0.0,1.0,3.0,1.1428571428571428,0.7142857142857143,0.0,1.0,1.0,6.123233995736766e-17,1.0
HOUSEHOLD_0176_TX_3_validation,d_60,1.0,1.0,2.0,0.0,1.0,0.0,1.0,0.8571428571428571,0.7142857142857143,0.7818314824680298,0.6234898018587336,1.0,6.123233995736766e-17,0.0
HOUSEHOLD_0176_TX_3_validation,d_61,0.0,1.0,1.0,2.0,0.0,1.0,0.0,0.7142857142857143,0.7142857142857143,0.9749279121818236,-0.22252093395631434,1.0,6.123233995736766e-17,1.0
HOUSEHOLD_0176_TX_3_validation,d_62,1.0,0.0,1.0,1.0,2.0,0.0,1.0,0.8571428571428571,0.7857142857142857,0.43388373911755823,-0.900968867902419,1.0,6.123233995736766e-17,0.0
HOUSEHOLD_0176_TX_3_validation,d_63,0.0,1.0,0.0,1.0,1.0,2.0,0.0,0.7142857142857143,0.7857142857142857,-0.433883739117558,-0.9009688679024191,0.8660254037844387,-0.4999999999999998,0.0
HOUSEHOLD_0176_TX_3_validation,d_64,0.0,0.0,1.0,0.0,1.0,1.0,2.0,0.7142857142857143,0.7857142857142857,-0.9749279121818236,-0.2225209339563146,0.8660254037844387,-0.4999999999999998,3.0
HOUSEHOLD_0176_TX_3_validation,d_65,3.0,0.0,0.0,1.0,0.0,1.0,1.0,0.8571428571428571,1.0,-0.7818314824680299,0.6234898018587334,0.8660254037844387,-0.4999999999999998,0.0
HOUSEHOLD_0176_TX_3_validation,d_66,0.0,3.0,0.0,0.0,1.0,0.0,1.0,0.7142857142857143,0.9285714285714286,0.0,1.0,0.8660254037844387,-0.4999999999999998,1.0
HOUSEHOLD_0176_TX_3_validation,d_67,1.0,0.0,3.0,0.0,0.0,1.0,0.0,0.7142857142857143,0.7857142857142857,0.7818314824680298,0.6234898018587336,0.8660254037844387,-0.4999999999999998,0.0
HOUSEHOLD_0176_TX_3_validation,d_68,0.0,1.0,0.0,3.0,0.0,0.0,1.0,0.7142857142857143,0.7142857142857143,0.9749279121818236,-0.22252093395631434,0.8660254037844387,-0.4999999999999998,0.0
HOUSEHOLD_0176_TX_3_validation,d_69,0.0,0.0,1.0,0.0,3.0,0.0,0.0,0.5714285714285714,0.7142857142857143,0.43388373911755823,-0.900968867902419,0.8660254037844387,-0.4999999999999998,0.0
HOUSEHOLD_0176_TX_3_validation,d_70,0.0,0.0,0.0,1.0,0.0,3.0,0.0,0.5714285714285714,0.6428571428571429,-0.433883739117558,-0.9009688679024191,0.8660254037844387,-0.4999999999999998,0.0
HOUSEHOLD_0176_TX_3_validation,d_71,0.0,0.0,0.0,0.0,1.0,0.0,3.0,0.5714285714285714,0.6428571428571429,-0.9749279121818236,-0.2225209339563146,0.8660254037844387,-0.4999999999999998,1.0
HOUSEHOLD_0176_TX_3_validation,d_72,1.0,0.0,0.0,0.0,0.0,1.0,0.0,0.2857142857142857,0.5714285714285714,-0.7818314824680299,0.6234898018587334,0.8660254037844387,-0.4999999999999998,0.0
HOUSEHOLD_0176_TX_3_validation,d_73,0.0,1.0,0.0,0.0,0.0,0.0,1.0,0.2857142857142857,0.5,0.0,1.0,0.8660254037844387,-0.4999999999999998,1.0
HOUSEHOLD_0176_TX_3_validation,d_74,1.0,0.0,1.0,0.0,0.0,0.0,0.0,0.2857142857142857,0.5,0.7818314824680298,0.6234898018587336,0.8660254037844387,-0.4999999999999998,0.0
HOUSEHOLD_0176_TX_3_validation,d_75,0.0,1.0,0.0,1.0,0.0,0.0,0.0,0.2857142857142857,0.5,0.9749279121818236,-0.22252093395631434,0.8660254037844387,-0.4999999999999998,2.0
HOUSEHOLD_0176_TX_3_validation,d_76,2.0,0.0,1.0,0.0,1.0,0.0,0.0,0.5714285714285714,0.5714285714285714,0.43388373911755823,-0.900968867902419,0.8660254037844387,-0.4999999999999998,1.0
HOUSEHOLD_0176_TX_3_validation,d_77,1.0,2.0,0.0,1.0,0.0,1.0,0.0,0.7142857142857143,0.6428571428571429,-0.433883739117558,-0.9009688679024191,0.8660254037844387,-0.4999999999999998,0.0
HOUSEHOLD_0176_TX_3_validation,d_78,0.0,1.0,2.0,0.0,1.0,0.0,1.0,0.7142857142857143,0.6428571428571429,-0.9749279121818236,-0.2225209339563146,0.8660254037844387,-0.4999999999999998,0.0
HOUSEHOLD_0176_TX_3_validation,d_79,0.0,0.0,1.0,2.0,0.0,1.0,0.0,0.5714285714285714,0.42857142857142855,-0.7818314824680299,0.6234898018587334,0.8660254037844387,-0.4999999999999998,0.0
HOUSEHOLD_0176_TX_3_validation,d_80,0.0,0.0,0.0,1.0,2.0,0.0,1.0,0.5714285714285714,0.42857142857142855,0.0,1.0,0.8660254037844387,-0.4999999999999998,0.0
HOUSEHOLD_0176_TX_3_validation,d_81,0.0,0.0,0.0,0.0,1.0,2.0,0.0,0.42857142857142855,0.35714285714285715,0.7818314824680298,0.6234898018587336,0.8660254037844387,-0.4999999999999998,1.0
HOUSEHOLD_0176_TX_3_validation,d_82,1.0,0.0,0.0,0.0,0.0,1.0,2.0,0.5714285714285714,0.42857142857142855,0.9749279121818236,-0.22252093395631434,0.8660254037844387,-0.4999999999999998,0.0
HOUSEHOLD_0176_TX_3_validation,d_83,0.0,1.0,0.0,0.0,0.0,0.0,1.0,0.2857142857142857,0.42857142857142855,0.43388373911755823,-0.900968867902419,0.8660254037844387,-0.4999999999999998,0.0
HOUSEHOLD_0176_TX_3_validation,d_84,0.0,0.0,1.0,0.0,0.0,0.0,0.0,0.14285714285714285,0.42857142857142855,-0.433883739117558,-0.9009688679024191,0.8660254037844387,-0.4999999999999998,0.0
HOUSEHOLD_0176_TX_3_validation,d_85,0.0,0.0,0.0,1.0,0.0,0.0,0.0,0.14285714285714285,0.42857142857142855,-0.9749279121818236,-0.2225209339563146,0.8660254037844387,-0.4999999999999998,0.0
HOUSEHOLD_0176_TX_3_validation,d_86,0.0,0.0,0.0,0.0,1.0,0.0,0.0,0.14285714285714285,0.35714285714285715,-0.7818314824680299,0.6234898018587334,0.8660254037844387,-0.4999999999999998,1.0
HOUSEHOLD_0176_TX_3_validation,d_87,1.0,0.0,0.0,0.0,0.0,1.0,0.0,0.2857142857142857,0.42857142857142855,0.0,1.0,0.8660254037844387,-0.4999999999999998,1.0
HOUSEHOLD_0176_TX_3_validation,d_88,1.0,1.0,0.0,0.0,0.0,0.0,1.0,0.42857142857142855,0.42857142857142855,0.7818314824680298,0.6234898018587336,0.8660254037844387,-0.4999999999999998,1.0
HOUSEHOLD_0176_TX_3_validation,d_89,1.0,1.0,1.0,0.0,0.0,0.0,0.0,0.42857142857142855,0.5,0.9749279121818236,-0.22252093395631434,0.8660254037844387,-0.4999999999999998,0.0
HOUSEHOLD_0176_TX_3_validation,d_90,0.0,1.0,1.0,1.0,0.0,0.0,0.0,0.42857142857142855,0.35714285714285715,0.43388373911755823,-0.900968867902419,0.8660254037844387,-0.4999999999999998,0.0
HOUSEHOLD_0176_TX_3_validation,d_91,0.0,0.0,1.0,1.0,1.0,0.0,0.0,0.42857142857142855,0.2857142857142857,-0.433883739117558,-0.9009688679024191,0.8660254037844387,-0.4999999999999998,0.0
HOUSEHOLD_0176_TX_3_validation,d_92,0.0,0.0,0.0,1.0,1.0,1.0,0.0,0.42857142857142855,0.2857142857142857,-0.9749279121818236,-0.2225209339563146,0.8660254037844387,-0.4999999999999998,2.0
HOUSEHOLD_0176_TX_3_validation,d_93,2.0,0.0,0.0,0.0,1.0,1.0,1.0,0.7142857142857143,0.42857142857142855,-0.7818314824680299,0.6234898018587334,0.49999999999999994,-0.8660254037844387,1.0
HOUSEHOLD_0176_TX_3_validation,d_94,1.0,2.0,0.0,0.0,0.0,1.0,1.0,0.7142857142857143,0.5,0.0,1.0,0.49999999999999994,-0.8660254037844387,1.0
HOUSEHOLD_0176_TX_3_validation,d_95,1.0,1.0,2.0,0.0,0.0,0.0,1.0,0.7142857142857143,0.5714285714285714,0.7818314824680298,0.6234898018587336,0.49999999999999994,-0.8660254037844387,1.0
HOUSEHOLD_0176_TX_3_validation,d_96,1.0,1.0,1.0,2.0,0.0,0.0,0.0,0.7142857142857143,0.5714285714285714,0.9749279121818236,-0.22252093395631434,0.49999999999999994,-0.8660254037844387,1.0
HOUSEHOLD_0176_TX_3_validation,d_97,1.0,1.0,1.0,1.0,2.0,0.0,0.0,0.8571428571428571,0.6428571428571429,0.43388373911755823,-0.900968867902419,0.49999999999999994,-0.8660254037844387,0.0
HOUSEHOLD_0176_TX_3_validation,d_98,0.0,1.0,1.0,1.0,1.0,2.0,0.0,0.8571428571428571,0.6428571428571429,-0.433883739117558,-0.9009688679024191,0.49999999999999994,-0.8660254037844387,0.0
HOUSEHOLD_0176_TX_3_validation,d_99,0.0,0.0,1.0,1.0,1.0,1.0,2.0,0.8571428571428571,0.6428571428571429,-0.9749279121818236,-0.2225209339563146,0.49999999999999994,-0.8660254037844387,0.0
HOUSEHOLD_0176_TX_3_validation,d_100,0.0,0.0,0.0,1.0,1.0,1.0,1.0,0.5714285714285714,0.6428571428571429,-0.7818314824680299,0.6234898018587334,0.49999999999999994,-0.8660254037844387,0.0
HOUSEHOLD_0176_TX_3_validation,d_101,0.0,0.0,0.0,0.0,1.0,1.0,1.0,0.42857142857142855,0.5714285714285714,0.0,1.0,0.49999999999999994,-0.8660254037844387,0.0
HOUSEHOLD_0176_TX_3_validation,d_102,0.0,0.0,0.0,0.0,0.0,1.0,1.0,0.2857142857142857,0.5,0.7818314824680298,0.6234898018587336,0.49999999999999994,-0.8660254037844387,0.0
HOUSEHOLD_0176_TX_3_validation,d_103,0.0,0.0,0.0,0.0,0.0,0.0,1.0,0.14285714285714285,0.42857142857142855,0.9749279121818236,-0.22252093395631434,0.49999999999999994,-0.8660254037844387,0.0
HOUSEHOLD_0176_TX_3_validation,d_104,0.0,0.0,0.0,0.0,0.0,0.0,0.0,0.0,0.42857142857142855,0.43388373911755823,-0.900968867902419,0.49999999999999994,-0.8660254037844387,0.0
HOUSEHOLD_0176_TX_3_validation,d_105,0.0,0.0,0.0,0.0,0.0,0.0,0.0,0.0,0.42857142857142855,-0.433883739117558,-0.9009688679024191,0.49999999999999994,-0.8660254037844387,0.0
HOUSEHOLD_0176_TX_3_validation,d_106,0.0,0.0,0.0,0.0,0.0,0.0,0.0,0.0,0.42857142857142855,-0.9749279121818236,-0.2225209339563146,0.49999999999999994,-0.8660254037844387,2.0
HOUSEHOLD_0176_TX_3_validation,d_107,2.0,0.0,0.0,0.0,0.0,0.0,0.0,0.2857142857142857,0.42857142857142855,-0.7818314824680299,0.6234898018587334,0.49999999999999994,-0.8660254037844387,2.0
HOUSEHOLD_0176_TX_3_validation,d_108,2.0,2.0,0.0,0.0,0.0,0.0,0.0,0.5714285714285714,0.5,0.0,1.0,0.49999999999999994,-0.8660254037844387,2.0
HOUSEHOLD_0176_TX_3_validation,d_109,2.0,2.0,2.0,0.0,0.0,0.0,0.0,0.8571428571428571,0.5714285714285714,0.7818314824680298,0.6234898018587336,0.49999999999999994,-0.8660254037844387,0.0
HOUSEHOLD_0176_TX_3_validation,d_110,0.0,2.0,2.0,2.0,0.0,0.0,0.0,0.8571428571428571,0.5,0.9749279121818236,-0.22252093395631434,0.49999999999999994,-0.8660254037844387,0.0
HOUSEHOLD_0176_TX_3_validation,d_111,0.0,0.0,2.0,2.0,2.0,0.0,0.0,0.8571428571428571,0.42857142857142855,0.43388373911755823,-0.900968867902419,0.49999999999999994,-0.8660254037844387,0.0
HOUSEHOLD_0176_TX_3_validation,d_112,0.0,0.0,0.0,2.0,2.0,2.0,0.0,0.8571428571428571,0.42857142857142855,-0.433883739117558,-0.9009688679024191,0.49999999999999994,-0.8660254037844387,1.0
HOUSEHOLD_0176_TX_3_validation,d_113,1.0,0.0,0.0,0.0,2.0,2.0,2.0,1.0,0.5,-0.9749279121818236,-0.2225209339563146,0.49999999999999994,-0.8660254037844387,0.0
HOUSEHOLD_0176_TX_3_validation,d_114,0.0,1.0,0.0,0.0,0.0,2.0,2.0,0.7142857142857143,0.5,-0.7818314824680299,0.6234898018587334,0.49999999999999994,-0.8660254037844387,2.0
HOUSEHOLD_0176_TX_3_validation,d_115,2.0,0.0,1.0,0.0,0.0,0.0,2.0,0.7142857142857143,0.6428571428571429,0.0,1.0,0.49999999999999994,-0.8660254037844387,1.0
HOUSEHOLD_0176_TX_3_validation,d_116,1.0,2.0,0.0,1.0,0.0,0.0,0.0,0.5714285714285714,0.7142857142857143,0.7818314824680298,0.6234898018587336,0.49999999999999994,-0.8660254037844387,0.0
HOBBIES_0183_TX_1_validation,d_50,0.0,0.0,0.0,0.0,2.0,0.0,0.0,0.2857142857142857,0.2857142857142857,-0.9749279121818236,-0.2225209339563146,1.0,6.123233995736766e-17,0.0
HOBBIES_0183_TX_1_validation,d_51,0.0,0.0,0.0,0.0,0.0,2.0,0.0,0.2857142857142857,0.2857142857142857,-0.7818314824680299,0.6234898018587334,1.0,6.123233995736766e-17,1.0
HOBBIES_0183_TX_1_validation,d_52,1.0,0.0,0.0,0.0,0.0,0.0,2.0,0.42857142857142855,0.2857142857142857,0.0,1.0,1.0,6.123233995736766e-17,0.0
HOBBIES_0183_TX_1_validation,d_53,0.0,1.0,0.0,0.0,0.0,0.0,0.0,0.14285714285714285,0.2857142857142857,0.7818314824680298,0.6234898018587336,1.0,6.123233995736766e-17,0.0
HOBBIES_0183_TX_1_validation,d_54,0.0,0.0,1.0,0.0,0.0,0.0,0.0,0.14285714285714285,0.2857142857142857,0.9749279121818236,-0.22252093395631434,1.0,6.123233995736766e-17,0.0
HOBBIES_0183_TX_1_validation,d_55,0.0,0.0,0.0,1.0,0.0,0.0,0.0,0.14285714285714285,0.21428571428571427,0.43388373911755823,-0.900968867902419,1.0,6.123233995736766e-17,1.0
HOBBIES_0183_TX_1_validation,d_56,1.0,0.0,0.0,0.0,1.0,0.0,0.0,0.2857142857142857,0.2857142857142857,-0.433883739117558,-0.9009688679024191,1.0,6.123233995736766e-17,0.0
HOBBIES_0183_TX_1_validation,d_57,0.0,1.0,0.0,0.0,0.0,1.0,0.0,0.2857142857142857,0.2857142857142857,-0.9749279121818236,-0.2225209339563146,1.0,6.123233995736766e-17,0.0
HOBBIES_0183_TX_1_validation,d_58,0.0,0.0,1.0,0.0,0.0,0.0,1.0,0.2857142857142857,0.2857142857142857,-0.7818314824680299,0.6234898018587334,1.0,6.123233995736766e-17,4.0
HOBBIES_0183_TX_1_validation,d_59,4.0,0.0,0.0,1.0,0.0,0.0,0.0,0.7142857142857143,0.5714285714285714,0.0,1.0,1.0,6.123233995736766e-17,1.0
HOBBIES_0183_TX_1_validation,d_60,1.0,4.0,0.0,0.0,1.0,0.0,0.0,0.8571428571428571,0.5,0.7818314824680298,0.6234898018587336,1.0,6.123233995736766e-17,2.0
HOBBIES_0183_TX_1_validation,d_61,2.0,1.0,4.0,0.0,0.0,1.0,0.0,1.1428571428571428,0.6428571428571429,0.9749279121818236,-0.22252093395631434,1.0,6.123233995736766e-17,0.0
HOBBIES_0183_TX_1_validation,d_62,0.0,2.0,1.0,4.0,0.0,0.0,1.0,1.1428571428571428,0.6428571428571429,0.43388373911755823,-0.900968867902419,1.0,6.123233995736766e-17,0.0
HOBBIES_0183_TX_1_validation,d_63,0.0,0.0,2.0,1.0,4.0,0.0,0.0,1.0,0.6428571428571429,-0.433883739117558,-0.9009688679024191,0.8660254037844387,-0.4999999999999998,0.0
HOBBIES_0183_TX_1_validation,d_64,0.0,0.0,0.0,2.0,1.0,4.0,0.0,1.0,0.6428571428571429,-0.9749279121818236,-0.2225209339563146,0.8660254037844387,-0.4999999999999998,0.0
HOBBIES_0183_TX_1_validation,d_65,0.0,0.0,0.0,0.0,2.0,1.0,4.0,1.0,0.6428571428571429,-0.7818314824680299,0.6234898018587334,0.8660254037844387,-0.4999999999999998,2.0
HOBBIES_0183_TX_1_validation,d_66,2.0,0.0,0.0,0.0,0.0,2.0,1.0,0.7142857142857143,0.7142857142857143,0.0,1.0,0.8660254037844387,-0.4999999999999998,3.0
HOBBIES_0183_TX_1_validation,d_67,3.0,2.0,0.0,0.0,0.0,0.0,2.0,1.0,0.9285714285714286,0.7818314824680298,0.6234898018587336,0.8660254037844387,-0.4999999999999998,1.0
HOBBIES_0183_TX_1_validation,d_68,1.0,3.0,2.0,0.0,0.0,0.0,0.0,0.8571428571428571,1.0,0.9749279121818236,-0.22252093395631434,0.8660254037844387,-0.4999999999999998,0.0
HOBBIES_0183_TX_1_validation,d_69,0.0,1.0,3.0,2.0,0.0,0.0,0.0,0.8571428571428571,1.0,0.43388373911755823,-0.900968867902419,0.8660254037844387,-0.4999999999999998,0.0
HOBBIES_0183_TX_1_validation,d_70,0.0,0.0,1.0,3.0,2.0,0.0,0.0,0.8571428571428571,0.9285714285714286,-0.433883739117558,-0.9009688679024191,0.8660254037844387,-0.4999999999999998,1.0
HOBBIES_0183_TX_1_validation,d_71,1.0,0.0,0.0,1.0,3.0,2.0,0.0,1.0,1.0,-0.9749279121818236,-0.2225209339563146,0.8660254037844387,-0.4999999999999998,0.0
HOBBIES_0183_TX_1_validation,d_72,0.0,1.0,0.0,0.0,1.0,3.0,2.0,1.0,1.0,-0.7818314824680299,0.6234898018587334,0.8660254037844387,-0.4999999999999998,0.0
HOBBIES_0183_TX_1_validation,d_73,0.0,0.0,1.0,0.0,0.0,1.0,3.0,0.7142857142857143,0.7142857142857143,0.0,1.0,0.8660254037844387,-0.4999999999999998,0.0
HOBBIES_0183_TX_1_validation,d_74,0.0,0.0,0.0,1.0,0.0,0.0,1.0,0.2857142857142857,0.6428571428571429,0.7818314824680298,0.6234898018587336,0.8660254037844387,-0.4999999999999998,0.0
HOBBIES_0183_TX_1_validation,d_75,0.0,0.0,0.0,0.0,1.0,0.0,0.0,0.14285714285714285,0.5,0.9749279121818236,-0.22252093395631434,0.8660254037844387,-0.4999999999999998,0.0
HOBBIES_0183_TX_1_validation,d_76,0.0,0.0,0.0,0.0,0.0,1.0,0.0,0.14285714285714285,0.5,0.43388373911755823,-0.900968867902419,0.8660254037844387,-0.4999999999999998,0.0
HOBBIES_0183_TX_1_validation,d_77,0.0,0.0,0.0,0.0,0.0,0.0,1.0,0.14285714285714285,0.5,-0.433883739117558,-0.9009688679024191,0.8660254037844387,-0.4999999999999998,1.0
HOBBIES_0183_TX_1_validation,d_78,1.0,0.0,0.0,0.0,0.0,0.0,0.0,0.14285714285714285,0.5714285714285714,-0.9749279121818236,-0.2225209339563146,0.8660254037844387,-0.4999999999999998,0.0
HOBBIES_0183_TX_1_validation,d_79,0.0,1.0,0.0,0.0,0.0,0.0,0.0,0.14285714285714285,0.5714285714285714,-0.7818314824680299,0.6234898018587334,0.8660254037844387,-0.4999999999999998,0.0
HOBBIES_0183_TX_1_validation,d_80,0.0,0.0,1.0,0.0,0.0,0.0,0.0,0.14285714285714285,0.42857142857142855,0.0,1.0,0.8660254037844387,-0.4999999999999998,1.0
HOBBIES_0183_TX_1_validation,d_81,1.0,0.0,0.0,1.0,0.0,0.0,0.0,0.2857142857142857,0.2857142857142857,0.7818314824680298,0.6234898018587336,0.8660254037844387,-0.4999999999999998,1.0
HOBBIES_0183_TX_1_validation,d_82,1.0,1.0,0.0,0.0,1.0,0.0,0.0,0.42857142857142855,0.2857142857142857,0.9749279121818236,-0.22252093395631434,0.8660254037844387,-0.4999999999999998,0.0
HOBBIES_0183_TX_1_validation,d_83,0.0,1.0,1.0,0.0,0.0,1.0,0.0,0.42857142857142855,0.2857142857142857,0.43388373911755823,-0.900968867902419,0.8660254037844387,-0.4999999999999998,0.0
HOBBIES_0183_TX_1_validation,d_84,0.0,0.0,1.0,1.0,0.0,0.0,1.0,0.42857142857142855,0.2857142857142857,-0.433883739117558,-0.9009688679024191,0.8660254037844387,-0.4999999999999998,0.0
HOBBIES_0183_TX_1_validation,d_85,0.0,0.0,0.0,1.0,1.0,0.0,0.0,0.2857142857142857,0.21428571428571427,-0.9749279121818236,-0.2225209339563146,0.8660254037844387,-0.4999999999999998,1.0
HOBBIES_0183_TX_1_validation,d_86,1.0,0.0,0.0,0.0,1.0,1.0,0.0,0.42857142857142855,0.2857142857142857,-0.7818314824680299,0.6234898018587334,0.8660254037844387,-0.4999999999999998,1.0
HOBBIES_0183_TX_1_validation,d_87,1.0,1.0,0.0,0.0,0.0,1.0,1.0,0.5714285714285714,0.35714285714285715,0.0,1.0,0.8660254037844387,-0.4999999999999998,2.0
HOBBIES_0183_TX_1_validation,d_88,2.0,1.0,1.0,0.0,0.0,0.0,1.0,0.7142857142857143,0.5,0.7818314824680298,0.6234898018587336,0.8660254037844387,-0.4999999999999998,2.0
HOBBIES_0183_TX_1_validation,d_89,2.0,2.0,1.0,1.0,0.0,0.0,0.0,0.8571428571428571,0.6428571428571429,0.9749279121818236,-0.22252093395631434,0.8660254037844387,-0.4999999999999998,0.0
HOBBIES_0183_TX_1_validation,d_90,0.0,2.0,2.0,1.0,1.0,0.0,0.0,0.8571428571428571,0.6428571428571429,0.43388373911755823,-0.900968867902419,0.8660254037844387,-0.4999999999999998,0.0
HOBBIES_0183_TX_1_validation,d_91,0.0,0.0,2.0,2.0,1.0,1.0,0.0,0.8571428571428571,0.6428571428571429,-0.433883739117558,-0.9009688679024191,0.8660254037844387,-0.4999999999999998,0.0
HOBBIES_0183_TX_1_validation,d_92,0.0,0.0,0.0,2.0,2.0,1.0,1.0,0.8571428571428571,0.5714285714285714,-0.9749279121818236,-0.2225209339563146,0.8660254037844387,-0.4999999999999998,1.0
HOBBIES_0183_TX_1_validation,d_93,1.0,0.0,0.0,0.0,2.0,2.0,1.0,0.8571428571428571,0.6428571428571429,-0.7818314824680299,0.6234898018587334,0.49999999999999994,-0.8660254037844387,0.0
HOBBIES_0183_TX_1_validation,d_94,0.0,1.0,0.0,0.0,0.0,2.0,2.0,0.7142857142857143,0.6428571428571429,0.0,1.0,0.49999999999999994,-0.8660254037844387,0.0
HOBBIES_0183_TX_1_validation,d_95,0.0,0.0,1.0,0.0,0.0,0.0,2.0,0.42857142857142855,0.5714285714285714,0.7818314824680298,0.6234898018587336,0.49999999999999994,-0.8660254037844387,0.0
HOBBIES_0183_TX_1_validation,d_96,0.0,0.0,0.0,1.0,0.0,0.0,0.0,0.14285714285714285,0.5,0.9749279121818236,-0.22252093395631434,0.49999999999999994,-0.8660254037844387,0.0
HOBBIES_0183_TX_1_validation,d_97,0.0,0.0,0.0,0.0,1.0,0.0,0.0,0.14285714285714285,0.5,0.43388373911755823,-0.900968867902419,0.49999999999999994,-0.8660254037844387,1.0
HOBBIES_0183_TX_1_validation,d_98,1.0,0.0,0.0,0.0,0.0,1.0,0.0,0.2857142857142857,0.5714285714285714,-0.433883739117558,-0.9009688679024191,0.49999999999999994,-0.8660254037844387,0.0
HOBBIES_0183_TX_1_validation,d_99,0.0,1.0,0.0,0.0,0.0,0.0,1.0,0.2857142857142857,0.5714285714285714,-0.9749279121818236,-0.2225209339563146,0.49999999999999994,-0.8660254037844387,0.0
HOBBIES_0183_TX_1_validation,d_100,0.0,0.0,1.0,0.0,0.0,0.0,0.0,0.14285714285714285,0.5,-0.7818314824680299,0.6234898018587334,0.49999999999999994,-0.8660254037844387,0.0
HOBBIES_0183_TX_1_validation,d_101,0.0,0.0,0.0,1.0,0.0,0.0,0.0,0.14285714285714285,0.42857142857142855,0.0,1.0,0.49999999999999994,-0.8660254037844387,1.0
HOBBIES_0183_TX_1_validation,d_102,1.0,0.0,0.0,0.0,1.0,0.0,0.0,0.2857142857142857,0.35714285714285715,0.7818314824680298,0.6234898018587336,0.49999999999999994,-0.8660254037844387,0.0
HOBBIES_0183_TX_1_validation,d_103,0.0,1.0,0.0,0.0,0.0,1.0,0.0,0.2857142857142857,0.21428571428571427,0.9749279121818236,-0.22252093395631434,0.49999999999999994,-0.8660254037844387,0.0
HOBBIES_0183_TX_1_validation,d_104,0.0,0.0,1.0,0.0,0.0,0.0,1.0,0.2857142857142857,0.21428571428571427,0.43388373911755823,-0.900968867902419,0.49999999999999994,-0.8660254037844387,0.0
HOBBIES_0183_TX_1_validation,d_105,0.0,0.0,0.0,1.0,0.0,0.0,0.0,0.14285714285714285,0.21428571428571427,-0.433883739117558,-0.9009688679024191,0.49999999999999994,-0.8660254037844387,0.0
HOBBIES_0183_TX_1_validation,d_106,0.0,0.0,0.0,0.0,1.0,0.0,0.0,0.14285714285714285,0.21428571428571427,-0.9749279121818236,-0.2225209339563146,0.49999999999999994,-0.8660254037844387,0.0
HOBBIES_0183_TX_1_validation,d_107,0.0,0.0,0.0,0.0,0.0,1.0,0.0,0.14285714285714285,0.14285714285714285,-0.7818314824680299,0.6234898018587334,0.49999999999999994,-0.8660254037844387,0.0
HOBBIES_0183_TX_1_validation,d_108,0.0,0.0,0.0,0.0,0.0,0.0,1.0,0.14285714285714285,0.14285714285714285,0.0,1.0,0.49999999999999994,-0.8660254037844387,0.0
HOBBIES_0183_TX_1_validation,d_109,0.0,0.0,0.0,0.0,0.0,0.0,0.0,0.0,0.14285714285714285,0.7818314824680298,0.6234898018587336,0.49999999999999994,-0.8660254037844387,0.0
HOBBIES_0183_TX_1_validation,d_110,0.0,0.0,0.0,0.0,0.0,0.0,0.0,0.0,0.14285714285714285,0.9749279121818236,-0.22252093395631434,0.49999999999999994,-0.8660254037844387,0.0
HOBBIES_0183_TX_1_validation,d_111,0.0,0.0,0.0,0.0,0.0,0.0,0.0,0.0,0.14285714285714285,0.43388373911755823,-0.900968867902419,0.49999999999999994,-0.8660254037844387,0.0
HOBBIES_0183_TX_1_validation,d_112,0.0,0.0,0.0,0.0,0.0,0.0,0.0,0.0,0.07142857142857142,-0.433883739117558,-0.9009688679024191,0.49999999999999994,-0.8660254037844387,0.0
HOBBIES_0183_TX_1_validation,d_113,0.0,0.0,0.0,0.0,0.0,0.0,0.0,0.0,0.07142857142857142,-0.9749279121818236,-0.2225209339563146,0.49999999999999994,-0.8660254037844387,0.0
HOBBIES_0183_TX_1_validation,d_114,0.0,0.0,0.0,0.0,0.0,0.0,0.0,0.0,0.07142857142857142,-0.7818314824680299,0.6234898018587334,0.49999999999999994,-0.8660254037844387,0.0
HOBBIES_0183_TX_1_validation,d_115,0.0,0.0,0.0,0.0,0.0,0.0,0.0,0.0,0.07142857142857142,0.0,1.0,0.49999999999999994,-0.8660254037844387,2.0
HOBBIES_0183_TX_1_validation,d_116,2.0,0.0,0.0,0.0,0.0,0.0,0.0,0.2857142857142857,0.14285714285714285,0.7818314824680298,0.6234898018587336,0.49999999999999994,-0.8660254037844387,1.0
HOUSEHOLD_0188_WI_3_validation,d_50,0.0,0.0,0.0,0.0,0.0,0.0,0.0,0.0,0.21428571428571427,-0.9749279121818236,-0.2225209339563146,1.0,6.123233995736766e-17,0.0
HOUSEHOLD_0188_WI_3_validation,d_51,0.0,0.0,0.0,0.0,0.0,0.0,0.0,0.0,0.14285714285714285,-0.7818314824680299,0.6234898018587334,1.0,6.123233995736766e-17,1.0
HOUSEHOLD_0188_WI_3_validation,d_52,1.0,0.0,0.0,0.0,0.0,0.0,0.0,0.14285714285714285,0.14285714285714285,0.0,1.0,1.0,6.123233995736766e-17,0.0
HOUSEHOLD_0188_WI_3_validation,d_53,0.0,1.0,0.0,0.0,0.0,0.0,0.0,0.14285714285714285,0.07142857142857142,0.7818314824680298,0.6234898018587336,1.0,6.123233995736766e-17,0.0
HOUSEHOLD_0188_WI_3_validation,d_54,0.0,0.0,1.0,0.0,0.0,0.0,0.0,0.14285714285714285,0.07142857142857142,0.9749279121818236,-0.22252093395631434,1.0,6.123233995736766e-17,0.0
HOUSEHOLD_0188_WI_3_validation,d_55,0.0,0.0,0.0,1.0,0.0,0.0,0.0,0.14285714285714285,0.07142857142857142,0.43388373911755823,-0.900968867902419,1.0,6.123233995736766e-17,0.0
HOUSEHOLD_0188_WI_3_validation,d_56,0.0,0.0,0.0,0.0,1.0,0.0,0.0,0.14285714285714285,0.07142857142857142,-0.433883739117558,-0.9009688679024191,1.0,6.123233995736766e-17,1.0
HOUSEHOLD_0188_WI_3_validation,d_57,1.0,0.0,0.0,0.0,0.0,1.0,0.0,0.2857142857142857,0.14285714285714285,-0.9749279121818236,-0.2225209339563146,1.0,6.123233995736766e-17,0.0
HOUSEHOLD_0188_WI_3_validation,d_58,0.0,1.0,0.0,0.0,0.0,0.0,1.0,0.2857142857142857,0.14285714285714285,-0.7818314824680299,0.6234898018587334,1.0,6.123233995736766e-17,0.0
HOUSEHOLD_0188_WI_3_validation,d_59,0.0,0.0,1.0,0.0,0.0,0.0,0.0,0.14285714285714285,0.14285714285714285,0.0,1.0,1.0,6.123233995736766e-17,1.0
HOUSEHOLD_0188_WI_3_validation,d_60,1.0,0.0,0.0,1.0,0.0,0.0,0.0,0.2857142857142857,0.21428571428571427,0.7818314824680298,0.6234898018587336,1.0,6.123233995736766e-17,1.0
HOUSEHOLD_0188_WI_3_validation,d_61,1.0,1.0,0.0,0.0,1.0,0.0,0.0,0.42857142857142855,0.2857142857142857,0.9749279121818236,-0.22252093395631434,1.0,6.123233995736766e-17,0.0
HOUSEHOLD_0188_WI_3_validation,d_62,0.0,1.0,1.0,0.0,0.0,1.0,0.0,0.42857142857142855,0.2857142857142857,0.43388373911755823,-0.900968867902419,1.0,6.123233995736766e-17,1.0
HOUSEHOLD_0188_WI_3_validation,d_63,1.0,0.0,1.0,1.0,0.0,0.0,1.0,0.5714285714285714,0.35714285714285715,-0.433883739117558,-0.9009688679024191,0.8660254037844387,-0.4999999999999998,0.0
HOUSEHOLD_0188_WI_3_validation,d_64,0.0,1.0,0.0,1.0,1.0,0.0,0.0,0.42857142857142855,0.35714285714285715,-0.9749279121818236,-0.2225209339563146,0.8660254037844387,-0.4999999999999998,1.0
HOUSEHOLD_0188_WI_3_validation,d_65,1.0,0.0,1.0,0.0,1.0,1.0,0.0,0.5714285714285714,0.42857142857142855,-0.7818314824680299,0.6234898018587334,0.8660254037844387,-0.4999999999999998,0.0
HOUSEHOLD_0188_WI_3_validation,d_66,0.0,1.0,0.0,1.0,0.0,1.0,1.0,0.5714285714285714,0.35714285714285715,0.0,1.0,0.8660254037844387,-0.4999999999999998,0.0
HOUSEHOLD_0188_WI_3_validation,d_67,0.0,0.0,1.0,0.0,1.0,0.0,1.0,0.42857142857142855,0.35714285714285715,0.7818314824680298,0.6234898018587336,0.8660254037844387,-0.4999999999999998,1.0
HOUSEHOLD_0188_WI_3_validation,d_68,1.0,0.0,0.0,1.0,0.0,1.0,0.0,0.42857142857142855,0.42857142857142855,0.9749279121818236,-0.22252093395631434,0.8660254037844387,-0.4999999999999998,0.0
HOUSEHOLD_0188_WI_3_validation,d_69,0.0,1.0,0.0,0.0,1.0,0.0,1.0,0.42857142857142855,0.42857142857142855,0.43388373911755823,-0.900968867902419,0.8660254037844387,-0.4999999999999998,0.0
HOUSEHOLD_0188_WI_3_validation,d_70,0.0,0.0,1.0,0.0,0.0,1.0,0.0,0.2857142857142857,0.42857142857142855,-0.433883739117558,-0.9009688679024191,0.8660254037844387,-0.4999999999999998,0.0
HOUSEHOLD_0188_WI_3_validation,d_71,0.0,0.0,0.0,1.0,0.0,0.0,1.0,0.2857142857142857,0.35714285714285715,-0.9749279121818236,-0.2225209339563146,0.8660254037844387,-0.4999999999999998,0.0
HOUSEHOLD_0188_WI_3_validation,d_72,0.0,0.0,0.0,0.0,1.0,0.0,0.0,0.14285714285714285,0.35714285714285715,-0.7818314824680299,0.6234898018587334,0.8660254037844387,-0.4999999999999998,0.0
HOUSEHOLD_0188_WI_3_validation,d_73,0.0,0.0,0.0,0.0,0.0,1.0,0.0,0.14285714285714285,0.35714285714285715,0.0,1.0,0.8660254037844387,-0.4999999999999998,0.0
HOUSEHOLD_0188_WI_3_validation,d_74,0.0,0.0,0.0,0.0,0.0,0.0,1.0,0.14285714285714285,0.2857142857142857,0.7818314824680298,0.6234898018587336,0.8660254037844387,-0.4999999999999998,0.0
HOUSEHOLD_0188_WI_3_validation,d_75,0.0,0.0,0.0,0.0,0.0,0.0,0.0,0.0,0.21428571428571427,0.9749279121818236,-0.22252093395631434,0.8660254037844387,-0.4999999999999998,0.0
HOUSEHOLD_0188_WI_3_validation,d_76,0.0,0.0,0.0,0.0,0.0,0.0,0.0,0.0,0.21428571428571427,0.43388373911755823,-0.900968867902419,0.8660254037844387,-0.4999999999999998,0.0
HOUSEHOLD_0188_WI_3_validation,d_77,0.0,0.0,0.0,0.0,0.0,0.0,0.0,0.0,0.14285714285714285,-0.433883739117558,-0.9009688679024191,0.8660254037844387,-0.4999999999999998,0.0
HOUSEHOLD_0188_WI_3_validation,d_78,0.0,0.0,0.0,0.0,0.0,0.0,0.0,0.0,0.14285714285714285,-0.9749279121818236,-0.2225209339563146,0.8660254037844387,-0.4999999999999998,0.0
HOUSEHOLD_0188_WI_3_validation,d_79,0.0,0.0,0.0,0.0,0.0,0.0,0.0,0.0,0.07142857142857142,-0.7818314824680299,0.6234898018587334,0.8660254037844387,-0.4999999999999998,0.0
HOUSEHOLD_0188_WI_3_validation,d_80,0.0,0.0,0.0,0.0,0.0,0.0,0.0,0.0,0.07142857142857142,0.0,1.0,0.8660254037844387,-0.4999999999999998,1.0
HOUSEHOLD_0188_WI_3_validation,d_81,1.0,0.0,0.0,0.0,0.0,0.0,0.0,0.14285714285714285,0.14285714285714285,0.7818314824680298,0.6234898018587336,0.8660254037844387,-0.4999999999999998,0.0
HOUSEHOLD_0188_WI_3_validation,d_82,0.0,1.0,0.0,0.0,0.0,0.0,0.0,0.14285714285714285,0.07142857142857142,0.9749279121818236,-0.22252093395631434,0.8660254037844387,-0.4999999999999998,0.0
HOUSEHOLD_0188_WI_3_validation,d_83,0.0,0.0,1.0,0.0,0.0,0.0,0.0,0.14285714285714285,0.07142857142857142,0.43388373911755823,-0.900968867902419,0.8660254037844387,-0.4999999999999998,0.0
HOUSEHOLD_0188_WI_3_validation,d_84,0.0,0.0,0.0,1.0,0.0,0.0,0.0,0.14285714285714285,0.07142857142857142,-0.433883739117558,-0.9009688679024191,0.8660254037844387,-0.4999999999999998,0.0
HOUSEHOLD_0188_WI_3_validation,d_85,0.0,0.0,0.0,0.0,1.0,0.0,0.0,0.14285714285714285,0.07142857142857142,-0.9749279121818236,-0.2225209339563146,0.8660254037844387,-0.4999999999999998,1.0
HOUSEHOLD_0188_WI_3_validation,d_86,1.0,0.0,0.0,0.0,0.0,1.0,0.0,0.2857142857142857,0.14285714285714285,-0.7818314824680299,0.6234898018587334,0.8660254037844387,-0.4999999999999998,1.0
HOUSEHOLD_0188_WI_3_validation,d_87,1.0,1.0,0.0,0.0,0.0,0.0,1.0,0.42857142857142855,0.21428571428571427,0.0,1.0,0.8660254037844387,-0.4999999999999998,0.0
HOUSEHOLD_0188_WI_3_validation,d_88,0.0,1.0,1.0,0.0,0.0,0.0,0.0,0.2857142857142857,0.21428571428571427,0.7818314824680298,0.6234898018587336,0.8660254037844387,-0.4999999999999998,1.0
HOUSEHOLD_0188_WI_3_validation,d_89,1.0,0.0,1.0,1.0,0.0,0.0,0.0,0.42857142857142855,0.2857142857142857,0.9749279121818236,-0.22252093395631434,0.8660254037844387,-0.4999999999999998,0.0
HOUSEHOLD_0188_WI_3_validation,d_90,0.0,1.0,0.0,1.0,1.0,0.0,0.0,0.42857142857142855,0.2857142857142857,0.43388373911755823,-0.900968867902419,0.8660254037844387,-0.4999999999999998,0.0
HOUSEHOLD_0188_WI_3_validation,d_91,0.0,0.0,1.0,0.0,1.0,1.0,0.0,0.42857142857142855,0.2857142857142857,-0.433883739117558,-0.9009688679024191,0.8660254037844387,-0.4999999999999998,0.0
HOUSEHOLD_0188_WI_3_validation,d_92,0.0,0.0,0.0,1.0,0.0,1.0,1.0,0.42857142857142855,0.2857142857142857,-0.9749279121818236,-0.2225209339563146,0.8660254037844387,-0.4999999999999998,0.0
HOUSEHOLD_0188_WI_3_validation,d_93,0.0,0.0,0.0,0.0,1.0,0.0,1.0,0.2857142857142857,0.2857142857142857,-0.7818314824680299,0.6234898018587334,0.49999999999999994,-0.8660254037844387,0.0
HOUSEHOLD_0188_WI_3_validation,d_94,0.0,0.0,0.0,0.0,0.0,1.0,0.0,0.14285714285714285,0.2857142857142857,0.0,1.0,0.49999999999999994,-0.8660254037844387,1.0
HOUSEHOLD_0188_WI_3_validation,d_95,1.0,0.0,0.0,0.0,0.0,0.0,1.0,0.2857142857142857,0.2857142857142857,0.7818314824680298,0.6234898018587336,0.49999999999999994,-0.8660254037844387,0.0
HOUSEHOLD_0188_WI_3_validation,d_96,0.0,1.0,0.0,0.0,0.0,0.0,0.0,0.14285714285714285,0.2857142857142857,0.9749279121818236,-0.22252093395631434,0.49999999999999994,-0.8660254037844387,0.0
HOUSEHOLD_0188_WI_3_validation,d_97,0.0,0.0,1.0,0.0,0.0,0.0,0.0,0.14285714285714285,0.2857142857142857,0.43388373911755823,-0.900968867902419,0.49999999999999994,-0.8660254037844387,0.0
HOUSEHOLD_0188_WI_3_validation,d_98,0.0,0.0,0.0,1.0,0.0,0.0,0.0,0.14285714285714285,0.2857142857142857,-0.433883739117558,-0.9009688679024191,0.49999999999999994,-0.8660254037844387,0.0
HOUSEHOLD_0188_WI_3_validation,d_99,0.0,0.0,0.0,0.0,1.0,0.0,0.0,0.14285714285714285,0.2857142857142857,-0.9749279121818236,-0.2225209339563146,0.49999999999999994,-0.8660254037844387,3.0
HOUSEHOLD_0188_WI_3_validation,d_100,3.0,0.0,0.0,0.0,0.0,1.0,0.0,0.5714285714285714,0.42857142857142855,-0.7818314824680299,0.6234898018587334,0.49999999999999994,-0.8660254037844387,1.0
HOUSEHOLD_0188_WI_3_validation,d_101,1.0,3.0,0.0,0.0,0.0,0.0,1.0,0.7142857142857143,0.42857142857142855,0.0,1.0,0.49999999999999994,-0.8660254037844387,0.0
HOUSEHOLD_0188_WI_3_validation,d_102,0.0,1.0,3.0,0.0,0.0,0.0,0.0,0.5714285714285714,0.42857142857142855,0.7818314824680298,0.6234898018587336,0.49999999999999994,-0.8660254037844387,0.0
HOUSEHOLD_0188_WI_3_validation,d_103,0.0,0.0,1.0,3.0,0.0,0.0,0.0,0.5714285714285714,0.35714285714285715,0.9749279121818236,-0.22252093395631434,0.49999999999999994,-0.8660254037844387,0.0
HOUSEHOLD_0188_WI_3_validation,d_104,0.0,0.0,0.0,1.0,3.0,0.0,0.0,0.5714285714285714,0.35714285714285715,0.43388373911755823,-0.900968867902419,0.49999999999999994,-0.8660254037844387,0.0
HOUSEHOLD_0188_WI_3_validation,d_105,0.0,0.0,0.0,0.0,1.0,3.0,0.0,0.5714285714285714,0.35714285714285715,-0.433883739117558,-0.9009688679024191,0.49999999999999994,-0.8660254037844387,0.0
HOUSEHOLD_0188_WI_3_validation,d_106,0.0,0.0,0.0,0.0,0.0,1.0,3.0,0.5714285714285714,0.35714285714285715,-0.9749279121818236,-0.2225209339563146,0.49999999999999994,-0.8660254037844387,0.0
HOUSEHOLD_0188_WI_3_validation,d_107,0.0,0.0,0.0,0.0,0.0,0.0,1.0,0.14285714285714285,0.35714285714285715,-0.7818314824680299,0.6234898018587334,0.49999999999999994,-0.8660254037844387,2.0
HOUSEHOLD_0188_WI_3_validation,d_108,2.0,0.0,0.0,0.0,0.0,0.0,0.0,0.2857142857142857,0.5,0.0,1.0,0.49999999999999994,-0.8660254037844387,1.0
HOUSEHOLD_0188_WI_3_validation,d_109,1.0,2.0,0.0,0.0,0.0,0.0,0.0,0.42857142857142855,0.5,0.7818314824680298,0.6234898018587336,0.49999999999999994,-0.8660254037844387,2.0
HOUSEHOLD_0188_WI_3_validation,d_110,2.0,1.0,2.0,0.0,0.0,0.0,0.0,0.7142857142857143,0.6428571428571429,0.9749279121818236,-0.22252093395631434,0.49999999999999994,-0.8660254037844387,0.0
HOUSEHOLD_0188_WI_3_validation,d_111,0.0,2.0,1.0,2.0,0.0,0.0,0.0,0.7142857142857143,0.6428571428571429,0.43388373911755823,-0.900968867902419,0.49999999999999994,-0.8660254037844387,0.0
HOUSEHOLD_0188_WI_3_validation,d_112,0.0,0.0,2.0,1.0,2.0,0.0,0.0,0.7142857142857143,0.6428571428571429,-0.433883739117558,-0.9009688679024191,0.49999999999999994,-0.8660254037844387,0.0
HOUSEHOLD_0188_WI_3_validation,d_113,0.0,0.0,0.0,2.0,1.0,2.0,0.0,0.7142857142857143,0.6428571428571429,-0.9749279121818236,-0.2225209339563146,0.49999999999999994,-0.8660254037844387,0.0
HOUSEHOLD_0188_WI_3_validation,d_114,0.0,0.0,0.0,0.0,2.0,1.0,2.0,0.7142857142857143,0.42857142857142855,-0.7818314824680299,0.6234898018587334,0.49999999999999994,-0.8660254037844387,0.0
HOUSEHOLD_0188_WI_3_validation,d_115,0.0,0.0,0.0,0.0,0.0,2.0,1.0,0.42857142857142855,0.35714285714285715,0.0,1.0,0.49999999999999994,-0.8660254037844387,2.0
HOUSEHOLD_0188_WI_3_validation,d_116,2.0,0.0,0.0,0.0,0.0,0.0,2.0,0.5714285714285714,0.5,0.7818314824680298,0.6234898018587336,0.49999999999999994,-0.8660254037844387,0.0
HOUSEHOLD_0197_WI_3_validation,d_50,0.0,0.0,0.0,0.0,0.0,0.0,0.0,0.0,0.21428571428571427,-0.9749279121818236,-0.2225209339563146,1.0,6.123233995736766e-17,0.0
HOUSEHOLD_0197_WI_3_validation,d_51,0.0,0.0,0.0,0.0,0.0,0.0,0.0,0.0,0.14285714285714285,-0.7818314824680299,0.6234898018587334,1.0,6.123233995736766e-17,1.0
HOUSEHOLD_0197_WI_3_validation,d_52,1.0,0.0,0.0,0.0,0.0,0.0,0.0,0.14285714285714285,0.21428571428571427,0.0,1.0,1.0,6.123233995736766e-17,2.0
HOUSEHOLD_0197_WI_3_validation,d_53,2.0,1.0,0.0,0.0,0.0,0.0,0.0,0.42857142857142855,0.2857142857142857,0.7818314824680298,0.6234898018587336,1.0,6.123233995736766e-17,0.0
HOUSEHOLD_0197_WI_3_validation,d_54,0.0,2.0,1.0,0.0,0.0,0.0,0.0,0.42857142857142855,0.21428571428571427,0.9749279121818236,-0.22252093395631434,1.0,6.123233995736766e-17,0.0
HOUSEHOLD_0197_WI_3_validation,d_55,0.0,0.0,2.0,1.0,0.0,0.0,0.0,0.42857142857142855,0.21428571428571427,0.43388373911755823,-0.900968867902419,1.0,6.123233995736766e-17,0.0
HOUSEHOLD_0197_WI_3_validation,d_56,0.0,0.0,0.0,2.0,1.0,0.0,0.0,0.42857142857142855,0.21428571428571427,-0.433883739117558,-0.9009688679024191,1.0,6.123233995736766e-17,0.0
HOUSEHOLD_0197_WI_3_validation,d_57,0.0,0.0,0.0,0.0,2.0,1.0,0.0,0.42857142857142855,0.21428571428571427,-0.9749279121818236,-0.2225209339563146,1.0,6.123233995736766e-17,0.0
HOUSEHOLD_0197_WI_3_validation,d_58,0.0,0.0,0.0,0.0,0.0,2.0,1.0,0.42857142857142855,0.21428571428571427,-0.7818314824680299,0.6234898018587334,1.0,6.123233995736766e-17,0.0
HOUSEHOLD_0197_WI_3_validation,d_59,0.0,0.0,0.0,0.0,0.0,0.0,2.0,0.2857142857142857,0.21428571428571427,0.0,1.0,1.0,6.123233995736766e-17,0.0
HOUSEHOLD_0197_WI_3_validation,d_60,0.0,0.0,0.0,0.0,0.0,0.0,0.0,0.0,0.21428571428571427,0.7818314824680298,0.6234898018587336,1.0,6.123233995736766e-17,0.0
HOUSEHOLD_0197_WI_3_validation,d_61,0.0,0.0,0.0,0.0,0.0,0.0,0.0,0.0,0.21428571428571427,0.9749279121818236,-0.22252093395631434,1.0,6.123233995736766e-17,0.0
HOUSEHOLD_0197_WI_3_validation,d_62,0.0,0.0,0.0,0.0,0.0,0.0,0.0,0.0,0.21428571428571427,0.43388373911755823,-0.900968867902419,1.0,6.123233995736766e-17,0.0
HOUSEHOLD_0197_WI_3_validation,d_63,0.0,0.0,0.0,0.0,0.0,0.0,0.0,0.0,0.21428571428571427,-0.433883739117558,-0.9009688679024191,0.8660254037844387,-0.4999999999999998,0.0
HOUSEHOLD_0197_WI_3_validation,d_64,0.0,0.0,0.0,0.0,0.0,0.0,0.0,0.0,0.21428571428571427,-0.9749279121818236,-0.2225209339563146,0.8660254037844387,-0.4999999999999998,0.0
HOUSEHOLD_0197_WI_3_validation,d_65,0.0,0.0,0.0,0.0,0.0,0.0,0.0,0.0,0.21428571428571427,-0.7818314824680299,0.6234898018587334,0.8660254037844387,-0.4999999999999998,1.0
HOUSEHOLD_0197_WI_3_validation,d_66,1.0,0.0,0.0,0.0,0.0,0.0,0.0,0.14285714285714285,0.21428571428571427,0.0,1.0,0.8660254037844387,-0.4999999999999998,0.0
HOUSEHOLD_0197_WI_3_validation,d_67,0.0,1.0,0.0,0.0,0.0,0.0,0.0,0.14285714285714285,0.07142857142857142,0.7818314824680298,0.6234898018587336,0.8660254037844387,-0.4999999999999998,1.0
HOUSEHOLD_0197_WI_3_validation,d_68,1.0,0.0,1.0,0.0,0.0,0.0,0.0,0.2857142857142857,0.14285714285714285,0.9749279121818236,-0.22252093395631434,0.8660254037844387,-0.4999999999999998,0.0
HOUSEHOLD_0197_WI_3_validation,d_69,0.0,1.0,0.0,1.0,0.0,0.0,0.0,0.2857142857142857,0.14285714285714285,0.43388373911755823,-0.900968867902419,0.8660254037844387,-0.4999999999999998,0.0
HOUSEHOLD_0197_WI_3_validation,d_70,0.0,0.0,1.0,0.0,1.0,0.0,0.0,0.2857142857142857,0.14285714285714285,-0.433883739117558,-0.9009688679024191,0.8660254037844387,-0.4999999999999998,1.0
HOUSEHOLD_0197_WI_3_validation,d_71,1.0,0.0,0.0,1.0,0.0,1.0,0.0,0.42857142857142855,0.21428571428571427,-0.9749279121818236,-0.2225209339563146,0.8660254037844387,-0.4999999999999998,0.0
HOUSEHOLD_0197_WI_3_validation,d_72,0.0,1.0,0.0,0.0,1.0,0.0,1.0,0.42857142857142855,0.21428571428571427,-0.7818314824680299,0.6234898018587334,0.8660254037844387,-0.4999999999999998,1.0
HOUSEHOLD_0197_WI_3_validation,d_73,1.0,0.0,1.0,0.0,0.0,1.0,0.0,0.42857142857142855,0.2857142857142857,0.0,1.0,0.8660254037844387,-0.4999999999999998,1.0
HOUSEHOLD_0197_WI_3_validation,d_74,1.0,1.0,0.0,1.0,0.0,0.0,1.0,0.5714285714285714,0.35714285714285715,0.7818314824680298,0.6234898018587336,0.8660254037844387,-0.4999999999999998,0.0
HOUSEHOLD_0197_WI_3_validation,d_75,0.0,1.0,1.0,0.0,1.0,0.0,0.0,0.42857142857142855,0.35714285714285715,0.9749279121818236,-0.22252093395631434,0.8660254037844387,-0.4999999999999998,0.0
HOUSEHOLD_0197_WI_3_validation,d_76,0.0,0.0,1.0,1.0,0.0,1.0,0.0,0.42857142857142855,0.35714285714285715,0.43388373911755823,-0.900968867902419,0.8660254037844387,-0.4999999999999998,0.0
HOUSEHOLD_0197_WI_3_validation,d_77,0.0,0.0,0.0,1.0,1.0,0.0,1.0,0.42857142857142855,0.35714285714285715,-0.433883739117558,-0.9009688679024191,0.8660254037844387,-0.4999999999999998,0.0
HOUSEHOLD_0197_WI_3_validation,d_78,0.0,0.0,0.0,0.0,1.0,1.0,0.0,0.2857142857142857,0.35714285714285715,-0.9749279121818236,-0.2225209339563146,0.8660254037844387,-0.4999999999999998,0.0
HOUSEHOLD_0197_WI_3_validation,d_79,0.0,0.0,0.0,0.0,0.0,1.0,1.0,0.2857142857142857,0.35714285714285715,-0.7818314824680299,0.6234898018587334,0.8660254037844387,-0.4999999999999998,1.0
HOUSEHOLD_0197_WI_3_validation,d_80,1.0,0.0,0.0,0.0,0.0,0.0,1.0,0.2857142857142857,0.35714285714285715,0.0,1.0,0.8660254037844387,-0.4999999999999998,0.0
HOUSEHOLD_0197_WI_3_validation,d_81,0.0,1.0,0.0,0.0,0.0,0.0,0.0,0.14285714285714285,0.35714285714285715,0.7818314824680298,0.6234898018587336,0.8660254037844387,-0.4999999999999998,0.0
HOUSEHOLD_0197_WI_3_validation,d_82,0.0,0.0,1.0,0.0,0.0,0.0,0.0,0.14285714285714285,0.2857142857142857,0.9749279121818236,-0.22252093395631434,0.8660254037844387,-0.4999999999999998,0.0
HOUSEHOLD_0197_WI_3_validation,d_83,0.0,0.0,0.0,1.0,0.0,0.0,0.0,0.14285714285714285,0.2857142857142857,0.43388373911755823,-0.900968867902419,0.8660254037844387,-0.4999999999999998,0.0
HOUSEHOLD_0197_WI_3_validation,d_84,0.0,0.0,0.0,0.0,1.0,0.0,0.0,0.14285714285714285,0.2857142857142857,-0.433883739117558,-0.9009688679024191,0.8660254037844387,-0.4999999999999998,0.0
HOUSEHOLD_0197_WI_3_validation,d_85,0.0,0.0,0.0,0.0,0.0,1.0,0.0,0.14285714285714285,0.21428571428571427,-0.9749279121818236,-0.2225209339563146,0.8660254037844387,-0.4999999999999998,0.0
HOUSEHOLD_0197_WI_3_validation,d_86,0.0,0.0,0.0,0.0,0.0,0.0,1.0,0.14285714285714285,0.21428571428571427,-0.7818314824680299,0.6234898018587334,0.8660254037844387,-0.4999999999999998,2.0
HOUSEHOLD_0197_WI_3_validation,d_87,2.0,0.0,0.0,0.0,0.0,0.0,0.0,0.2857142857142857,0.2857142857142857,0.0,1.0,0.8660254037844387,-0.4999999999999998,1.0
HOUSEHOLD_0197_WI_3_validation,d_88,1.0,2.0,0.0,0.0,0.0,0.0,0.0,0.42857142857142855,0.2857142857142857,0.7818314824680298,0.6234898018587336,0.8660254037844387,-0.4999999999999998,0.0
HOUSEHOLD_0197_WI_3_validation,d_89,0.0,1.0,2.0,0.0,0.0,0.0,0.0,0.42857142857142855,0.2857142857142857,0.9749279121818236,-0.22252093395631434,0.8660254037844387,-0.4999999999999998,0.0
HOUSEHOLD_0197_WI_3_validation,d_90,0.0,0.0,1.0,2.0,0.0,0.0,0.0,0.42857142857142855,0.2857142857142857,0.43388373911755823,-0.900968867902419,0.8660254037844387,-0.4999999999999998,0.0
HOUSEHOLD_0197_WI_3_validation,d_91,0.0,0.0,0.0,1.0,2.0,0.0,0.0,0.42857142857142855,0.2857142857142857,-0.433883739117558,-0.9009688679024191,0.8660254037844387,-0.4999999999999998,0.0
HOUSEHOLD_0197_WI_3_validation,d_92,0.0,0.0,0.0,0.0,1.0,2.0,0.0,0.42857142857142855,0.2857142857142857,-0.9749279121818236,-0.2225209339563146,0.8660254037844387,-0.4999999999999998,0.0
HOUSEHOLD_0197_WI_3_validation,d_93,0.0,0.0,0.0,0.0,0.0,1.0,2.0,0.42857142857142855,0.2857142857142857,-0.7818314824680299,0.6234898018587334,0.49999999999999994,-0.8660254037844387,2.0
HOUSEHOLD_0197_WI_3_validation,d_94,2.0,0.0,0.0,0.0,0.0,0.0,1.0,0.42857142857142855,0.35714285714285715,0.0,1.0,0.49999999999999994,-0.8660254037844387,1.0
HOUSEHOLD_0197_WI_3_validation,d_95,1.0,2.0,0.0,0.0,0.0,0.0,0.0,0.42857142857142855,0.42857142857142855,0.7818314824680298,0.6234898018587336,0.49999999999999994,-0.8660254037844387,1.0
HOUSEHOLD_0197_WI_3_validation,d_96,1.0,1.0,2.0,0.0,0.0,0.0,0.0,0.5714285714285714,0.5,0.9749279121818236,-0.22252093395631434,0.49999999999999994,-0.8660254037844387,2.0
HOUSEHOLD_0197_WI_3_validation,d_97,2.0,1.0,1.0,2.0,0.0,0.0,0.0,0.8571428571428571,0.6428571428571429,0.43388373911755823,-0.900968867902419,0.49999999999999994,-0.8660254037844387,0.0
HOUSEHOLD_0197_WI_3_validation,d_98,0.0,2.0,1.0,1.0,2.0,0.0,0.0,0.8571428571428571,0.6428571428571429,-0.433883739117558,-0.9009688679024191,0.49999999999999994,-0.8660254037844387,0.0
HOUSEHOLD_0197_WI_3_validation,d_99,0.0,0.0,2.0,1.0,1.0,2.0,0.0,0.8571428571428571,0.6428571428571429,-0.9749279121818236,-0.2225209339563146,0.49999999999999994,-0.8660254037844387,0.0
HOUSEHOLD_0197_WI_3_validation,d_100,0.0,0.0,0.0,2.0,1.0,1.0,2.0,0.8571428571428571,0.6428571428571429,-0.7818314824680299,0.6234898018587334,0.49999999999999994,-0.8660254037844387,2.0
HOUSEHOLD_0197_WI_3_validation,d_101,2.0,0.0,0.0,0.0,2.0,1.0,1.0,0.8571428571428571,0.6428571428571429,0.0,1.0,0.49999999999999994,-0.8660254037844387,1.0
HOUSEHOLD_0197_WI_3_validation,d_102,1.0,2.0,0.0,0.0,0.0,2.0,1.0,0.8571428571428571,0.6428571428571429,0.7818314824680298,0.6234898018587336,0.49999999999999994,-0.8660254037844387,0.0
HOUSEHOLD_0197_WI_3_validation,d_103,0.0,1.0,2.0,0.0,0.0,0.0,2.0,0.7142857142857143,0.6428571428571429,0.9749279121818236,-0.22252093395631434,0.49999999999999994,-0.8660254037844387,0.0
HOUSEHOLD_0197_WI_3_validation,d_104,0.0,0.0,1.0,2.0,0.0,0.0,0.0,0.42857142857142855,0.6428571428571429,0.43388373911755823,-0.900968867902419,0.49999999999999994,-0.8660254037844387,0.0
HOUSEHOLD_0197_WI_3_validation,d_105,0.0,0.0,0.0,1.0,2.0,0.0,0.0,0.42857142857142855,0.6428571428571429,-0.433883739117558,-0.9009688679024191,0.49999999999999994,-0.8660254037844387,1.0
HOUSEHOLD_0197_WI_3_validation,d_106,1.0,0.0,0.0,0.0,1.0,2.0,0.0,0.5714285714285714,0.7142857142857143,-0.9749279121818236,-0.2225209339563146,0.49999999999999994,-0.8660254037844387,0.0
HOUSEHOLD_0197_WI_3_validation,d_107,0.0,1.0,0.0,0.0,0.0,1.0,2.0,0.5714285714285714,0.7142857142857143,-0.7818314824680299,0.6234898018587334,0.49999999999999994,-0.8660254037844387,0.0
HOUSEHOLD_0197_WI_3_validation,d_108,0.0,0.0,1.0,0.0,0.0,0.0,1.0,0.2857142857142857,0.5714285714285714,0.0,1.0,0.49999999999999994,-0.8660254037844387,1.0
HOUSEHOLD_0197_WI_3_validation,d_109,1.0,0.0,0.0,1.0,0.0,0.0,0.0,0.2857142857142857,0.5714285714285714,0.7818314824680298,0.6234898018587336,0.49999999999999994,-0.8660254037844387,0.0
HOUSEHOLD_0197_WI_3_validation,d_110,0.0,1.0,0.0,0.0,1.0,0.0,0.0,0.2857142857142857,0.5,0.9749279121818236,-0.22252093395631434,0.49999999999999994,-0.8660254037844387,0.0
HOUSEHOLD_0197_WI_3_validation,d_111,0.0,0.0,1.0,0.0,0.0,1.0,0.0,0.2857142857142857,0.35714285714285715,0.43388373911755823,-0.900968867902419,0.49999999999999994,-0.8660254037844387,0.0
HOUSEHOLD_0197_WI_3_validation,d_112,0.0,0.0,0.0,1.0,0.0,0.0,1.0,0.2857142857142857,0.35714285714285715,-0.433883739117558,-0.9009688679024191,0.49999999999999994,-0.8660254037844387,0.0
HOUSEHOLD_0197_WI_3_validation,d_113,0.0,0.0,0.0,0.0,1.0,0.0,0.0,0.14285714285714285,0.35714285714285715,-0.9749279121818236,-0.2225209339563146,0.49999999999999994,-0.8660254037844387,0.0
HOUSEHOLD_0197_WI_3_validation,d_114,0.0,0.0,0.0,0.0,0.0,1.0,0.0,0.14285714285714285,0.35714285714285715,-0.7818314824680299,0.6234898018587334,0.49999999999999994,-0.8660254037844387,1.0
HOUSEHOLD_0197_WI_3_validation,d_115,1.0,0.0,0.0,0.0,0.0,0.0,1.0,0.2857142857142857,0.2857142857142857,0.0,1.0,0.49999999999999994,-0.8660254037844387,1.0
HOUSEHOLD_0197_WI_3_validation,d_116,1.0,1.0,0.0,0.0,0.0,0.0,0.0,0.2857142857142857,0.2857142857142857,0.7818314824680298,0.6234898018587336,0.49999999999999994,-0.8660254037844387,1.0
HOUSEHOLD_0203_TX_3_validation,d_50,0.0,0.0,0.0,0.0,0.0,0.0,0.0,0.0,0.07142857142857142,-0.9749279121818236,-0.2225209339563146,1.0,6.123233995736766e-17,0.0
HOUSEHOLD_0203_TX_3_validation,d_51,0.0,0.0,0.0,0.0,0.0,0.0,0.0,0.0,0.07142857142857142,-0.7818314824680299,0.6234898018587334,1.0,6.123233995736766e-17,0.0
HOUSEHOLD_0203_TX_3_validation,d_52,0.0,0.0,0.0,0.0,0.0,0.0,0.0,0.0,0.0,0.0,1.0,1.0,6.123233995736766e-17,1.0
HOUSEHOLD_0203_TX_3_validation,d_53,1.0,0.0,0.0,0.0,0.0,0.0,0.0,0.14285714285714285,0.07142857142857142,0.7818314824680298,0.6234898018587336,1.0,6.123233995736766e-17,1.0
HOUSEHOLD_0203_TX_3_validation,d_54,1.0,1.0,0.0,0.0,0.0,0.0,0.0,0.2857142857142857,0.14285714285714285,0.9749279121818236,-0.22252093395631434,1.0,6.123233995736766e-17,0.0
HOUSEHOLD_0203_TX_3_validation,d_55,0.0,1.0,1.0,0.0,0.0,0.0,0.0,0.2857142857142857,0.14285714285714285,0.43388373911755823,-0.900968867902419,1.0,6.123233995736766e-17,0.0
HOUSEHOLD_0203_TX_3_validation,d_56,0.0,0.0,1.0,1.0,0.0,0.0,0.0,0.2857142857142857,0.14285714285714285,-0.433883739117558,-0.9009688679024191,1.0,6.123233995736766e-17,0.0
HOUSEHOLD_0203_TX_3_validation,d_57,0.0,0.0,0.0,1.0,1.0,0.0,0.0,0.2857142857142857,0.14285714285714285,-0.9749279121818236,-0.2225209339563146,1.0,6.123233995736766e-17,0.0
HOUSEHOLD_0203_TX_3_validation,d_58,0.0,0.0,0.0,0.0,1.0,1.0,0.0,0.2857142857142857,0.14285714285714285,-0.7818314824680299,0.6234898018587334,1.0,6.123233995736766e-17,2.0
HOUSEHOLD_0203_TX_3_validation,d_59,2.0,0.0,0.0,0.0,0.0,1.0,1.0,0.5714285714285714,0.2857142857142857,0.0,1.0,1.0,6.123233995736766e-17,0.0
HOUSEHOLD_0203_TX_3_validation,d_60,0.0,2.0,0.0,0.0,0.0,0.0,1.0,0.42857142857142855,0.2857142857142857,0.7818314824680298,0.6234898018587336,1.0,6.123233995736766e-17,0.0
HOUSEHOLD_0203_TX_3_validation,d_61,0.0,0.0,2.0,0.0,0.0,0.0,0.0,0.2857142857142857,0.2857142857142857,0.9749279121818236,-0.22252093395631434,1.0,6.123233995736766e-17,0.0
HOUSEHOLD_0203_TX_3_validation,d_62,0.0,0.0,0.0,2.0,0.0,0.0,0.0,0.2857142857142857,0.2857142857142857,0.43388373911755823,-0.900968867902419,1.0,6.123233995736766e-17,0.0
HOUSEHOLD_0203_TX_3_validation,d_63,0.0,0.0,0.0,0.0,2.0,0.0,0.0,0.2857142857142857,0.2857142857142857,-0.433883739117558,-0.9009688679024191,0.8660254037844387,-0.4999999999999998,1.0
HOUSEHOLD_0203_TX_3_validation,d_64,1.0,0.0,0.0,0.0,0.0,2.0,0.0,0.42857142857142855,0.35714285714285715,-0.9749279121818236,-0.2225209339563146,0.8660254037844387,-0.4999999999999998,2.0
HOUSEHOLD_0203_TX_3_validation,d_65,2.0,1.0,0.0,0.0,0.0,0.0,2.0,0.7142857142857143,0.5,-0.7818314824680299,0.6234898018587334,0.8660254037844387,-0.4999999999999998,2.0
HOUSEHOLD_0203_TX_3_validation,d_66,2.0,2.0,1.0,0.0,0.0,0.0,0.0,0.7142857142857143,0.6428571428571429,0.0,1.0,0.8660254037844387,-0.4999999999999998,0.0
HOUSEHOLD_0203_TX_3_validation,d_67,0.0,2.0,2.0,1.0,0.0,0.0,0.0,0.7142857142857143,0.5714285714285714,0.7818314824680298,0.6234898018587336,0.8660254037844387,-0.4999999999999998,0.0
HOUSEHOLD_0203_TX_3_validation,d_68,0.0,0.0,2.0,2.0,1.0,0.0,0.0,0.7142857142857143,0.5,0.9749279121818236,-0.22252093395631434,0.8660254037844387,-0.4999999999999998,0.0
HOUSEHOLD_0203_TX_3_validation,d_69,0.0,0.0,0.0,2.0,2.0,1.0,0.0,0.7142857142857143,0.5,0.43388373911755823,-0.900968867902419,0.8660254037844387,-0.4999999999999998,0.0
HOUSEHOLD_0203_TX_3_validation,d_70,0.0,0.0,0.0,0.0,2.0,2.0,1.0,0.7142857142857143,0.5,-0.433883739117558,-0.9009688679024191,0.8660254037844387,-0.4999999999999998,0.0
HOUSEHOLD_0203_TX_3_validation,d_71,0.0,0.0,0.0,0.0,0.0,2.0,2.0,0.5714285714285714,0.5,-0.9749279121818236,-0.2225209339563146,0.8660254037844387,-0.4999999999999998,0.0
HOUSEHOLD_0203_TX_3_validation,d_72,0.0,0.0,0.0,0.0,0.0,0.0,2.0,0.2857142857142857,0.5,-0.7818314824680299,0.6234898018587334,0.8660254037844387,-0.4999999999999998,1.0
HOUSEHOLD_0203_TX_3_validation,d_73,1.0,0.0,0.0,0.0,0.0,0.0,0.0,0.14285714285714285,0.42857142857142855,0.0,1.0,0.8660254037844387,-0.4999999999999998,0.0
HOUSEHOLD_0203_TX_3_validation,d_74,0.0,1.0,0.0,0.0,0.0,0.0,0.0,0.14285714285714285,0.42857142857142855,0.7818314824680298,0.6234898018587336,0.8660254037844387,-0.4999999999999998,0.0
HOUSEHOLD_0203_TX_3_validation,d_75,0.0,0.0,1.0,0.0,0.0,0.0,0.0,0.14285714285714285,0.42857142857142855,0.9749279121818236,-0.22252093395631434,0.8660254037844387,-0.4999999999999998,0.0
HOUSEHOLD_0203_TX_3_validation,d_76,0.0,0.0,0.0,1.0,0.0,0.0,0.0,0.14285714285714285,0.42857142857142855,0.43388373911755823,-0.900968867902419,0.8660254037844387,-0.4999999999999998,0.0
HOUSEHOLD_0203_TX_3_validation,d_77,0.0,0.0,0.0,0.0,1.0,0.0,0.0,0.14285714285714285,0.42857142857142855,-0.433883739117558,-0.9009688679024191,0.8660254037844387,-0.4999999999999998,0.0
HOUSEHOLD_0203_TX_3_validation,d_78,0.0,0.0,0.0,0.0,0.0,1.0,0.0,0.14285714285714285,0.35714285714285715,-0.9749279121818236,-0.2225209339563146,0.8660254037844387,-0.4999999999999998,0.0
HOUSEHOLD_0203_TX_3_validation,d_79,0.0,0.0,0.0,0.0,0.0,0.0,1.0,0.14285714285714285,0.21428571428571427,-0.7818314824680299,0.6234898018587334,0.8660254037844387,-0.4999999999999998,1.0
HOUSEHOLD_0203_TX_3_validation,d_80,1.0,0.0,0.0,0.0,0.0,0.0,0.0,0.14285714285714285,0.14285714285714285,0.0,1.0,0.8660254037844387,-0.4999999999999998,1.0
HOUSEHOLD_0203_TX_3_validation,d_81,1.0,1.0,0.0,0.0,0.0,0.0,0.0,0.2857142857142857,0.21428571428571427,0.7818314824680298,0.6234898018587336,0.8660254037844387,-0.4999999999999998,1.0
HOUSEHOLD_0203_TX_3_validation,d_82,1.0,1.0,1.0,0.0,0.0,0.0,0.0,0.42857142857142855,0.2857142857142857,0.9749279121818236,-0.22252093395631434,0.8660254037844387,-0.4999999999999998,2.0
HOUSEHOLD_0203_TX_3_validation,d_83,2.0,1.0,1.0,1.0,0.0,0.0,0.0,0.7142857142857143,0.42857142857142855,0.43388373911755823,-0.900968867902419,0.8660254037844387,-0.4999999999999998,0.0
HOUSEHOLD_0203_TX_3_validation,d_84,0.0,2.0,1.0,1.0,1.0,0.0,0.0,0.7142857142857143,0.42857142857142855,-0.433883739117558,-0.9009688679024191,0.8660254037844387,-0.4999999999999998,0.0
HOUSEHOLD_0203_TX_3_validation,d_85,0.0,0.0,2.0,1.0,1.0,1.0,0.0,0.7142857142857143,0.42857142857142855,-0.9749279121818236,-0.2225209339563146,0.8660254037844387,-0.4999999999999998,1.0
HOUSEHOLD_0203_TX_3_validation,d_86,1.0,0.0,0.0,2.0,1.0,1.0,1.0,0.8571428571428571,0.5,-0.7818314824680299,0.6234898018587334,0.8660254037844387,-0.4999999999999998,1.0
HOUSEHOLD_0203_TX_3_validation,d_87,1.0,1.0,0.0,0.0,2.0,1.0,1.0,0.8571428571428571,0.5,0.0,1.0,0.8660254037844387,-0.4999999999999998,1.0
HOUSEHOLD_0203_TX_3_validation,d_88,1.0,1.0,1.0,0.0,0.0,2.0,1.0,0.8571428571428571,0.5714285714285714,0.7818314824680298,0.6234898018587336,0.8660254037844387,-0.4999999999999998,0.0
HOUSEHOLD_0203_TX_3_validation,d_89,0.0,1.0,1.0,1.0,0.0,0.0,2.0,0.7142857142857143,0.5714285714285714,0.9749279121818236,-0.22252093395631434,0.8660254037844387,-0.4999999999999998,0.0
HOUSEHOLD_0203_TX_3_validation,d_90,0.0,0.0,1.0,1.0,1.0,0.0,0.0,0.42857142857142855,0.5714285714285714,0.43388373911755823,-0.900968867902419,0.8660254037844387,-0.4999999999999998,0.0
HOUSEHOLD_0203_TX_3_validation,d_91,0.0,0.0,0.0,1.0,1.0,1.0,0.0,0.42857142857142855,0.5714285714285714,-0.433883739117558,-0.9009688679024191,0.8660254037844387,-0.4999999999999998,0.0
HOUSEHOLD_0203_TX_3_validation,d_92,0.0,0.0,0.0,0.0,1.0,1.0,1.0,0.42857142857142855,0.5714285714285714,-0.9749279121818236,-0.2225209339563146,0.8660254037844387,-0.4999999999999998,0.0
HOUSEHOLD_0203_TX_3_validation,d_93,0.0,0.0,0.0,0.0,0.0,1.0,1.0,0.2857142857142857,0.5714285714285714,-0.7818314824680299,0.6234898018587334,0.49999999999999994,-0.8660254037844387,1.0
HOUSEHOLD_0203_TX_3_validation,d_94,1.0,0.0,0.0,0.0,0.0,0.0,1.0,0.2857142857142857,0.5714285714285714,0.0,1.0,0.49999999999999994,-0.8660254037844387,1.0
HOUSEHOLD_0203_TX_3_validation,d_95,1.0,1.0,0.0,0.0,0.0,0.0,0.0,0.2857142857142857,0.5714285714285714,0.7818314824680298,0.6234898018587336,0.49999999999999994,-0.8660254037844387,1.0
HOUSEHOLD_0203_TX_3_validation,d_96,1.0,1.0,1.0,0.0,0.0,0.0,0.0,0.42857142857142855,0.5714285714285714,0.9749279121818236,-0.22252093395631434,0.49999999999999994,-0.8660254037844387,0.0
HOUSEHOLD_0203_TX_3_validation,d_97,0.0,1.0,1.0,1.0,0.0,0.0,0.0,0.42857142857142855,0.42857142857142855,0.43388373911755823,-0.900968867902419,0.49999999999999994,-0.8660254037844387,0.0
HOUSEHOLD_0203_TX_3_validation,d_98,0.0,0.0,1.0,1.0,1.0,0.0,0.0,0.42857142857142855,0.42857142857142855,-0.433883739117558,-0.9009688679024191,0.49999999999999994,-0.8660254037844387,0.0
HOUSEHOLD_0203_TX_3_validation,d_99,0.0,0.0,0.0,1.0,1.0,1.0,0.0,0.42857142857142855,0.42857142857142855,-0.9749279121818236,-0.2225209339563146,0.49999999999999994,-0.8660254037844387,0.0
HOUSEHOLD_0203_TX_3_validation,d_100,0.0,0.0,0.0,0.0,1.0,1.0,1.0,0.42857142857142855,0.35714285714285715,-0.7818314824680299,0.6234898018587334,0.49999999999999994,-0.8660254037844387,0.0
HOUSEHOLD_0203_TX_3_validation,d_101,0.0,0.0,0.0,0.0,0.0,1.0,1.0,0.2857142857142857,0.2857142857142857,0.0,1.0,0.49999999999999994,-0.8660254037844387,0.0
HOUSEHOLD_0203_TX_3_validation,d_102,0.0,0.0,0.0,0.0,0.0,0.0,1.0,0.14285714285714285,0.21428571428571427,0.7818314824680298,0.6234898018587336,0.49999999999999994,-0.8660254037844387,1.0
HOUSEHOLD_0203_TX_3_validation,d_103,1.0,0.0,0.0,0.0,0.0,0.0,0.0,0.14285714285714285,0.2857142857142857,0.9749279121818236,-0.22252093395631434,0.49999999999999994,-0.8660254037844387,0.0
HOUSEHOLD_0203_TX_3_validation,d_104,0.0,1.0,0.0,0.0,0.0,0.0,0.0,0.14285714285714285,0.2857142857142857,0.43388373911755823,-0.900968867902419,0.49999999999999994,-0.8660254037844387,0.0
HOUSEHOLD_0203_TX_3_validation,d_105,0.0,0.0,1.0,0.0,0.0,0.0,0.0,0.14285714285714285,0.2857142857142857,-0.433883739117558,-0.9009688679024191,0.49999999999999994,-0.8660254037844387,0.0
HOUSEHOLD_0203_TX_3_validation,d_106,0.0,0.0,0.0,1.0,0.0,0.0,0.0,0.14285714285714285,0.2857142857142857,-0.9749279121818236,-0.2225209339563146,0.49999999999999994,-0.8660254037844387,0.0
HOUSEHOLD_0203_TX_3_validation,d_107,0.0,0.0,0.0,0.0,1.0,0.0,0.0,0.14285714285714285,0.2857142857142857,-0.7818314824680299,0.6234898018587334,0.49999999999999994,-0.8660254037844387,0.0
HOUSEHOLD_0203_TX_3_validation,d_108,0.0,0.0,0.0,0.0,0.0,1.0,0.0,0.14285714285714285,0.21428571428571427,0.0,1.0,0.49999999999999994,-0.8660254037844387,1.0
HOUSEHOLD_0203_TX_3_validation,d_109,1.0,0.0,0.0,0.0,0.0,0.0,1.0,0.2857142857142857,0.21428571428571427,0.7818314824680298,0.6234898018587336,0.49999999999999994,-0.8660254037844387,1.0
HOUSEHOLD_0203_TX_3_validation,d_110,1.0,1.0,0.0,0.0,0.0,0.0,0.0,0.2857142857142857,0.21428571428571427,0.9749279121818236,-0.22252093395631434,0.49999999999999994,-0.8660254037844387,1.0
HOUSEHOLD_0203_TX_3_validation,d_111,1.0,1.0,1.0,0.0,0.0,0.0,0.0,0.42857142857142855,0.2857142857142857,0.43388373911755823,-0.900968867902419,0.49999999999999994,-0.8660254037844387,0.0
HOUSEHOLD_0203_TX_3_validation,d_112,0.0,1.0,1.0,1.0,0.0,0.0,0.0,0.42857142857142855,0.2857142857142857,-0.433883739117558,-0.9009688679024191,0.49999999999999994,-0.8660254037844387,0.0
HOUSEHOLD_0203_TX_3_validation,d_113,0.0,0.0,1.0,1.0,1.0,0.0,0.0,0.42857142857142855,0.2857142857142857,-0.9749279121818236,-0.2225209339563146,0.49999999999999994,-0.8660254037844387,0.0
HOUSEHOLD_0203_TX_3_validation,d_114,0.0,0.0,0.0,1.0,1.0,1.0,0.0,0.42857142857142855,0.2857142857142857,-0.7818314824680299,0.6234898018587334,0.49999999999999994,-0.8660254037844387,1.0
HOUSEHOLD_0203_TX_3_validation,d_115,1.0,0.0,0.0,0.0,1.0,1.0,1.0,0.5714285714285714,0.35714285714285715,0.0,1.0,0.49999999999999994,-0.8660254037844387,0.0
HOUSEHOLD_0203_TX_3_validation,d_116,0.0,1.0,0.0,0.0,0.0,1.0,1.0,0.42857142857142855,0.35714285714285715,0.7818314824680298,0.6234898018587336,0.49999999999999994,-0.8660254037844387,0.0
HOBBIES_0207_CA_1_validation,d_50,0.0,0.0,0.0,0.0,1.0,1.0,0.0,0.2857142857142857,0.21428571428571427,-0.9749279121818236,-0.2225209339563146,1.0,6.123233995736766e-17,0.0
HOBBIES_0207_CA_1_validation,d_51,0.0,0.0,0.0,0.0,0.0,1.0,1.0,0.2857142857142857,0.21428571428571427,-0.7818314824680299,0.6234898018587334,1.0,6.123233995736766e-17,0.0
HOBBIES_0207_CA_1_validation,d_52,0.0,0.0,0.0,0.0,0.0,0.0,1.0,0.14285714285714285,0.21428571428571427,0.0,1.0,1.0,6.123233995736766e-17,1.0
HOBBIES_0207_CA_1_validation,d_53,1.0,0.0,0.0,0.0,0.0,0.0,0.0,0.14285714285714285,0.21428571428571427,0.7818314824680298,0.6234898018587336,1.0,6.123233995736766e-17,0.0
HOBBIES_0207_CA_1_validation,d_54,0.0,1.0,0.0,0.0,0.0,0.0,0.0,0.14285714285714285,0.21428571428571427,0.9749279121818236,-0.22252093395631434,1.0,6.123233995736766e-17,0.0
HOBBIES_0207_CA_1_validation,d_55,0.0,0.0,1.0,0.0,0.0,0.0,0.0,0.14285714285714285,0.21428571428571427,0.43388373911755823,-0.900968867902419,1.0,6.123233995736766e-17,0.0
HOBBIES_0207_CA_1_validation,d_56,0.0,0.0,0.0,1.0,0.0,0.0,0.0,0.14285714285714285,0.21428571428571427,-0.433883739117558,-0.9009688679024191,1.0,6.123233995736766e-17,0.0
HOBBIES_0207_CA_1_validation,d_57,0.0,0.0,0.0,0.0,1.0,0.0,0.0,0.14285714285714285,0.21428571428571427,-0.9749279121818236,-0.2225209339563146,1.0,6.123233995736766e-17,1.0
HOBBIES_0207_CA_1_validation,d_58,1.0,0.0,0.0,0.0,0.0,1.0,0.0,0.2857142857142857,0.2857142857142857,-0.7818314824680299,0.6234898018587334,1.0,6.123233995736766e-17,0.0
HOBBIES_0207_CA_1_validation,d_59,0.0,1.0,0.0,0.0,0.0,0.0,1.0,0.2857142857142857,0.21428571428571427,0.0,1.0,1.0,6.123233995736766e-17,0.0
HOBBIES_0207_CA_1_validation,d_60,0.0,0.0,1.0,0.0,0.0,0.0,0.0,0.14285714285714285,0.14285714285714285,0.7818314824680298,0.6234898018587336,1.0,6.123233995736766e-17,0.0
HOBBIES_0207_CA_1_validation,d_61,0.0,0.0,0.0,1.0,0.0,0.0,0.0,0.14285714285714285,0.14285714285714285,0.9749279121818236,-0.22252093395631434,1.0,6.123233995736766e-17,0.0
HOBBIES_0207_CA_1_validation,d_62,0.0,0.0,0.0,0.0,1.0,0.0,0.0,0.14285714285714285,0.14285714285714285,0.43388373911755823,-0.900968867902419,1.0,6.123233995736766e-17,0.0
HOBBIES_0207_CA_1_validation,d_63,0.0,0.0,0.0,0.0,0.0,1.0,0.0,0.14285714285714285,0.14285714285714285,-0.433883739117558,-0.9009688679024191,0.8660254037844387,-0.4999999999999998,0.0
HOBBIES_0207_CA_1_validation,d_64,0.0,0.0,0.0,0.0,0.0,0.0,1.0,0.14285714285714285,0.14285714285714285,-0.9749279121818236,-0.2225209339563146,0.8660254037844387,-0.4999999999999998,1.0
HOBBIES_0207_CA_1_validation,d_65,1.0,0.0,0.0,0.0,0.0,0.0,0.0,0.14285714285714285,0.21428571428571427,-0.7818314824680299,0.6234898018587334,0.8660254037844387,-0.4999999999999998,0.0
HOBBIES_0207_CA_1_validation,d_66,0.0,1.0,0.0,0.0,0.0,0.0,0.0,0.14285714285714285,0.21428571428571427,0.0,1.0,0.8660254037844387,-0.4999999999999998,1.0
HOBBIES_0207_CA_1_validation,d_67,1.0,0.0,1.0,0.0,0.0,0.0,0.0,0.2857142857142857,0.21428571428571427,0.7818314824680298,0.6234898018587336,0.8660254037844387,-0.4999999999999998,1.0
HOBBIES_0207_CA_1_validation,d_68,1.0,1.0,0.0,1.0,0.0,0.0,0.0,0.42857142857142855,0.2857142857142857,0.9749279121818236,-0.22252093395631434,0.8660254037844387,-0.4999999999999998,0.0
HOBBIES_0207_CA_1_validation,d_69,0.0,1.0,1.0,0.0,1.0,0.0,0.0,0.42857142857142855,0.2857142857142857,0.43388373911755823,-0.900968867902419,0.8660254037844387,-0.4999999999999998,0.0
HOBBIES_0207_CA_1_validation,d_70,0.0,0.0,1.0,1.0,0.0,1.0,0.0,0.42857142857142855,0.2857142857142857,-0.433883739117558,-0.9009688679024191,0.8660254037844387,-0.4999999999999998,0.0
HOBBIES_0207_CA_1_validation,d_71,0.0,0.0,0.0,1.0,1.0,0.0,1.0,0.42857142857142855,0.2857142857142857,-0.9749279121818236,-0.2225209339563146,0.8660254037844387,-0.4999999999999998,0.0
HOBBIES_0207_CA_1_validation,d_72,0.0,0.0,0.0,0.0,1.0,1.0,0.0,0.2857142857142857,0.21428571428571427,-0.7818314824680299,0.6234898018587334,0.8660254037844387,-0.4999999999999998,0.0
HOBBIES_0207_CA_1_validation,d_73,0.0,0.0,0.0,0.0,0.0,1.0,1.0,0.2857142857142857,0.21428571428571427,0.0,1.0,0.8660254037844387,-0.4999999999999998,0.0
HOBBIES_0207_CA_1_validation,d_74,0.0,0.0,0.0,0.0,0.0,0.0,1.0,0.14285714285714285,0.21428571428571427,0.7818314824680298,0.6234898018587336,0.8660254037844387,-0.4999999999999998,0.0
HOBBIES_0207_CA_1_validation,d_75,0.0,0.0,0.0,0.0,0.0,0.0,0.0,0.0,0.21428571428571427,0.9749279121818236,-0.22252093395631434,0.8660254037844387,-0.4999999999999998,0.0
HOBBIES_0207_CA_1_validation,d_76,0.0,0.0,0.0,0.0,0.0,0.0,0.0,0.0,0.21428571428571427,0.43388373911755823,-0.900968867902419,0.8660254037844387,-0.4999999999999998,0.0
HOBBIES_0207_CA_1_validation,d_77,0.0,0.0,0.0,0.0,0.0,0.0,0.0,0.0,0.21428571428571427,-0.433883739117558,-0.9009688679024191,0.8660254037844387,-0.4999999999999998,0.0
HOBBIES_0207_CA_1_validation,d_78,0.0,0.0,0.0,0.0,0.0,0.0,0.0,0.0,0.21428571428571427,-0.9749279121818236,-0.2225209339563146,0.8660254037844387,-0.4999999999999998,0.0
HOBBIES_0207_CA_1_validation,d_79,0.0,0.0,0.0,0.0,0.0,0.0,0.0,0.0,0.14285714285714285,-0.7818314824680299,0.6234898018587334,0.8660254037844387,-0.4999999999999998,0.0
HOBBIES_0207_CA_1_validation,d_80,0.0,0.0,0.0,0.0,0.0,0.0,0.0,0.0,0.14285714285714285,0.0,1.0,0.8660254037844387,-0.4999999999999998,1.0
HOBBIES_0207_CA_1_validation,d_81,1.0,0.0,0.0,0.0,0.0,0.0,0.0,0.14285714285714285,0.14285714285714285,0.7818314824680298,0.6234898018587336,0.8660254037844387,-0.4999999999999998,1.0
HOBBIES_0207_CA_1_validation,d_82,1.0,1.0,0.0,0.0,0.0,0.0,0.0,0.2857142857142857,0.14285714285714285,0.9749279121818236,-0.22252093395631434,0.8660254037844387,-0.4999999999999998,0.0
HOBBIES_0207_CA_1_validation,d_83,0.0,1.0,1.0,0.0,0.0,0.0,0.0,0.2857142857142857,0.14285714285714285,0.43388373911755823,-0.900968867902419,0.8660254037844387,-0.4999999999999998,0.0
HOBBIES_0207_CA_1_validation,d_84,0.0,0.0,1.0,1.0,0.0,0.0,0.0,0.2857142857142857,0.14285714285714285,-0.433883739117558,-0.9009688679024191,0.8660254037844387,-0.4999999999999998,0.0
HOBBIES_0207_CA_1_validation,d_85,0.0,0.0,0.0,1.0,1.0,0.0,0.0,0.2857142857142857,0.14285714285714285,-0.9749279121818236,-0.2225209339563146,0.8660254037844387,-0.4999999999999998,0.0
HOBBIES_0207_CA_1_validation,d_86,0.0,0.0,0.0,0.0,1.0,1.0,0.0,0.2857142857142857,0.14285714285714285,-0.7818314824680299,0.6234898018587334,0.8660254037844387,-0.4999999999999998,0.0
HOBBIES_0207_CA_1_validation,d_87,0.0,0.0,0.0,0.0,0.0,1.0,1.0,0.2857142857142857,0.14285714285714285,0.0,1.0,0.8660254037844387,-0.4999999999999998,1.0
HOBBIES_0207_CA_1_validation,d_88,1.0,0.0,0.0,0.0,0.0,0.0,1.0,0.2857142857142857,0.21428571428571427,0.7818314824680298,0.6234898018587336,0.8660254037844387,-0.4999999999999998,1.0
HOBBIES_0207_CA_1_validation,d_89,1.0,1.0,0.0,0.0,0.0,0.0,0.0,0.2857142857142857,0.2857142857142857,0.9749279121818236,-0.22252093395631434,0.8660254037844387,-0.4999999999999998,0.0
HOBBIES_0207_CA_1_validation,d_90,0.0,1.0,1.0,0.0,0.0,0.0,0.0,0.2857142857142857,0.2857142857142857,0.43388373911755823,-0.900968867902419,0.8660254037844387,-0.4999999999999998,0.0
HOBBIES_0207_CA_1_validation,d_91,0.0,0.0,1.0,1.0,0.0,0.0,0.0,0.2857142857142857,0.2857142857142857,-0.433883739117558,-0.9009688679024191,0.8660254037844387,-0.4999999999999998,0.0
HOBBIES_0207_CA_1_validation,d_92,0.0,0.0,0.0,1.0,1.0,0.0,0.0,0.2857142857142857,0.2857142857142857,-0.9749279121818236,-0.2225209339563146,0.8660254037844387,-0.4999999999999998,0.0
HOBBIES_0207_CA_1_validation,d_93,0.0,0.0,0.0,0.0,1.0,1.0,0.0,0.2857142857142857,0.2857142857142857,-0.7818314824680299,0.6234898018587334,0.49999999999999994,-0.8660254037844387,1.0
HOBBIES_0207_CA_1_validation,d_94,1.0,0.0,0.0,0.0,0.0,1.0,1.0,0.42857142857142855,0.35714285714285715,0.0,1.0,0.49999999999999994,-0.8660254037844387,1.0
HOBBIES_0207_CA_1_validation,d_95,1.0,1.0,0.0,0.0,0.0,0.0,1.0,0.42857142857142855,0.35714285714285715,0.7818314824680298,0.6234898018587336,0.49999999999999994,-0.8660254037844387,0.0
HOBBIES_0207_CA_1_validation,d_96,0.0,1.0,1.0,0.0,0.0,0.0,0.0,0.2857142857142857,0.2857142857142857,0.9749279121818236,-0.22252093395631434,0.49999999999999994,-0.8660254037844387,0.0
HOBBIES_0207_CA_1_validation,d_97,0.0,0.0,1.0,1.0,0.0,0.0,0.0,0.2857142857142857,0.2857142857142857,0.43388373911755823,-0.900968867902419,0.49999999999999994,-0.8660254037844387,0.0
HOBBIES_0207_CA_1_validation,d_98,0.0,0.0,0.0,1.0,1.0,0.0,0.0,0.2857142857142857,0.2857142857142857,-0.433883739117558,-0.9009688679024191,0.49999999999999994,-0.8660254037844387,0.0
HOBBIES_0207_CA_1_validation,d_99,0.0,0.0,0.0,0.0,1.0,1.0,0.0,0.2857142857142857,0.2857142857142857,-0.9749279121818236,-0.2225209339563146,0.49999999999999994,-0.8660254037844387,0.0
HOBBIES_0207_CA_1_validation,d_100,0.0,0.0,0.0,0.0,0.0,1.0,1.0,0.2857142857142857,0.2857142857142857,-0.7818314824680299,0.6234898018587334,0.49999999999999994,-0.8660254037844387,0.0
HOBBIES_0207_CA_1_validation,d_101,0.0,0.0,0.0,0.0,0.0,0.0,1.0,0.14285714285714285,0.2857142857142857,0.0,1.0,0.49999999999999994,-0.8660254037844387,0.0
HOBBIES_0207_CA_1_validation,d_102,0.0,0.0,0.0,0.0,0.0,0.0,0.0,0.0,0.21428571428571427,0.7818314824680298,0.6234898018587336,0.49999999999999994,-0.8660254037844387,0.0
HOBBIES_0207_CA_1_validation,d_103,0.0,0.0,0.0,0.0,0.0,0.0,0.0,0.0,0.14285714285714285,0.9749279121818236,-0.22252093395631434,0.49999999999999994,-0.8660254037844387,0.0
HOBBIES_0207_CA_1_validation,d_104,0.0,0.0,0.0,0.0,0.0,0.0,0.0,0.0,0.14285714285714285,0.43388373911755823,-0.900968867902419,0.49999999999999994,-0.8660254037844387,0.0
HOBBIES_0207_CA_1_validation,d_105,0.0,0.0,0.0,0.0,0.0,0.0,0.0,0.0,0.14285714285714285,-0.433883739117558,-0.9009688679024191,0.49999999999999994,-0.8660254037844387,0.0
HOBBIES_0207_CA_1_validation,d_106,0.0,0.0,0.0,0.0,0.0,0.0,0.0,0.0,0.14285714285714285,-0.9749279121818236,-0.2225209339563146,0.49999999999999994,-0.8660254037844387,1.0
HOBBIES_0207_CA_1_validation,d_107,1.0,0.0,0.0,0.0,0.0,0.0,0.0,0.14285714285714285,0.21428571428571427,-0.7818314824680299,0.6234898018587334,0.49999999999999994,-0.8660254037844387,0.0
HOBBIES_0207_CA_1_validation,d_108,0.0,1.0,0.0,0.0,0.0,0.0,0.0,0.14285714285714285,0.14285714285714285,0.0,1.0,0.49999999999999994,-0.8660254037844387,1.0
HOBBIES_0207_CA_1_validation,d_109,1.0,0.0,1.0,0.0,0.0,0.0,0.0,0.2857142857142857,0.14285714285714285,0.7818314824680298,0.6234898018587336,0.49999999999999994,-0.8660254037844387,0.0
HOBBIES_0207_CA_1_validation,d_110,0.0,1.0,0.0,1.0,0.0,0.0,0.0,0.2857142857142857,0.14285714285714285,0.9749279121818236,-0.22252093395631434,0.49999999999999994,-0.8660254037844387,0.0
HOBBIES_0207_CA_1_validation,d_111,0.0,0.0,1.0,0.0,1.0,0.0,0.0,0.2857142857142857,0.14285714285714285,0.43388373911755823,-0.900968867902419,0.49999999999999994,-0.8660254037844387,0.0
HOBBIES_0207_CA_1_validation,d_112,0.0,0.0,0.0,1.0,0.0,1.0,0.0,0.2857142857142857,0.14285714285714285,-0.433883739117558,-0.9009688679024191,0.49999999999999994,-0.8660254037844387,0.0
HOBBIES_0207_CA_1_validation,d_113,0.0,0.0,0.0,0.0,1.0,0.0,1.0,0.2857142857142857,0.14285714285714285,-0.9749279121818236,-0.2225209339563146,0.49999999999999994,-0.8660254037844387,1.0
HOBBIES_0207_CA_1_validation,d_114,1.0,0.0,0.0,0.0,0.0,1.0,0.0,0.2857142857142857,0.21428571428571427,-0.7818314824680299,0.6234898018587334,0.49999999999999994,-0.8660254037844387,1.0
HOBBIES_0207_CA_1_validation,d_115,1.0,1.0,0.0,0.0,0.0,0.0,1.0,0.42857142857142855,0.2857142857142857,0.0,1.0,0.49999999999999994,-0.8660254037844387,1.0
HOBBIES_0207_CA_1_validation,d_116,1.0,1.0,1.0,0.0,0.0,0.0,0.0,0.42857142857142855,0.35714285714285715,0.7818314824680298,0.6234898018587336,0.49999999999999994,-0.8660254037844387,0.0
HOUSEHOLD_0218_CA_3_validation,d_50,0.0,0.0,0.0,0.0,0.0,0.0,0.0,0.0,0.42857142857142855,-0.9749279121818236,-0.2225209339563146,1.0,6.123233995736766e-17,0.0
HOUSEHOLD_0218_CA_3_validation,d_51,0.0,0.0,0.0,0.0,0.0,0.0,0.0,0.0,0.42857142857142855,-0.7818314824680299,0.6234898018587334,1.0,6.123233995736766e-17,1.0
HOUSEHOLD_0218_CA_3_validation,d_52,1.0,0.0,0.0,0.0,0.0,0.0,0.0,0.14285714285714285,0.35714285714285715,0.0,1.0,1.0,6.123233995736766e-17,4.0
HOUSEHOLD_0218_CA_3_validation,d_53,4.0,1.0,0.0,0.0,0.0,0.0,0.0,0.7142857142857143,0.5714285714285714,0.7818314824680298,0.6234898018587336,1.0,6.123233995736766e-17,1.0
HOUSEHOLD_0218_CA_3_validation,d_54,1.0,4.0,1.0,0.0,0.0,0.0,0.0,0.8571428571428571,0.5714285714285714,0.9749279121818236,-0.22252093395631434,1.0,6.123233995736766e-17,0.0
HOUSEHOLD_0218_CA_3_validation,d_55,0.0,1.0,4.0,1.0,0.0,0.0,0.0,0.8571428571428571,0.5714285714285714,0.43388373911755823,-0.900968867902419,1.0,6.123233995736766e-17,0.0
HOUSEHOLD_0218_CA_3_validation,d_56,0.0,0.0,1.0,4.0,1.0,0.0,0.0,0.8571428571428571,0.5714285714285714,-0.433883739117558,-0.9009688679024191,1.0,6.123233995736766e-17,0.0
HOUSEHOLD_0218_CA_3_validation,d_57,0.0,0.0,0.0,1.0,4.0,1.0,0.0,0.8571428571428571,0.42857142857142855,-0.9749279121818236,-0.2225209339563146,1.0,6.123233995736766e-17,0.0
HOUSEHOLD_0218_CA_3_validation,d_58,0.0,0.0,0.0,0.0,1.0,4.0,1.0,0.8571428571428571,0.42857142857142855,-0.7818314824680299,0.6234898018587334,1.0,6.123233995736766e-17,0.0
HOUSEHOLD_0218_CA_3_validation,d_59,0.0,0.0,0.0,0.0,0.0,1.0,4.0,0.7142857142857143,0.42857142857142855,0.0,1.0,1.0,6.123233995736766e-17,0.0
HOUSEHOLD_0218_CA_3_validation,d_60,0.0,0.0,0.0,0.0,0.0,0.0,1.0,0.14285714285714285,0.42857142857142855,0.7818314824680298,0.6234898018587336,1.0,6.123233995736766e-17,0.0
HOUSEHOLD_0218_CA_3_validation,d_61,0.0,0.0,0.0,0.0,0.0,0.0,0.0,0.0,0.42857142857142855,0.9749279121818236,-0.22252093395631434,1.0,6.123233995736766e-17,0.0
HOUSEHOLD_0218_CA_3_validation,d_62,0.0,0.0,0.0,0.0,0.0,0.0,0.0,0.0,0.42857142857142855,0.43388373911755823,-0.900968867902419,1.0,6.123233995736766e-17,1.0
HOUSEHOLD_0218_CA_3_validation,d_63,1.0,0.0,0.0,0.0,0.0,0.0,0.0,0.14285714285714285,0.5,-0.433883739117558,-0.9009688679024191,0.8660254037844387,-0.4999999999999998,0.0
HOUSEHOLD_0218_CA_3_validation,d_64,0.0,1.0,0.0,0.0,0.0,0.0,0.0,0.14285714285714285,0.5,-0.9749279121818236,-0.2225209339563146,0.8660254037844387,-0.4999999999999998,1.0
HOUSEHOLD_0218_CA_3_validation,d_65,1.0,0.0,1.0,0.0,0.0,0.0,0.0,0.2857142857142857,0.5714285714285714,-0.7818314824680299,0.6234898018587334,0.8660254037844387,-0.4999999999999998,0.0
HOUSEHOLD_0218_CA_3_validation,d_66,0.0,1.0,0.0,1.0,0.0,0.0,0.0,0.2857142857142857,0.5,0.0,1.0,0.8660254037844387,-0.4999999999999998,0.0
HOUSEHOLD_0218_CA_3_validation,d_67,0.0,0.0,1.0,0.0,1.0,0.0,0.0,0.2857142857142857,0.21428571428571427,0.7818314824680298,0.6234898018587336,0.8660254037844387,-0.4999999999999998,1.0
HOUSEHOLD_0218_CA_3_validation,d_68,1.0,0.0,0.0,1.0,0.0,1.0,0.0,0.42857142857142855,0.21428571428571427,0.9749279121818236,-0.22252093395631434,0.8660254037844387,-0.4999999999999998,0.0
HOUSEHOLD_0218_CA_3_validation,d_69,0.0,1.0,0.0,0.0,1.0,0.0,1.0,0.42857142857142855,0.21428571428571427,0.43388373911755823,-0.900968867902419,0.8660254037844387,-0.4999999999999998,0.0
HOUSEHOLD_0218_CA_3_validation,d_70,0.0,0.0,1.0,0.0,0.0,1.0,0.0,0.2857142857142857,0.21428571428571427,-0.433883739117558,-0.9009688679024191,0.8660254037844387,-0.4999999999999998,0.0
HOUSEHOLD_0218_CA_3_validation,d_71,0.0,0.0,0.0,1.0,0.0,0.0,1.0,0.2857142857142857,0.21428571428571427,-0.9749279121818236,-0.2225209339563146,0.8660254037844387,-0.4999999999999998,0.0
HOUSEHOLD_0218_CA_3_validation,d_72,0.0,0.0,0.0,0.0,1.0,0.0,0.0,0.14285714285714285,0.21428571428571427,-0.7818314824680299,0.6234898018587334,0.8660254037844387,-0.4999999999999998,1.0
HOUSEHOLD_0218_CA_3_validation,d_73,1.0,0.0,0.0,0.0,0.0,1.0,0.0,0.2857142857142857,0.2857142857142857,0.0,1.0,0.8660254037844387,-0.4999999999999998,0.0
HOUSEHOLD_0218_CA_3_validation,d_74,0.0,1.0,0.0,0.0,0.0,0.0,1.0,0.2857142857142857,0.2857142857142857,0.7818314824680298,0.6234898018587336,0.8660254037844387,-0.4999999999999998,0.0
HOUSEHOLD_0218_CA_3_validation,d_75,0.0,0.0,1.0,0.0,0.0,0.0,0.0,0.14285714285714285,0.2857142857142857,0.9749279121818236,-0.22252093395631434,0.8660254037844387,-0.4999999999999998,0.0
HOUSEHOLD_0218_CA_3_validation,d_76,0.0,0.0,0.0,1.0,0.0,0.0,0.0,0.14285714285714285,0.2857142857142857,0.43388373911755823,-0.900968867902419,0.8660254037844387,-0.4999999999999998,0.0
HOUSEHOLD_0218_CA_3_validation,d_77,0.0,0.0,0.0,0.0,1.0,0.0,0.0,0.14285714285714285,0.21428571428571427,-0.433883739117558,-0.9009688679024191,0.8660254037844387,-0.4999999999999998,0.0
HOUSEHOLD_0218_CA_3_validation,d_78,0.0,0.0,0.0,0.0,0.0,1.0,0.0,0.14285714285714285,0.21428571428571427,-0.9749279121818236,-0.2225209339563146,0.8660254037844387,-0.4999999999999998,1.0
HOUSEHOLD_0218_CA_3_validation,d_79,1.0,0.0,0.0,0.0,0.0,0.0,1.0,0.2857142857142857,0.21428571428571427,-0.7818314824680299,0.6234898018587334,0.8660254037844387,-0.4999999999999998,1.0
HOUSEHOLD_0218_CA_3_validation,d_80,1.0,1.0,0.0,0.0,0.0,0.0,0.0,0.2857142857142857,0.2857142857142857,0.0,1.0,0.8660254037844387,-0.4999999999999998,0.0
HOUSEHOLD_0218_CA_3_validation,d_81,0.0,1.0,1.0,0.0,0.0,0.0,0.0,0.2857142857142857,0.2857142857142857,0.7818314824680298,0.6234898018587336,0.8660254037844387,-0.4999999999999998,0.0
HOUSEHOLD_0218_CA_3_validation,d_82,0.0,0.0,1.0,1.0,0.0,0.0,0.0,0.2857142857142857,0.21428571428571427,0.9749279121818236,-0.22252093395631434,0.8660254037844387,-0.4999999999999998,1.0
HOUSEHOLD_0218_CA_3_validation,d_83,1.0,0.0,0.0,1.0,1.0,0.0,0.0,0.42857142857142855,0.2857142857142857,0.43388373911755823,-0.900968867902419,0.8660254037844387,-0.4999999999999998,0.0
HOUSEHOLD_0218_CA_3_validation,d_84,0.0,1.0,0.0,0.0,1.0,1.0,0.0,0.42857142857142855,0.2857142857142857,-0.433883739117558,-0.9009688679024191,0.8660254037844387,-0.4999999999999998,1.0
HOUSEHOLD_0218_CA_3_validation,d_85,1.0,0.0,1.0,0.0,0.0,1.0,1.0,0.5714285714285714,0.35714285714285715,-0.9749279121818236,-0.2225209339563146,0.8660254037844387,-0.4999999999999998,0.0
HOUSEHOLD_0218_CA_3_validation,d_86,0.0,1.0,0.0,1.0,0.0,0.0,1.0,0.42857142857142855,0.35714285714285715,-0.7818314824680299,0.6234898018587334,0.8660254037844387,-0.4999999999999998,3.0
HOUSEHOLD_0218_CA_3_validation,d_87,3.0,0.0,1.0,0.0,1.0,0.0,0.0,0.7142857142857143,0.5,0.0,1.0,0.8660254037844387,-0.4999999999999998,3.0
HOUSEHOLD_0218_CA_3_validation,d_88,3.0,3.0,0.0,1.0,0.0,1.0,0.0,1.1428571428571428,0.7142857142857143,0.7818314824680298,0.6234898018587336,0.8660254037844387,-0.4999999999999998,0.0
HOUSEHOLD_0218_CA_3_validation,d_89,0.0,3.0,3.0,0.0,1.0,0.0,1.0,1.1428571428571428,0.7142857142857143,0.9749279121818236,-0.22252093395631434,0.8660254037844387,-0.4999999999999998,0.0
HOUSEHOLD_0218_CA_3_validation,d_90,0.0,0.0,3.0,3.0,0.0,1.0,0.0,1.0,0.7142857142857143,0.43388373911755823,-0.900968867902419,0.8660254037844387,-0.4999999999999998,0.0
HOUSEHOLD_0218_CA_3_validation,d_91,0.0,0.0,0.0,3.0,3.0,0.0,1.0,1.0,0.7142857142857143,-0.433883739117558,-0.9009688679024191,0.8660254037844387,-0.4999999999999998,0.0
HOUSEHOLD_0218_CA_3_validation,d_92,0.0,0.0,0.0,0.0,3.0,3.0,0.0,0.8571428571428571,0.7142857142857143,-0.9749279121818236,-0.2225209339563146,0.8660254037844387,-0.4999999999999998,2.0
HOUSEHOLD_0218_CA_3_validation,d_93,2.0,0.0,0.0,0.0,0.0,3.0,3.0,1.1428571428571428,0.7857142857142857,-0.7818314824680299,0.6234898018587334,0.49999999999999994,-0.8660254037844387,2.0
HOUSEHOLD_0218_CA_3_validation,d_94,2.0,2.0,0.0,0.0,0.0,0.0,3.0,1.0,0.8571428571428571,0.0,1.0,0.49999999999999994,-0.8660254037844387,1.0
HOUSEHOLD_0218_CA_3_validation,d_95,1.0,2.0,2.0,0.0,0.0,0.0,0.0,0.7142857142857143,0.9285714285714286,0.7818314824680298,0.6234898018587336,0.49999999999999994,-0.8660254037844387,0.0
HOUSEHOLD_0218_CA_3_validation,d_96,0.0,1.0,2.0,2.0,0.0,0.0,0.0,0.7142857142857143,0.9285714285714286,0.9749279121818236,-0.22252093395631434,0.49999999999999994,-0.8660254037844387,0.0
HOUSEHOLD_0218_CA_3_validation,d_97,0.0,0.0,1.0,2.0,2.0,0.0,0.0,0.7142857142857143,0.8571428571428571,0.43388373911755823,-0.900968867902419,0.49999999999999994,-0.8660254037844387,0.0
HOUSEHOLD_0218_CA_3_validation,d_98,0.0,0.0,0.0,1.0,2.0,2.0,0.0,0.7142857142857143,0.8571428571428571,-0.433883739117558,-0.9009688679024191,0.49999999999999994,-0.8660254037844387,1.0
HOUSEHOLD_0218_CA_3_validation,d_99,1.0,0.0,0.0,0.0,1.0,2.0,2.0,0.8571428571428571,0.8571428571428571,-0.9749279121818236,-0.2225209339563146,0.49999999999999994,-0.8660254037844387,2.0
HOUSEHOLD_0218_CA_3_validation,d_100,2.0,1.0,0.0,0.0,0.0,1.0,2.0,0.8571428571428571,1.0,-0.7818314824680299,0.6234898018587334,0.49999999999999994,-0.8660254037844387,1.0
HOUSEHOLD_0218_CA_3_validation,d_101,1.0,2.0,1.0,0.0,0.0,0.0,1.0,0.7142857142857143,0.8571428571428571,0.0,1.0,0.49999999999999994,-0.8660254037844387,0.0
HOUSEHOLD_0218_CA_3_validation,d_102,0.0,1.0,2.0,1.0,0.0,0.0,0.0,0.5714285714285714,0.6428571428571429,0.7818314824680298,0.6234898018587336,0.49999999999999994,-0.8660254037844387,1.0
HOUSEHOLD_0218_CA_3_validation,d_103,1.0,0.0,1.0,2.0,1.0,0.0,0.0,0.7142857142857143,0.7142857142857143,0.9749279121818236,-0.22252093395631434,0.49999999999999994,-0.8660254037844387,0.0
HOUSEHOLD_0218_CA_3_validation,d_104,0.0,1.0,0.0,1.0,2.0,1.0,0.0,0.7142857142857143,0.7142857142857143,0.43388373911755823,-0.900968867902419,0.49999999999999994,-0.8660254037844387,0.0
HOUSEHOLD_0218_CA_3_validation,d_105,0.0,0.0,1.0,0.0,1.0,2.0,1.0,0.7142857142857143,0.7142857142857143,-0.433883739117558,-0.9009688679024191,0.49999999999999994,-0.8660254037844387,0.0
HOUSEHOLD_0218_CA_3_validation,d_106,0.0,0.0,0.0,1.0,0.0,1.0,2.0,0.5714285714285714,0.7142857142857143,-0.9749279121818236,-0.2225209339563146,0.49999999999999994,-0.8660254037844387,0.0
HOUSEHOLD_0218_CA_3_validation,d_107,0.0,0.0,0.0,0.0,1.0,0.0,1.0,0.2857142857142857,0.5714285714285714,-0.7818314824680299,0.6234898018587334,0.49999999999999994,-0.8660254037844387,0.0
HOUSEHOLD_0218_CA_3_validation,d_108,0.0,0.0,0.0,0.0,0.0,1.0,0.0,0.14285714285714285,0.42857142857142855,0.0,1.0,0.49999999999999994,-0.8660254037844387,0.0
HOUSEHOLD_0218_CA_3_validation,d_109,0.0,0.0,0.0,0.0,0.0,0.0,1.0,0.14285714285714285,0.35714285714285715,0.7818314824680298,0.6234898018587336,0.49999999999999994,-0.8660254037844387,0.0
HOUSEHOLD_0218_CA_3_validation,d_110,0.0,0.0,0.0,0.0,0.0,0.0,0.0,0.0,0.35714285714285715,0.9749279121818236,-0.22252093395631434,0.49999999999999994,-0.8660254037844387,0.0
HOUSEHOLD_0218_CA_3_validation,d_111,0.0,0.0,0.0,0.0,0.0,0.0,0.0,0.0,0.35714285714285715,0.43388373911755823,-0.900968867902419,0.49999999999999994,-0.8660254037844387,0.0
HOUSEHOLD_0218_CA_3_validation,d_112,0.0,0.0,0.0,0.0,0.0,0.0,0.0,0.0,0.35714285714285715,-0.433883739117558,-0.9009688679024191,0.49999999999999994,-0.8660254037844387,0.0
HOUSEHOLD_0218_CA_3_validation,d_113,0.0,0.0,0.0,0.0,0.0,0.0,0.0,0.0,0.2857142857142857,-0.9749279121818236,-0.2225209339563146,0.49999999999999994,-0.8660254037844387,1.0
HOUSEHOLD_0218_CA_3_validation,d_114,1.0,0.0,0.0,0.0,0.0,0.0,0.0,0.14285714285714285,0.21428571428571427,-0.7818314824680299,0.6234898018587334,0.49999999999999994,-0.8660254037844387,0.0
HOUSEHOLD_0218_CA_3_validation,d_115,0.0,1.0,0.0,0.0,0.0,0.0,0.0,0.14285714285714285,0.14285714285714285,0.0,1.0,0.49999999999999994,-0.8660254037844387,1.0
HOUSEHOLD_0218_CA_3_validation,d_116,1.0,0.0,1.0,0.0,0.0,0.0,0.0,0.2857142857142857,0.21428571428571427,0.7818314824680298,0.6234898018587336,0.49999999999999994,-0.8660254037844387,0.0
HOUSEHOLD_0224_WI_3_validation,d_50,0.0,0.0,0.0,0.0,0.0,0.0,0.0,0.0,0.14285714285714285,-0.9749279121818236,-0.2225209339563146,1.0,6.123233995736766e-17,1.0
HOUSEHOLD_0224_WI_3_validation,d_51,1.0,0.0,0.0,0.0,0.0,0.0,0.0,0.14285714285714285,0.21428571428571427,-0.7818314824680299,0.6234898018587334,1.0,6.123233995736766e-17,0.0
HOUSEHOLD_0224_WI_3_validation,d_52,0.0,1.0,0.0,0.0,0.0,0.0,0.0,0.14285714285714285,0.21428571428571427,0.0,1.0,1.0,6.123233995736766e-17,1.0
HOUSEHOLD_0224_WI_3_validation,d_53,1.0,0.0,1.0,0.0,0.0,0.0,0.0,0.2857142857142857,0.14285714285714285,0.7818314824680298,0.6234898018587336,1.0,6.123233995736766e-17,0.0
HOUSEHOLD_0224_WI_3_validation,d_54,0.0,1.0,0.0,1.0,0.0,0.0,0.0,0.2857142857142857,0.14285714285714285,0.9749279121818236,-0.22252093395631434,1.0,6.123233995736766e-17,0.0
HOUSEHOLD_0224_WI_3_validation,d_55,0.0,0.0,1.0,0.0,1.0,0.0,0.0,0.2857142857142857,0.14285714285714285,0.43388373911755823,-0.900968867902419,1.0,6.123233995736766e-17,0.0
HOUSEHOLD_0224_WI_3_validation,d_56,0.0,0.0,0.0,1.0,0.0,1.0,0.0,0.2857142857142857,0.14285714285714285,-0.433883739117558,-0.9009688679024191,1.0,6.123233995736766e-17,0.0
HOUSEHOLD_0224_WI_3_validation,d_57,0.0,0.0,0.0,0.0,1.0,0.0,1.0,0.2857142857142857,0.14285714285714285,-0.9749279121818236,-0.2225209339563146,1.0,6.123233995736766e-17,0.0
HOUSEHOLD_0224_WI_3_validation,d_58,0.0,0.0,0.0,0.0,0.0,1.0,0.0,0.14285714285714285,0.14285714285714285,-0.7818314824680299,0.6234898018587334,1.0,6.123233995736766e-17,0.0
HOUSEHOLD_0224_WI_3_validation,d_59,0.0,0.0,0.0,0.0,0.0,0.0,1.0,0.14285714285714285,0.14285714285714285,0.0,1.0,1.0,6.123233995736766e-17,0.0
HOUSEHOLD_0224_WI_3_validation,d_60,0.0,0.0,0.0,0.0,0.0,0.0,0.0,0.0,0.14285714285714285,0.7818314824680298,0.6234898018587336,1.0,6.123233995736766e-17,1.0
HOUSEHOLD_0224_WI_3_validation,d_61,1.0,0.0,0.0,0.0,0.0,0.0,0.0,0.14285714285714285,0.21428571428571427,0.9749279121818236,-0.22252093395631434,1.0,6.123233995736766e-17,0.0
HOUSEHOLD_0224_WI_3_validation,d_62,0.0,1.0,0.0,0.0,0.0,0.0,0.0,0.14285714285714285,0.21428571428571427,0.43388373911755823,-0.900968867902419,1.0,6.123233995736766e-17,0.0
HOUSEHOLD_0224_WI_3_validation,d_63,0.0,0.0,1.0,0.0,0.0,0.0,0.0,0.14285714285714285,0.21428571428571427,-0.433883739117558,-0.9009688679024191,0.8660254037844387,-0.4999999999999998,0.0
HOUSEHOLD_0224_WI_3_validation,d_64,0.0,0.0,0.0,1.0,0.0,0.0,0.0,0.14285714285714285,0.21428571428571427,-0.9749279121818236,-0.2225209339563146,0.8660254037844387,-0.4999999999999998,1.0
HOUSEHOLD_0224_WI_3_validation,d_65,1.0,0.0,0.0,0.0,1.0,0.0,0.0,0.2857142857142857,0.21428571428571427,-0.7818314824680299,0.6234898018587334,0.8660254037844387,-0.4999999999999998,0.0
HOUSEHOLD_0224_WI_3_validation,d_66,0.0,1.0,0.0,0.0,0.0,1.0,0.0,0.2857142857142857,0.21428571428571427,0.0,1.0,0.8660254037844387,-0.4999999999999998,0.0
HOUSEHOLD_0224_WI_3_validation,d_67,0.0,0.0,1.0,0.0,0.0,0.0,1.0,0.2857142857142857,0.14285714285714285,0.7818314824680298,0.6234898018587336,0.8660254037844387,-0.4999999999999998,0.0
HOUSEHOLD_0224_WI_3_validation,d_68,0.0,0.0,0.0,1.0,0.0,0.0,0.0,0.14285714285714285,0.14285714285714285,0.9749279121818236,-0.22252093395631434,0.8660254037844387,-0.4999999999999998,1.0
HOUSEHOLD_0224_WI_3_validation,d_69,1.0,0.0,0.0,0.0,1.0,0.0,0.0,0.2857142857142857,0.21428571428571427,0.43388373911755823,-0.900968867902419,0.8660254037844387,-0.4999999999999998,0.0
HOUSEHOLD_0224_WI_3_validation,d_70,0.0,1.0,0.0,0.0,0.0,1.0,0.0,0.2857142857142857,0.21428571428571427,-0.433883739117558,-0.9009688679024191,0.8660254037844387,-0.4999999999999998,0.0
HOUSEHOLD_0224_WI_3_validation,d_71,0.0,0.0,1.0,0.0,0.0,0.0,1.0,0.2857142857142857,0.21428571428571427,-0.9749279121818236,-0.2225209339563146,0.8660254037844387,-0.4999999999999998,0.0
HOUSEHOLD_0224_WI_3_validation,d_72,0.0,0.0,0.0,1.0,0.0,0.0,0.0,0.14285714285714285,0.21428571428571427,-0.7818314824680299,0.6234898018587334,0.8660254037844387,-0.4999999999999998,0.0
HOUSEHOLD_0224_WI_3_validation,d_73,0.0,0.0,0.0,0.0,1.0,0.0,0.0,0.14285714285714285,0.21428571428571427,0.0,1.0,0.8660254037844387,-0.4999999999999998,0.0
HOUSEHOLD_0224_WI_3_validation,d_74,0.0,0.0,0.0,0.0,0.0,1.0,0.0,0.14285714285714285,0.21428571428571427,0.7818314824680298,0.6234898018587336,0.8660254037844387,-0.4999999999999998,0.0
HOUSEHOLD_0224_WI_3_validation,d_75,0.0,0.0,0.0,0.0,0.0,0.0,1.0,0.14285714285714285,0.14285714285714285,0.9749279121818236,-0.22252093395631434,0.8660254037844387,-0.4999999999999998,0.0
HOUSEHOLD_0224_WI_3_validation,d_76,0.0,0.0,0.0,0.0,0.0,0.0,0.0,0.0,0.14285714285714285,0.43388373911755823,-0.900968867902419,0.8660254037844387,-0.4999999999999998,0.0
HOUSEHOLD_0224_WI_3_validation,d_77,0.0,0.0,0.0,0.0,0.0,0.0,0.0,0.0,0.14285714285714285,-0.433883739117558,-0.9009688679024191,0.8660254037844387,-0.4999999999999998,0.0
HOUSEHOLD_0224_WI_3_validation,d_78,0.0,0.0,0.0,0.0,0.0,0.0,0.0,0.0,0.14285714285714285,-0.9749279121818236,-0.2225209339563146,0.8660254037844387,-0.4999999999999998,0.0
HOUSEHOLD_0224_WI_3_validation,d_79,0.0,0.0,0.0,0.0,0.0,0.0,0.0,0.0,0.07142857142857142,-0.7818314824680299,0.6234898018587334,0.8660254037844387,-0.4999999999999998,1.0
HOUSEHOLD_0224_WI_3_validation,d_80,1.0,0.0,0.0,0.0,0.0,0.0,0.0,0.14285714285714285,0.14285714285714285,0.0,1.0,0.8660254037844387,-0.4999999999999998,0.0
HOUSEHOLD_0224_WI_3_validation,d_81,0.0,1.0,0.0,0.0,0.0,0.0,0.0,0.14285714285714285,0.14285714285714285,0.7818314824680298,0.6234898018587336,0.8660254037844387,-0.4999999999999998,0.0
HOUSEHOLD_0224_WI_3_validation,d_82,0.0,0.0,1.0,0.0,0.0,0.0,0.0,0.14285714285714285,0.14285714285714285,0.9749279121818236,-0.22252093395631434,0.8660254037844387,-0.4999999999999998,0.0
HOUSEHOLD_0224_WI_3_validation,d_83,0.0,0.0,0.0,1.0,0.0,0.0,0.0,0.14285714285714285,0.07142857142857142,0.43388373911755823,-0.900968867902419,0.8660254037844387,-0.4999999999999998,0.0
HOUSEHOLD_0224_WI_3_validation,d_84,0.0,0.0,0.0,0.0,1.0,0.0,0.0,0.14285714285714285,0.07142857142857142,-0.433883739117558,-0.9009688679024191,0.8660254037844387,-0.4999999999999998,0.0
HOUSEHOLD_0224_WI_3_validation,d_85,0.0,0.0,0.0,0.0,0.0,1.0,0.0,0.14285714285714285,0.07142857142857142,-0.9749279121818236,-0.2225209339563146,0.8660254037844387,-0.4999999999999998,0.0
HOUSEHOLD_0224_WI_3_validation,d_86,0.0,0.0,0.0,0.0,0.0,0.0,1.0,0.14285714285714285,0.07142857142857142,-0.7818314824680299,0.6234898018587334,0.8660254037844387,-0.4999999999999998,0.0
HOUSEHOLD_0224_WI_3_validation,d_87,0.0,0.0,0.0,0.0,0.0,0.0,0.0,0.0,0.07142857142857142,0.0,1.0,0.8660254037844387,-0.4999999999999998,0.0
HOUSEHOLD_0224_WI_3_validation,d_88,0.0,0.0,0.0,0.0,0.0,0.0,0.0,0.0,0.07142857142857142,0.7818314824680298,0.6234898018587336,0.8660254037844387,-0.4999999999999998,0.0
HOUSEHOLD_0224_WI_3_validation,d_89,0.0,0.0,0.0,0.0,0.0,0.0,0.0,0.0,0.07142857142857142,0.9749279121818236,-0.22252093395631434,0.8660254037844387,-0.4999999999999998,0.0
HOUSEHOLD_0224_WI_3_validation,d_90,0.0,0.0,0.0,0.0,0.0,0.0,0.0,0.0,0.07142857142857142,0.43388373911755823,-0.900968867902419,0.8660254037844387,-0.4999999999999998,0.0
HOUSEHOLD_0224_WI_3_validation,d_91,0.0,0.0,0.0,0.0,0.0,0.0,0.0,0.0,0.07142857142857142,-0.433883739117558,-0.9009688679024191,0.8660254037844387,-0.4999999999999998,0.0
HOUSEHOLD_0224_WI_3_validation,d_92,0.0,0.0,0.0,0.0,0.0,0.0,0.0,0.0,0.07142857142857142,-0.9749279121818236,-0.2225209339563146,0.8660254037844387,-0.4999999999999998,0.0
HOUSEHOLD_0224_WI_3_validation,d_93,0.0,0.0,0.0,0.0,0.0,0.0,0.0,0.0,0.07142857142857142,-0.7818314824680299,0.6234898018587334,0.49999999999999994,-0.8660254037844387,1.0
HOUSEHOLD_0224_WI_3_validation,d_94,1.0,0.0,0.0,0.0,0.0,0.0,0.0,0.14285714285714285,0.07142857142857142,0.0,1.0,0.49999999999999994,-0.8660254037844387,0.0
HOUSEHOLD_0224_WI_3_validation,d_95,0.0,1.0,0.0,0.0,0.0,0.0,0.0,0.14285714285714285,0.07142857142857142,0.7818314824680298,0.6234898018587336,0.49999999999999994,-0.8660254037844387,0.0
HOUSEHOLD_0224_WI_3_validation,d_96,0.0,0.0,1.0,0.0,0.0,0.0,0.0,0.14285714285714285,0.07142857142857142,0.9749279121818236,-0.22252093395631434,0.49999999999999994,-0.8660254037844387,0.0
HOUSEHOLD_0224_WI_3_validation,d_97,0.0,0.0,0.0,1.0,0.0,0.0,0.0,0.14285714285714285,0.07142857142857142,0.43388373911755823,-0.900968867902419,0.49999999999999994,-0.8660254037844387,0.0
HOUSEHOLD_0224_WI_3_validation,d_98,0.0,0.0,0.0,0.0,1.0,0.0,0.0,0.14285714285714285,0.07142857142857142,-0.433883739117558,-0.9009688679024191,0.49999999999999994,-0.8660254037844387,0.0
HOUSEHOLD_0224_WI_3_validation,d_99,0.0,0.0,0.0,0.0,0.0,1.0,0.0,0.14285714285714285,0.07142857142857142,-0.9749279121818236,-0.2225209339563146,0.49999999999999994,-0.8660254037844387,0.0
HOUSEHOLD_0224_WI_3_validation,d_100,0.0,0.0,0.0,0.0,0.0,0.0,1.0,0.14285714285714285,0.07142857142857142,-0.7818314824680299,0.6234898018587334,0.49999999999999994,-0.8660254037844387,0.0
HOUSEHOLD_0224_WI_3_validation,d_101,0.0,0.0,0.0,0.0,0.0,0.0,0.0,0.0,0.07142857142857142,0.0,1.0,0.49999999999999994,-0.8660254037844387,0.0
HOUSEHOLD_0224_WI_3_validation,d_102,0.0,0.0,0.0,0.0,0.0,0.0,0.0,0.0,0.07142857142857142,0.7818314824680298,0.6234898018587336,0.49999999999999994,-0.8660254037844387,0.0
HOUSEHOLD_0224_WI_3_validation,d_103,0.0,0.0,0.0,0.0,0.0,0.0,0.0,0.0,0.07142857142857142,0.9749279121818236,-0.22252093395631434,0.49999999999999994,-0.8660254037844387,0.0
HOUSEHOLD_0224_WI_3_validation,d_104,0.0,0.0,0.0,0.0,0.0,0.0,0.0,0.0,0.07142857142857142,0.43388373911755823,-0.900968867902419,0.49999999999999994,-0.8660254037844387,0.0
HOUSEHOLD_0224_WI_3_validation,d_105,0.0,0.0,0.0,0.0,0.0,0.0,0.0,0.0,0.07142857142857142,-0.433883739117558,-0.9009688679024191,0.49999999999999994,-0.8660254037844387,0.0
HOUSEHOLD_0224_WI_3_validation,d_106,0.0,0.0,0.0,0.0,0.0,0.0,0.0,0.0,0.07142857142857142,-0.9749279121818236,-0.2225209339563146,0.49999999999999994,-0.8660254037844387,0.0
HOUSEHOLD_0224_WI_3_validation,d_107,0.0,0.0,0.0,0.0,0.0,0.0,0.0,0.0,0.07142857142857142,-0.7818314824680299,0.6234898018587334,0.49999999999999994,-0.8660254037844387,0.0
HOUSEHOLD_0224_WI_3_validation,d_108,0.0,0.0,0.0,0.0,0.0,0.0,0.0,0.0,0.0,0.0,1.0,0.49999999999999994,-0.8660254037844387,1.0
HOUSEHOLD_0224_WI_3_validation,d_109,1.0,0.0,0.0,0.0,0.0,0.0,0.0,0.14285714285714285,0.07142857142857142,0.7818314824680298,0.6234898018587336,0.49999999999999994,-0.8660254037844387,0.0
HOUSEHOLD_0224_WI_3_validation,d_110,0.0,1.0,0.0,0.0,0.0,0.0,0.0,0.14285714285714285,0.07142857142857142,0.9749279121818236,-0.22252093395631434,0.49999999999999994,-0.8660254037844387,0.0
HOUSEHOLD_0224_WI_3_validation,d_111,0.0,0.0,1.0,0.0,0.0,0.0,0.0,0.14285714285714285,0.07142857142857142,0.43388373911755823,-0.900968867902419,0.49999999999999994,-0.8660254037844387,0.0
HOUSEHOLD_0224_WI_3_validation,d_112,0.0,0.0,0.0,1.0,0.0,0.0,0.0,0.14285714285714285,0.07142857142857142,-0.433883739117558,-0.9009688679024191,0.49999999999999994,-0.8660254037844387,0.0
HOUSEHOLD_0224_WI_3_validation,d_113,0.0,0.0,0.0,0.0,1.0,0.0,0.0,0.14285714285714285,0.07142857142857142,-0.9749279121818236,-0.2225209339563146,0.49999999999999994,-0.8660254037844387,0.0
HOUSEHOLD_0224_WI_3_validation,d_114,0.0,0.0,0.0,0.0,0.0,1.0,0.0,0.14285714285714285,0.07142857142857142,-0.7818314824680299,0.6234898018587334,0.49999999999999994,-0.8660254037844387,0.0
HOUSEHOLD_0224_WI_3_validation,d_115,0.0,0.0,0.0,0.0,0.0,0.0,1.0,0.14285714285714285,0.07142857142857142,0.0,1.0,0.49999999999999994,-0.8660254037844387,1.0
HOUSEHOLD_0224_WI_3_validation,d_116,1.0,0.0,0.0,0.0,0.0,0.0,0.0,0.14285714285714285,0.14285714285714285,0.7818314824680298,0.6234898018587336,0.49999999999999994,-0.8660254037844387,0.0
HOBBIES_0228_TX_1_validation,d_50,0.0,0.0,0.0,1.0,2.0,1.0,0.0,0.5714285714285714,0.5714285714285714,-0.9749279121818236,-0.2225209339563146,1.0,6.123233995736766e-17,2.0
HOBBIES_0228_TX_1_validation,d_51,2.0,0.0,0.0,0.0,1.0,2.0,1.0,0.8571428571428571,0.7142857142857143,-0.7818314824680299,0.6234898018587334,1.0,6.123233995736766e-17,2.0
HOBBIES_0228_TX_1_validation,d_52,2.0,2.0,0.0,0.0,0.0,1.0,2.0,1.0,0.8571428571428571,0.0,1.0,1.0,6.123233995736766e-17,1.0
HOBBIES_0228_TX_1_validation,d_53,1.0,2.0,2.0,0.0,0.0,0.0,1.0,0.8571428571428571,0.7142857142857143,0.7818314824680298,0.6234898018587336,1.0,6.123233995736766e-17,0.0
HOBBIES_0228_TX_1_validation,d_54,0.0,1.0,2.0,2.0,0.0,0.0,0.0,0.7142857142857143,0.6428571428571429,0.9749279121818236,-0.22252093395631434,1.0,6.123233995736766e-17,0.0
HOBBIES_0228_TX_1_validation,d_55,0.0,0.0,1.0,2.0,2.0,0.0,0.0,0.7142857142857143,0.6428571428571429,0.43388373911755823,-0.900968867902419,1.0,6.123233995736766e-17,0.0
HOBBIES_0228_TX_1_validation,d_56,0.0,0.0,0.0,1.0,2.0,2.0,0.0,0.7142857142857143,0.6428571428571429,-0.433883739117558,-0.9009688679024191,1.0,6.123233995736766e-17,0.0
HOBBIES_0228_TX_1_validation,d_57,0.0,0.0,0.0,0.0,1.0,2.0,2.0,0.7142857142857143,0.6428571428571429,-0.9749279121818236,-0.2225209339563146,1.0,6.123233995736766e-17,0.0
HOBBIES_0228_TX_1_validation,d_58,0.0,0.0,0.0,0.0,0.0,1.0,2.0,0.42857142857142855,0.6428571428571429,-0.7818314824680299,0.6234898018587334,1.0,6.123233995736766e-17,1.0
HOBBIES_0228_TX_1_validation,d_59,1.0,0.0,0.0,0.0,0.0,0.0,1.0,0.2857142857142857,0.6428571428571429,0.0,1.0,1.0,6.123233995736766e-17,0.0
HOBBIES_0228_TX_1_validation,d_60,0.0,1.0,0.0,0.0,0.0,0.0,0.0,0.14285714285714285,0.5,0.7818314824680298,0.6234898018587336,1.0,6.123233995736766e-17,0.0
HOBBIES_0228_TX_1_validation,d_61,0.0,0.0,1.0,0.0,0.0,0.0,0.0,0.14285714285714285,0.42857142857142855,0.9749279121818236,-0.22252093395631434,1.0,6.123233995736766e-17,0.0
HOBBIES_0228_TX_1_validation,d_62,0.0,0.0,0.0,1.0,0.0,0.0,0.0,0.14285714285714285,0.42857142857142855,0.43388373911755823,-0.900968867902419,1.0,6.123233995736766e-17,1.0
HOBBIES_0228_TX_1_validation,d_63,1.0,0.0,0.0,0.0,1.0,0.0,0.0,0.2857142857142857,0.5,-0.433883739117558,-0.9009688679024191,0.8660254037844387,-0.4999999999999998,0.0
HOBBIES_0228_TX_1_validation,d_64,0.0,1.0,0.0,0.0,0.0,1.0,0.0,0.2857142857142857,0.5,-0.9749279121818236,-0.2225209339563146,0.8660254037844387,-0.4999999999999998,0.0
HOBBIES_0228_TX_1_validation,d_65,0.0,0.0,1.0,0.0,0.0,0.0,1.0,0.2857142857142857,0.35714285714285715,-0.7818314824680299,0.6234898018587334,0.8660254037844387,-0.4999999999999998,2.0
HOBBIES_0228_TX_1_validation,d_66,2.0,0.0,0.0,1.0,0.0,0.0,0.0,0.42857142857142855,0.35714285714285715,0.0,1.0,0.8660254037844387,-0.4999999999999998,0.0
HOBBIES_0228_TX_1_validation,d_67,0.0,2.0,0.0,0.0,1.0,0.0,0.0,0.42857142857142855,0.2857142857142857,0.7818314824680298,0.6234898018587336,0.8660254037844387,-0.4999999999999998,0.0
HOBBIES_0228_TX_1_validation,d_68,0.0,0.0,2.0,0.0,0.0,1.0,0.0,0.42857142857142855,0.2857142857142857,0.9749279121818236,-0.22252093395631434,0.8660254037844387,-0.4999999999999998,0.0
HOBBIES_0228_TX_1_validation,d_69,0.0,0.0,0.0,2.0,0.0,0.0,1.0,0.42857142857142855,0.2857142857142857,0.43388373911755823,-0.900968867902419,0.8660254037844387,-0.4999999999999998,0.0
HOBBIES_0228_TX_1_validation,d_70,0.0,0.0,0.0,0.0,2.0,0.0,0.0,0.2857142857142857,0.2857142857142857,-0.433883739117558,-0.9009688679024191,0.8660254037844387,-0.4999999999999998,0.0
HOBBIES_0228_TX_1_validation,d_71,0.0,0.0,0.0,0.0,0.0,2.0,0.0,0.2857142857142857,0.2857142857142857,-0.9749279121818236,-0.2225209339563146,0.8660254037844387,-0.4999999999999998,1.0
HOBBIES_0228_TX_1_validation,d_72,1.0,0.0,0.0,0.0,0.0,0.0,2.0,0.42857142857142855,0.35714285714285715,-0.7818314824680299,0.6234898018587334,0.8660254037844387,-0.4999999999999998,0.0
HOBBIES_0228_TX_1_validation,d_73,0.0,1.0,0.0,0.0,0.0,0.0,0.0,0.14285714285714285,0.2857142857142857,0.0,1.0,0.8660254037844387,-0.4999999999999998,1.0
HOBBIES_0228_TX_1_validation,d_74,1.0,0.0,1.0,0.0,0.0,0.0,0.0,0.2857142857142857,0.35714285714285715,0.7818314824680298,0.6234898018587336,0.8660254037844387,-0.4999999999999998,0.0
HOBBIES_0228_TX_1_validation,d_75,0.0,1.0,0.0,1.0,0.0,0.0,0.0,0.2857142857142857,0.35714285714285715,0.9749279121818236,-0.22252093395631434,0.8660254037844387,-0.4999999999999998,0.0
HOBBIES_0228_TX_1_validation,d_76,0.0,0.0,1.0,0.0,1.0,0.0,0.0,0.2857142857142857,0.35714285714285715,0.43388373911755823,-0.900968867902419,0.8660254037844387,-0.4999999999999998,0.0
HOBBIES_0228_TX_1_validation,d_77,0.0,0.0,0.0,1.0,0.0,1.0,0.0,0.2857142857142857,0.2857142857142857,-0.433883739117558,-0.9009688679024191,0.8660254037844387,-0.4999999999999998,1.0
HOBBIES_0228_TX_1_validation,d_78,1.0,0.0,0.0,0.0,1.0,0.0,1.0,0.42857142857142855,0.35714285714285715,-0.9749279121818236,-0.2225209339563146,0.8660254037844387,-0.4999999999999998,0.0
HOBBIES_0228_TX_1_validation,d_79,0.0,1.0,0.0,0.0,0.0,1.0,0.0,0.2857142857142857,0.35714285714285715,-0.7818314824680299,0.6234898018587334,0.8660254037844387,-0.4999999999999998,0.0
HOBBIES_0228_TX_1_validation,d_80,0.0,0.0,1.0,0.0,0.0,0.0,1.0,0.2857142857142857,0.21428571428571427,0.0,1.0,0.8660254037844387,-0.4999999999999998,1.0
HOBBIES_0228_TX_1_validation,d_81,1.0,0.0,0.0,1.0,0.0,0.0,0.0,0.2857142857142857,0.2857142857142857,0.7818314824680298,0.6234898018587336,0.8660254037844387,-0.4999999999999998,0.0
HOBBIES_0228_TX_1_validation,d_82,0.0,1.0,0.0,0.0,1.0,0.0,0.0,0.2857142857142857,0.2857142857142857,0.9749279121818236,-0.22252093395631434,0.8660254037844387,-0.4999999999999998,0.0
HOBBIES_0228_TX_1_validation,d_83,0.0,0.0,1.0,0.0,0.0,1.0,0.0,0.2857142857142857,0.2857142857142857,0.43388373911755823,-0.900968867902419,0.8660254037844387,-0.4999999999999998,0.0
HOBBIES_0228_TX_1_validation,d_84,0.0,0.0,0.0,1.0,0.0,0.0,1.0,0.2857142857142857,0.2857142857142857,-0.433883739117558,-0.9009688679024191,0.8660254037844387,-0.4999999999999998,0.0
HOBBIES_0228_TX_1_validation,d_85,0.0,0.0,0.0,0.0,1.0,0.0,0.0,0.14285714285714285,0.2857142857142857,-0.9749279121818236,-0.2225209339563146,0.8660254037844387,-0.4999999999999998,0.0
HOBBIES_0228_TX_1_validation,d_86,0.0,0.0,0.0,0.0,0.0,1.0,0.0,0.14285714285714285,0.21428571428571427,-0.7818314824680299,0.6234898018587334,0.8660254037844387,-0.4999999999999998,0.0
HOBBIES_0228_TX_1_validation,d_87,0.0,0.0,0.0,0.0,0.0,0.0,1.0,0.14285714285714285,0.21428571428571427,0.0,1.0,0.8660254037844387,-0.4999999999999998,1.0
HOBBIES_0228_TX_1_validation,d_88,1.0,0.0,0.0,0.0,0.0,0.0,0.0,0.14285714285714285,0.21428571428571427,0.7818314824680298,0.6234898018587336,0.8660254037844387,-0.4999999999999998,1.0
HOBBIES_0228_TX_1_validation,d_89,1.0,1.0,0.0,0.0,0.0,0.0,0.0,0.2857142857142857,0.2857142857142857,0.9749279121818236,-0.22252093395631434,0.8660254037844387,-0.4999999999999998,0.0
HOBBIES_0228_TX_1_validation,d_90,0.0,1.0,1.0,0.0,0.0,0.0,0.0,0.2857142857142857,0.2857142857142857,0.43388373911755823,-0.900968867902419,0.8660254037844387,-0.4999999999999998,0.0
HOBBIES_0228_TX_1_validation,d_91,0.0,0.0,1.0,1.0,0.0,0.0,0.0,0.2857142857142857,0.2857142857142857,-0.433883739117558,-0.9009688679024191,0.8660254037844387,-0.4999999999999998,0.0
HOBBIES_0228_TX_1_validation,d_92,0.0,0.0,0.0,1.0,1.0,0.0,0.0,0.2857142857142857,0.21428571428571427,-0.9749279121818236,-0.2225209339563146,0.8660254037844387,-0.4999999999999998,0.0
HOBBIES_0228_TX_1_validation,d_93,0.0,0.0,0.0,0.0,1.0,1.0,0.0,0.2857142857142857,0.21428571428571427,-0.7818314824680299,0.6234898018587334,0.49999999999999994,-0.8660254037844387,1.0
HOBBIES_0228_TX_1_validation,d_94,1.0,0.0,0.0,0.0,0.0,1.0,1.0,0.42857142857142855,0.2857142857142857,0.0,1.0,0.49999999999999994,-0.8660254037844387,0.0
HOBBIES_0228_TX_1_validation,d_95,0.0,1.0,0.0,0.0,0.0,0.0,1.0,0.2857142857142857,0.21428571428571427,0.7818314824680298,0.6234898018587336,0.49999999999999994,-0.8660254037844387,0.0
HOBBIES_0228_TX_1_validation,d_96,0.0,0.0,1.0,0.0,0.0,0.0,0.0,0.14285714285714285,0.21428571428571427,0.9749279121818236,-0.22252093395631434,0.49999999999999994,-0.8660254037844387,0.0
HOBBIES_0228_TX_1_validation,d_97,0.0,0.0,0.0,1.0,0.0,0.0,0.0,0.14285714285714285,0.21428571428571427,0.43388373911755823,-0.900968867902419,0.49999999999999994,-0.8660254037844387,0.0
HOBBIES_0228_TX_1_validation,d_98,0.0,0.0,0.0,0.0,1.0,0.0,0.0,0.14285714285714285,0.21428571428571427,-0.433883739117558,-0.9009688679024191,0.49999999999999994,-0.8660254037844387,0.0
HOBBIES_0228_TX_1_validation,d_99,0.0,0.0,0.0,0.0,0.0,1.0,0.0,0.14285714285714285,0.21428571428571427,-0.9749279121818236,-0.2225209339563146,0.49999999999999994,-0.8660254037844387,0.0
HOBBIES_0228_TX_1_validation,d_100,0.0,0.0,0.0,0.0,0.0,0.0,1.0,0.14285714285714285,0.21428571428571427,-0.7818314824680299,0.6234898018587334,0.49999999999999994,-0.8660254037844387,1.0
HOBBIES_0228_TX_1_validation,d_101,1.0,0.0,0.0,0.0,0.0,0.0,0.0,0.14285714285714285,0.2857142857142857,0.0,1.0,0.49999999999999994,-0.8660254037844387,2.0
HOBBIES_0228_TX_1_validation,d_102,2.0,1.0,0.0,0.0,0.0,0.0,0.0,0.42857142857142855,0.35714285714285715,0.7818314824680298,0.6234898018587336,0.49999999999999994,-0.8660254037844387,1.0
HOBBIES_0228_TX_1_validation,d_103,1.0,2.0,1.0,0.0,0.0,0.0,0.0,0.5714285714285714,0.35714285714285715,0.9749279121818236,-0.22252093395631434,0.49999999999999994,-0.8660254037844387,0.0
HOBBIES_0228_TX_1_validation,d_104,0.0,1.0,2.0,1.0,0.0,0.0,0.0,0.5714285714285714,0.35714285714285715,0.43388373911755823,-0.900968867902419,0.49999999999999994,-0.8660254037844387,0.0
HOBBIES_0228_TX_1_validation,d_105,0.0,0.0,1.0,2.0,1.0,0.0,0.0,0.5714285714285714,0.35714285714285715,-0.433883739117558,-0.9009688679024191,0.49999999999999994,-0.8660254037844387,0.0
HOBBIES_0228_TX_1_validation,d_106,0.0,0.0,0.0,1.0,2.0,1.0,0.0,0.5714285714285714,0.35714285714285715,-0.9749279121818236,-0.2225209339563146,0.49999999999999994,-0.8660254037844387,0.0
HOBBIES_0228_TX_1_validation,d_107,0.0,0.0,0.0,0.0,1.0,2.0,1.0,0.5714285714285714,0.35714285714285715,-0.7818314824680299,0.6234898018587334,0.49999999999999994,-0.8660254037844387,0.0
HOBBIES_0228_TX_1_validation,d_108,0.0,0.0,0.0,0.0,0.0,1.0,2.0,0.42857142857142855,0.2857142857142857,0.0,1.0,0.49999999999999994,-0.8660254037844387,0.0
HOBBIES_0228_TX_1_validation,d_109,0.0,0.0,0.0,0.0,0.0,0.0,1.0,0.14285714285714285,0.2857142857142857,0.7818314824680298,0.6234898018587336,0.49999999999999994,-0.8660254037844387,0.0
HOBBIES_0228_TX_1_validation,d_110,0.0,0.0,0.0,0.0,0.0,0.0,0.0,0.0,0.2857142857142857,0.9749279121818236,-0.22252093395631434,0.49999999999999994,-0.8660254037844387,0.0
HOBBIES_0228_TX_1_validation,d_111,0.0,0.0,0.0,0.0,0.0,0.0,0.0,0.0,0.2857142857142857,0.43388373911755823,-0.900968867902419,0.49999999999999994,-0.8660254037844387,0.0
HOBBIES_0228_TX_1_validation,d_112,0.0,0.0,0.0,0.0,0.0,0.0,0.0,0.0,0.2857142857142857,-0.433883739117558,-0.9009688679024191,0.49999999999999994,-0.8660254037844387,0.0
HOBBIES_0228_TX_1_validation,d_113,0.0,0.0,0.0,0.0,0.0,0.0,0.0,0.0,0.2857142857142857,-0.9749279121818236,-0.2225209339563146,0.49999999999999994,-0.8660254037844387,1.0
HOBBIES_0228_TX_1_validation,d_114,1.0,0.0,0.0,0.0,0.0,0.0,0.0,0.14285714285714285,0.35714285714285715,-0.7818314824680299,0.6234898018587334,0.49999999999999994,-0.8660254037844387,0.0
HOBBIES_0228_TX_1_validation,d_115,0.0,1.0,0.0,0.0,0.0,0.0,0.0,0.14285714285714285,0.2857142857142857,0.0,1.0,0.49999999999999994,-0.8660254037844387,0.0
HOBBIES_0228_TX_1_validation,d_116,0.0,0.0,1.0,0.0,0.0,0.0,0.0,0.14285714285714285,0.14285714285714285,0.7818314824680298,0.6234898018587336,0.49999999999999994,-0.8660254037844387,0.0
HOUSEHOLD_0230_TX_3_validation,d_50,0.0,0.0,0.0,1.0,1.0,1.0,0.0,0.42857142857142855,0.35714285714285715,-0.9749279121818236,-0.2225209339563146,1.0,6.123233995736766e-17,0.0
HOUSEHOLD_0230_TX_3_validation,d_51,0.0,0.0,0.0,0.0,1.0,1.0,1.0,0.42857142857142855,0.35714285714285715,-0.7818314824680299,0.6234898018587334,1.0,6.123233995736766e-17,1.0
HOUSEHOLD_0230_TX_3_validation,d_52,1.0,0.0,0.0,0.0,0.0,1.0,1.0,0.42857142857142855,0.35714285714285715,0.0,1.0,1.0,6.123233995736766e-17,1.0
HOUSEHOLD_0230_TX_3_validation,d_53,1.0,1.0,0.0,0.0,0.0,0.0,1.0,0.42857142857142855,0.35714285714285715,0.7818314824680298,0.6234898018587336,1.0,6.123233995736766e-17,0.0
HOUSEHOLD_0230_TX_3_validation,d_54,0.0,1.0,1.0,0.0,0.0,0.0,0.0,0.2857142857142857,0.35714285714285715,0.9749279121818236,-0.22252093395631434,1.0,6.123233995736766e-17,0.0
HOUSEHOLD_0230_TX_3_validation,d_55,0.0,0.0,1.0,1.0,0.0,0.0,0.0,0.2857142857142857,0.35714285714285715,0.43388373911755823,-0.900968867902419,1.0,6.123233995736766e-17,0.0
HOUSEHOLD_0230_TX_3_validation,d_56,0.0,0.0,0.0,1.0,1.0,0.0,0.0,0.2857142857142857,0.35714285714285715,-0.433883739117558,-0.9009688679024191,1.0,6.123233995736766e-17,0.0
HOUSEHOLD_0230_TX_3_validation,d_57,0.0,0.0,0.0,0.0,1.0,1.0,0.0,0.2857142857142857,0.35714285714285715,-0.9749279121818236,-0.2225209339563146,1.0,6.123233995736766e-17,0.0
HOUSEHOLD_0230_TX_3_validation,d_58,0.0,0.0,0.0,0.0,0.0,1.0,1.0,0.2857142857142857,0.35714285714285715,-0.7818314824680299,0.6234898018587334,1.0,6.123233995736766e-17,0.0
HOUSEHOLD_0230_TX_3_validation,d_59,0.0,0.0,0.0,0.0,0.0,0.0,1.0,0.14285714285714285,0.2857142857142857,0.0,1.0,1.0,6.123233995736766e-17,0.0
HOUSEHOLD_0230_TX_3_validation,d_60,0.0,0.0,0.0,0.0,0.0,0.0,0.0,0.0,0.21428571428571427,0.7818314824680298,0.6234898018587336,1.0,6.123233995736766e-17,0.0
HOUSEHOLD_0230_TX_3_validation,d_61,0.0,0.0,0.0,0.0,0.0,0.0,0.0,0.0,0.14285714285714285,0.9749279121818236,-0.22252093395631434,1.0,6.123233995736766e-17,0.0
HOUSEHOLD_0230_TX_3_validation,d_62,0.0,0.0,0.0,0.0,0.0,0.0,0.0,0.0,0.14285714285714285,0.43388373911755823,-0.900968867902419,1.0,6.123233995736766e-17,0.0
HOUSEHOLD_0230_TX_3_validation,d_63,0.0,0.0,0.0,0.0,0.0,0.0,0.0,0.0,0.14285714285714285,-0.433883739117558,-0.9009688679024191,0.8660254037844387,-0.4999999999999998,0.0
HOUSEHOLD_0230_TX_3_validation,d_64,0.0,0.0,0.0,0.0,0.0,0.0,0.0,0.0,0.14285714285714285,-0.9749279121818236,-0.2225209339563146,0.8660254037844387,-0.4999999999999998,0.0
HOUSEHOLD_0230_TX_3_validation,d_65,0.0,0.0,0.0,0.0,0.0,0.0,0.0,0.0,0.14285714285714285,-0.7818314824680299,0.6234898018587334,0.8660254037844387,-0.4999999999999998,2.0
HOUSEHOLD_0230_TX_3_validation,d_66,2.0,0.0,0.0,0.0,0.0,0.0,0.0,0.2857142857142857,0.21428571428571427,0.0,1.0,0.8660254037844387,-0.4999999999999998,2.0
HOUSEHOLD_0230_TX_3_validation,d_67,2.0,2.0,0.0,0.0,0.0,0.0,0.0,0.5714285714285714,0.2857142857142857,0.7818314824680298,0.6234898018587336,0.8660254037844387,-0.4999999999999998,1.0
HOUSEHOLD_0230_TX_3_validation,d_68,1.0,2.0,2.0,0.0,0.0,0.0,0.0,0.7142857142857143,0.35714285714285715,0.9749279121818236,-0.22252093395631434,0.8660254037844387,-0.4999999999999998,1.0
HOUSEHOLD_0230_TX_3_validation,d_69,1.0,1.0,2.0,2.0,0.0,0.0,0.0,0.8571428571428571,0.42857142857142855,0.43388373911755823,-0.900968867902419,0.8660254037844387,-0.4999999999999998,1.0
HOUSEHOLD_0230_TX_3_validation,d_70,1.0,1.0,1.0,2.0,2.0,0.0,0.0,1.0,0.5,-0.433883739117558,-0.9009688679024191,0.8660254037844387,-0.4999999999999998,0.0
HOUSEHOLD_0230_TX_3_validation,d_71,0.0,1.0,1.0,1.0,2.0,2.0,0.0,1.0,0.5,-0.9749279121818236,-0.2225209339563146,0.8660254037844387,-0.4999999999999998,1.0
HOUSEHOLD_0230_TX_3_validation,d_72,1.0,0.0,1.0,1.0,1.0,2.0,2.0,1.1428571428571428,0.5714285714285714,-0.7818314824680299,0.6234898018587334,0.8660254037844387,-0.4999999999999998,0.0
HOUSEHOLD_0230_TX_3_validation,d_73,0.0,1.0,0.0,1.0,1.0,1.0,2.0,0.8571428571428571,0.5714285714285714,0.0,1.0,0.8660254037844387,-0.4999999999999998,0.0
HOUSEHOLD_0230_TX_3_validation,d_74,0.0,0.0,1.0,0.0,1.0,1.0,1.0,0.5714285714285714,0.5714285714285714,0.7818314824680298,0.6234898018587336,0.8660254037844387,-0.4999999999999998,0.0
HOUSEHOLD_0230_TX_3_validation,d_75,0.0,0.0,0.0,1.0,0.0,1.0,1.0,0.42857142857142855,0.5714285714285714,0.9749279121818236,-0.22252093395631434,0.8660254037844387,-0.4999999999999998,0.0
HOUSEHOLD_0230_TX_3_validation,d_76,0.0,0.0,0.0,0.0,1.0,0.0,1.0,0.2857142857142857,0.5714285714285714,0.43388373911755823,-0.900968867902419,0.8660254037844387,-0.4999999999999998,0.0
HOUSEHOLD_0230_TX_3_validation,d_77,0.0,0.0,0.0,0.0,0.0,1.0,0.0,0.14285714285714285,0.5714285714285714,-0.433883739117558,-0.9009688679024191,0.8660254037844387,-0.4999999999999998,0.0
HOUSEHOLD_0230_TX_3_validation,d_78,0.0,0.0,0.0,0.0,0.0,0.0,1.0,0.14285714285714285,0.5714285714285714,-0.9749279121818236,-0.2225209339563146,0.8660254037844387,-0.4999999999999998,1.0
HOUSEHOLD_0230_TX_3_validation,d_79,1.0,0.0,0.0,0.0,0.0,0.0,0.0,0.14285714285714285,0.6428571428571429,-0.7818314824680299,0.6234898018587334,0.8660254037844387,-0.4999999999999998,0.0
HOUSEHOLD_0230_TX_3_validation,d_80,0.0,1.0,0.0,0.0,0.0,0.0,0.0,0.14285714285714285,0.5,0.0,1.0,0.8660254037844387,-0.4999999999999998,2.0
HOUSEHOLD_0230_TX_3_validation,d_81,2.0,0.0,1.0,0.0,0.0,0.0,0.0,0.42857142857142855,0.5,0.7818314824680298,0.6234898018587336,0.8660254037844387,-0.4999999999999998,0.0
HOUSEHOLD_0230_TX_3_validation,d_82,0.0,2.0,0.0,1.0,0.0,0.0,0.0,0.42857142857142855,0.42857142857142855,0.9749279121818236,-0.22252093395631434,0.8660254037844387,-0.4999999999999998,1.0
HOUSEHOLD_0230_TX_3_validation,d_83,1.0,0.0,2.0,0.0,1.0,0.0,0.0,0.5714285714285714,0.42857142857142855,0.43388373911755823,-0.900968867902419,0.8660254037844387,-0.4999999999999998,0.0
HOUSEHOLD_0230_TX_3_validation,d_84,0.0,1.0,0.0,2.0,0.0,1.0,0.0,0.5714285714285714,0.35714285714285715,-0.433883739117558,-0.9009688679024191,0.8660254037844387,-0.4999999999999998,0.0
HOUSEHOLD_0230_TX_3_validation,d_85,0.0,0.0,1.0,0.0,2.0,0.0,1.0,0.5714285714285714,0.35714285714285715,-0.9749279121818236,-0.2225209339563146,0.8660254037844387,-0.4999999999999998,2.0
HOUSEHOLD_0230_TX_3_validation,d_86,2.0,0.0,0.0,1.0,0.0,2.0,0.0,0.7142857142857143,0.42857142857142855,-0.7818314824680299,0.6234898018587334,0.8660254037844387,-0.4999999999999998,0.0
HOUSEHOLD_0230_TX_3_validation,d_87,0.0,2.0,0.0,0.0,1.0,0.0,2.0,0.7142857142857143,0.42857142857142855,0.0,1.0,0.8660254037844387,-0.4999999999999998,0.0
HOUSEHOLD_0230_TX_3_validation,d_88,0.0,0.0,2.0,0.0,0.0,1.0,0.0,0.42857142857142855,0.42857142857142855,0.7818314824680298,0.6234898018587336,0.8660254037844387,-0.4999999999999998,2.0
HOUSEHOLD_0230_TX_3_validation,d_89,2.0,0.0,0.0,2.0,0.0,0.0,1.0,0.7142857142857143,0.5714285714285714,0.9749279121818236,-0.22252093395631434,0.8660254037844387,-0.4999999999999998,0.0
HOUSEHOLD_0230_TX_3_validation,d_90,0.0,2.0,0.0,0.0,2.0,0.0,0.0,0.5714285714285714,0.5714285714285714,0.43388373911755823,-0.900968867902419,0.8660254037844387,-0.4999999999999998,0.0
HOUSEHOLD_0230_TX_3_validation,d_91,0.0,0.0,2.0,0.0,0.0,2.0,0.0,0.5714285714285714,0.5714285714285714,-0.433883739117558,-0.9009688679024191,0.8660254037844387,-0.4999999999999998,0.0
HOUSEHOLD_0230_TX_3_validation,d_92,0.0,0.0,0.0,2.0,0.0,0.0,2.0,0.5714285714285714,0.5714285714285714,-0.9749279121818236,-0.2225209339563146,0.8660254037844387,-0.4999999999999998,0.0
HOUSEHOLD_0230_TX_3_validation,d_93,0.0,0.0,0.0,0.0,2.0,0.0,0.0,0.2857142857142857,0.5,-0.7818314824680299,0.6234898018587334,0.49999999999999994,-0.8660254037844387,2.0
HOUSEHOLD_0230_TX_3_validation,d_94,2.0,0.0,0.0,0.0,0.0,2.0,0.0,0.5714285714285714,0.6428571428571429,0.0,1.0,0.49999999999999994,-0.8660254037844387,1.0
HOUSEHOLD_0230_TX_3_validation,d_95,1.0,2.0,0.0,0.0,0.0,0.0,2.0,0.7142857142857143,0.5714285714285714,0.7818314824680298,0.6234898018587336,0.49999999999999994,-0.8660254037844387,1.0
HOUSEHOLD_0230_TX_3_validation,d_96,1.0,1.0,2.0,0.0,0.0,0.0,0.0,0.5714285714285714,0.6428571428571429,0.9749279121818236,-0.22252093395631434,0.49999999999999994,-0.8660254037844387,1.0
HOUSEHOLD_0230_TX_3_validation,d_97,1.0,1.0,1.0,2.0,0.0,0.0,0.0,0.7142857142857143,0.6428571428571429,0.43388373911755823,-0.900968867902419,0.49999999999999994,-0.8660254037844387,0.0
HOUSEHOLD_0230_TX_3_validation,d_98,0.0,1.0,1.0,1.0,2.0,0.0,0.0,0.7142857142857143,0.6428571428571429,-0.433883739117558,-0.9009688679024191,0.49999999999999994,-0.8660254037844387,0.0
HOUSEHOLD_0230_TX_3_validation,d_99,0.0,0.0,1.0,1.0,1.0,2.0,0.0,0.7142857142857143,0.6428571428571429,-0.9749279121818236,-0.2225209339563146,0.49999999999999994,-0.8660254037844387,0.0
HOUSEHOLD_0230_TX_3_validation,d_100,0.0,0.0,0.0,1.0,1.0,1.0,2.0,0.7142857142857143,0.5,-0.7818314824680299,0.6234898018587334,0.49999999999999994,-0.8660254037844387,0.0
HOUSEHOLD_0230_TX_3_validation,d_101,0.0,0.0,0.0,0.0,1.0,1.0,1.0,0.42857142857142855,0.5,0.0,1.0,0.49999999999999994,-0.8660254037844387,1.0
HOUSEHOLD_0230_TX_3_validation,d_102,1.0,0.0,0.0,0.0,0.0,1.0,1.0,0.42857142857142855,0.5714285714285714,0.7818314824680298,0.6234898018587336,0.49999999999999994,-0.8660254037844387,0.0
HOUSEHOLD_0230_TX_3_validation,d_103,0.0,1.0,0.0,0.0,0.0,0.0,1.0,0.2857142857142857,0.42857142857142855,0.9749279121818236,-0.22252093395631434,0.49999999999999994,-0.8660254037844387,0.0
HOUSEHOLD_0230_TX_3_validation,d_104,0.0,0.0,1.0,0.0,0.0,0.0,0.0,0.14285714285714285,0.42857142857142855,0.43388373911755823,-0.900968867902419,0.49999999999999994,-0.8660254037844387,1.0
HOUSEHOLD_0230_TX_3_validation,d_105,1.0,0.0,0.0,1.0,0.0,0.0,0.0,0.2857142857142857,0.5,-0.433883739117558,-0.9009688679024191,0.49999999999999994,-0.8660254037844387,1.0
HOUSEHOLD_0230_TX_3_validation,d_106,1.0,1.0,0.0,0.0,1.0,0.0,0.0,0.42857142857142855,0.5714285714285714,-0.9749279121818236,-0.2225209339563146,0.49999999999999994,-0.8660254037844387,0.0
HOUSEHOLD_0230_TX_3_validation,d_107,0.0,1.0,1.0,0.0,0.0,1.0,0.0,0.42857142857142855,0.5714285714285714,-0.7818314824680299,0.6234898018587334,0.49999999999999994,-0.8660254037844387,0.0
HOUSEHOLD_0230_TX_3_validation,d_108,0.0,0.0,1.0,1.0,0.0,0.0,1.0,0.42857142857142855,0.42857142857142855,0.0,1.0,0.49999999999999994,-0.8660254037844387,0.0
HOUSEHOLD_0230_TX_3_validation,d_109,0.0,0.0,0.0,1.0,1.0,0.0,0.0,0.2857142857142857,0.35714285714285715,0.7818314824680298,0.6234898018587336,0.49999999999999994,-0.8660254037844387,0.0
HOUSEHOLD_0230_TX_3_validation,d_110,0.0,0.0,0.0,0.0,1.0,1.0,0.0,0.2857142857142857,0.2857142857142857,0.9749279121818236,-0.22252093395631434,0.49999999999999994,-0.8660254037844387,0.0
HOUSEHOLD_0230_TX_3_validation,d_111,0.0,0.0,0.0,0.0,0.0,1.0,1.0,0.2857142857142857,0.21428571428571427,0.43388373911755823,-0.900968867902419,0.49999999999999994,-0.8660254037844387,0.0
HOUSEHOLD_0230_TX_3_validation,d_112,0.0,0.0,0.0,0.0,0.0,0.0,1.0,0.14285714285714285,0.21428571428571427,-0.433883739117558,-0.9009688679024191,0.49999999999999994,-0.8660254037844387,0.0
HOUSEHOLD_0230_TX_3_validation,d_113,0.0,0.0,0.0,0.0,0.0,0.0,0.0,0.0,0.21428571428571427,-0.9749279121818236,-0.2225209339563146,0.49999999999999994,-0.8660254037844387,0.0
HOUSEHOLD_0230_TX_3_validation,d_114,0.0,0.0,0.0,0.0,0.0,0.0,0.0,0.0,0.21428571428571427,-0.7818314824680299,0.6234898018587334,0.49999999999999994,-0.8660254037844387,1.0
HOUSEHOLD_0230_TX_3_validation,d_115,1.0,0.0,0.0,0.0,0.0,0.0,0.0,0.14285714285714285,0.2857142857142857,0.0,1.0,0.49999999999999994,-0.8660254037844387,1.0
HOUSEHOLD_0230_TX_3_validation,d_116,1.0,1.0,0.0,0.0,0.0,0.0,0.0,0.2857142857142857,0.2857142857142857,0.7818314824680298,0.6234898018587336,0.49999999999999994,-0.8660254037844387,0.0
HOBBIES_0231_WI_1_validation,d_50,0.0,0.0,0.0,1.0,0.0,4.0,1.0,0.8571428571428571,0.7857142857142857,-0.9749279121818236,-0.2225209339563146,1.0,6.123233995736766e-17,0.0
HOBBIES_0231_WI_1_validation,d_51,0.0,0.0,0.0,0.0,1.0,0.0,4.0,0.7142857142857143,0.7142857142857143,-0.7818314824680299,0.6234898018587334,1.0,6.123233995736766e-17,1.0
HOBBIES_0231_WI_1_validation,d_52,1.0,0.0,0.0,0.0,0.0,1.0,0.0,0.2857142857142857,0.7857142857142857,0.0,1.0,1.0,6.123233995736766e-17,0.0
HOBBIES_0231_WI_1_validation,d_53,0.0,1.0,0.0,0.0,0.0,0.0,1.0,0.2857142857142857,0.6428571428571429,0.7818314824680298,0.6234898018587336,1.0,6.123233995736766e-17,0.0
HOBBIES_0231_WI_1_validation,d_54,0.0,0.0,1.0,0.0,0.0,0.0,0.0,0.14285714285714285,0.5714285714285714,0.9749279121818236,-0.22252093395631434,1.0,6.123233995736766e-17,0.0
HOBBIES_0231_WI_1_validation,d_55,0.0,0.0,0.0,1.0,0.0,0.0,0.0,0.14285714285714285,0.5714285714285714,0.43388373911755823,-0.900968867902419,1.0,6.123233995736766e-17,0.0
HOBBIES_0231_WI_1_validation,d_56,0.0,0.0,0.0,0.0,1.0,0.0,0.0,0.14285714285714285,0.5714285714285714,-0.433883739117558,-0.9009688679024191,1.0,6.123233995736766e-17,0.0
HOBBIES_0231_WI_1_validation,d_57,0.0,0.0,0.0,0.0,0.0,1.0,0.0,0.14285714285714285,0.5,-0.9749279121818236,-0.2225209339563146,1.0,6.123233995736766e-17,0.0
HOBBIES_0231_WI_1_validation,d_58,0.0,0.0,0.0,0.0,0.0,0.0,1.0,0.14285714285714285,0.42857142857142855,-0.7818314824680299,0.6234898018587334,1.0,6.123233995736766e-17,2.0
HOBBIES_0231_WI_1_validation,d_59,2.0,0.0,0.0,0.0,0.0,0.0,0.0,0.2857142857142857,0.2857142857142857,0.0,1.0,1.0,6.123233995736766e-17,4.0
HOBBIES_0231_WI_1_validation,d_60,4.0,2.0,0.0,0.0,0.0,0.0,0.0,0.8571428571428571,0.5714285714285714,0.7818314824680298,0.6234898018587336,1.0,6.123233995736766e-17,2.0
HOBBIES_0231_WI_1_validation,d_61,2.0,4.0,2.0,0.0,0.0,0.0,0.0,1.1428571428571428,0.6428571428571429,0.9749279121818236,-0.22252093395631434,1.0,6.123233995736766e-17,1.0
HOBBIES_0231_WI_1_validation,d_62,1.0,2.0,4.0,2.0,0.0,0.0,0.0,1.2857142857142858,0.7142857142857143,0.43388373911755823,-0.900968867902419,1.0,6.123233995736766e-17,0.0
HOBBIES_0231_WI_1_validation,d_63,0.0,1.0,2.0,4.0,2.0,0.0,0.0,1.2857142857142858,0.7142857142857143,-0.433883739117558,-0.9009688679024191,0.8660254037844387,-0.4999999999999998,0.0
HOBBIES_0231_WI_1_validation,d_64,0.0,0.0,1.0,2.0,4.0,2.0,0.0,1.2857142857142858,0.7142857142857143,-0.9749279121818236,-0.2225209339563146,0.8660254037844387,-0.4999999999999998,0.0
HOBBIES_0231_WI_1_validation,d_65,0.0,0.0,0.0,1.0,2.0,4.0,2.0,1.2857142857142858,0.7142857142857143,-0.7818314824680299,0.6234898018587334,0.8660254037844387,-0.4999999999999998,1.0
HOBBIES_0231_WI_1_validation,d_66,1.0,0.0,0.0,0.0,1.0,2.0,4.0,1.1428571428571428,0.7142857142857143,0.0,1.0,0.8660254037844387,-0.4999999999999998,3.0
HOBBIES_0231_WI_1_validation,d_67,3.0,1.0,0.0,0.0,0.0,1.0,2.0,1.0,0.9285714285714286,0.7818314824680298,0.6234898018587336,0.8660254037844387,-0.4999999999999998,1.0
HOBBIES_0231_WI_1_validation,d_68,1.0,3.0,1.0,0.0,0.0,0.0,1.0,0.8571428571428571,1.0,0.9749279121818236,-0.22252093395631434,0.8660254037844387,-0.4999999999999998,0.0
HOBBIES_0231_WI_1_validation,d_69,0.0,1.0,3.0,1.0,0.0,0.0,0.0,0.7142857142857143,1.0,0.43388373911755823,-0.900968867902419,0.8660254037844387,-0.4999999999999998,0.0
HOBBIES_0231_WI_1_validation,d_70,0.0,0.0,1.0,3.0,1.0,0.0,0.0,0.7142857142857143,1.0,-0.433883739117558,-0.9009688679024191,0.8660254037844387,-0.4999999999999998,0.0
HOBBIES_0231_WI_1_validation,d_71,0.0,0.0,0.0,1.0,3.0,1.0,0.0,0.7142857142857143,1.0,-0.9749279121818236,-0.2225209339563146,0.8660254037844387,-0.4999999999999998,0.0
HOBBIES_0231_WI_1_validation,d_72,0.0,0.0,0.0,0.0,1.0,3.0,1.0,0.7142857142857143,1.0,-0.7818314824680299,0.6234898018587334,0.8660254037844387,-0.4999999999999998,0.0
HOBBIES_0231_WI_1_validation,d_73,0.0,0.0,0.0,0.0,0.0,1.0,3.0,0.5714285714285714,0.8571428571428571,0.0,1.0,0.8660254037844387,-0.4999999999999998,1.0
HOBBIES_0231_WI_1_validation,d_74,1.0,0.0,0.0,0.0,0.0,0.0,1.0,0.2857142857142857,0.6428571428571429,0.7818314824680298,0.6234898018587336,0.8660254037844387,-0.4999999999999998,0.0
HOBBIES_0231_WI_1_validation,d_75,0.0,1.0,0.0,0.0,0.0,0.0,0.0,0.14285714285714285,0.5,0.9749279121818236,-0.22252093395631434,0.8660254037844387,-0.4999999999999998,0.0
HOBBIES_0231_WI_1_validation,d_76,0.0,0.0,1.0,0.0,0.0,0.0,0.0,0.14285714285714285,0.42857142857142855,0.43388373911755823,-0.900968867902419,0.8660254037844387,-0.4999999999999998,0.0
HOBBIES_0231_WI_1_validation,d_77,0.0,0.0,0.0,1.0,0.0,0.0,0.0,0.14285714285714285,0.42857142857142855,-0.433883739117558,-0.9009688679024191,0.8660254037844387,-0.4999999999999998,0.0
HOBBIES_0231_WI_1_validation,d_78,0.0,0.0,0.0,0.0,1.0,0.0,0.0,0.14285714285714285,0.42857142857142855,-0.9749279121818236,-0.2225209339563146,0.8660254037844387,-0.4999999999999998,0.0
HOBBIES_0231_WI_1_validation,d_79,0.0,0.0,0.0,0.0,0.0,1.0,0.0,0.14285714285714285,0.42857142857142855,-0.7818314824680299,0.6234898018587334,0.8660254037844387,-0.4999999999999998,0.0
HOBBIES_0231_WI_1_validation,d_80,0.0,0.0,0.0,0.0,0.0,0.0,1.0,0.14285714285714285,0.35714285714285715,0.0,1.0,0.8660254037844387,-0.4999999999999998,0.0
HOBBIES_0231_WI_1_validation,d_81,0.0,0.0,0.0,0.0,0.0,0.0,0.0,0.0,0.14285714285714285,0.7818314824680298,0.6234898018587336,0.8660254037844387,-0.4999999999999998,1.0
HOBBIES_0231_WI_1_validation,d_82,1.0,0.0,0.0,0.0,0.0,0.0,0.0,0.14285714285714285,0.14285714285714285,0.9749279121818236,-0.22252093395631434,0.8660254037844387,-0.4999999999999998,0.0
HOBBIES_0231_WI_1_validation,d_83,0.0,1.0,0.0,0.0,0.0,0.0,0.0,0.14285714285714285,0.14285714285714285,0.43388373911755823,-0.900968867902419,0.8660254037844387,-0.4999999999999998,0.0
HOBBIES_0231_WI_1_validation,d_84,0.0,0.0,1.0,0.0,0.0,0.0,0.0,0.14285714285714285,0.14285714285714285,-0.433883739117558,-0.9009688679024191,0.8660254037844387,-0.4999999999999998,0.0
HOBBIES_0231_WI_1_validation,d_85,0.0,0.0,0.0,1.0,0.0,0.0,0.0,0.14285714285714285,0.14285714285714285,-0.9749279121818236,-0.2225209339563146,0.8660254037844387,-0.4999999999999998,0.0
HOBBIES_0231_WI_1_validation,d_86,0.0,0.0,0.0,0.0,1.0,0.0,0.0,0.14285714285714285,0.14285714285714285,-0.7818314824680299,0.6234898018587334,0.8660254037844387,-0.4999999999999998,0.0
HOBBIES_0231_WI_1_validation,d_87,0.0,0.0,0.0,0.0,0.0,1.0,0.0,0.14285714285714285,0.14285714285714285,0.0,1.0,0.8660254037844387,-0.4999999999999998,2.0
HOBBIES_0231_WI_1_validation,d_88,2.0,0.0,0.0,0.0,0.0,0.0,1.0,0.42857142857142855,0.21428571428571427,0.7818314824680298,0.6234898018587336,0.8660254037844387,-0.4999999999999998,3.0
HOBBIES_0231_WI_1_validation,d_89,3.0,2.0,0.0,0.0,0.0,0.0,0.0,0.7142857142857143,0.42857142857142855,0.9749279121818236,-0.22252093395631434,0.8660254037844387,-0.4999999999999998,1.0
HOBBIES_0231_WI_1_validation,d_90,1.0,3.0,2.0,0.0,0.0,0.0,0.0,0.8571428571428571,0.5,0.43388373911755823,-0.900968867902419,0.8660254037844387,-0.4999999999999998,0.0
HOBBIES_0231_WI_1_validation,d_91,0.0,1.0,3.0,2.0,0.0,0.0,0.0,0.8571428571428571,0.5,-0.433883739117558,-0.9009688679024191,0.8660254037844387,-0.4999999999999998,0.0
HOBBIES_0231_WI_1_validation,d_92,0.0,0.0,1.0,3.0,2.0,0.0,0.0,0.8571428571428571,0.5,-0.9749279121818236,-0.2225209339563146,0.8660254037844387,-0.4999999999999998,0.0
HOBBIES_0231_WI_1_validation,d_93,0.0,0.0,0.0,1.0,3.0,2.0,0.0,0.8571428571428571,0.5,-0.7818314824680299,0.6234898018587334,0.49999999999999994,-0.8660254037844387,4.0
HOBBIES_0231_WI_1_validation,d_94,4.0,0.0,0.0,0.0,1.0,3.0,2.0,1.4285714285714286,0.7857142857142857,0.0,1.0,0.49999999999999994,-0.8660254037844387,2.0
HOBBIES_0231_WI_1_validation,d_95,2.0,4.0,0.0,0.0,0.0,1.0,3.0,1.4285714285714286,0.9285714285714286,0.7818314824680298,0.6234898018587336,0.49999999999999994,-0.8660254037844387,1.0
HOBBIES_0231_WI_1_validation,d_96,1.0,2.0,4.0,0.0,0.0,0.0,1.0,1.1428571428571428,0.9285714285714286,0.9749279121818236,-0.22252093395631434,0.49999999999999994,-0.8660254037844387,1.0
HOBBIES_0231_WI_1_validation,d_97,1.0,1.0,2.0,4.0,0.0,0.0,0.0,1.1428571428571428,1.0,0.43388373911755823,-0.900968867902419,0.49999999999999994,-0.8660254037844387,0.0
HOBBIES_0231_WI_1_validation,d_98,0.0,1.0,1.0,2.0,4.0,0.0,0.0,1.1428571428571428,1.0,-0.433883739117558,-0.9009688679024191,0.49999999999999994,-0.8660254037844387,0.0
HOBBIES_0231_WI_1_validation,d_99,0.0,0.0,1.0,1.0,2.0,4.0,0.0,1.1428571428571428,1.0,-0.9749279121818236,-0.2225209339563146,0.49999999999999994,-0.8660254037844387,0.0
HOBBIES_0231_WI_1_validation,d_100,0.0,0.0,0.0,1.0,1.0,2.0,4.0,1.1428571428571428,1.0,-0.7818314824680299,0.6234898018587334,0.49999999999999994,-0.8660254037844387,0.0
HOBBIES_0231_WI_1_validation,d_101,0.0,0.0,0.0,0.0,1.0,1.0,2.0,0.5714285714285714,1.0,0.0,1.0,0.49999999999999994,-0.8660254037844387,0.0
HOBBIES_0231_WI_1_validation,d_102,0.0,0.0,0.0,0.0,0.0,1.0,1.0,0.2857142857142857,0.8571428571428571,0.7818314824680298,0.6234898018587336,0.49999999999999994,-0.8660254037844387,0.0
HOBBIES_0231_WI_1_validation,d_103,0.0,0.0,0.0,0.0,0.0,0.0,1.0,0.14285714285714285,0.6428571428571429,0.9749279121818236,-0.22252093395631434,0.49999999999999994,-0.8660254037844387,1.0
HOBBIES_0231_WI_1_validation,d_104,1.0,0.0,0.0,0.0,0.0,0.0,0.0,0.14285714285714285,0.6428571428571429,0.43388373911755823,-0.900968867902419,0.49999999999999994,-0.8660254037844387,0.0
HOBBIES_0231_WI_1_validation,d_105,0.0,1.0,0.0,0.0,0.0,0.0,0.0,0.14285714285714285,0.6428571428571429,-0.433883739117558,-0.9009688679024191,0.49999999999999994,-0.8660254037844387,0.0
HOBBIES_0231_WI_1_validation,d_106,0.0,0.0,1.0,0.0,0.0,0.0,0.0,0.14285714285714285,0.6428571428571429,-0.9749279121818236,-0.2225209339563146,0.49999999999999994,-0.8660254037844387,0.0
HOBBIES_0231_WI_1_validation,d_107,0.0,0.0,0.0,1.0,0.0,0.0,0.0,0.14285714285714285,0.6428571428571429,-0.7818314824680299,0.6234898018587334,0.49999999999999994,-0.8660254037844387,0.0
HOBBIES_0231_WI_1_validation,d_108,0.0,0.0,0.0,0.0,1.0,0.0,0.0,0.14285714285714285,0.35714285714285715,0.0,1.0,0.49999999999999994,-0.8660254037844387,2.0
HOBBIES_0231_WI_1_validation,d_109,2.0,0.0,0.0,0.0,0.0,1.0,0.0,0.42857142857142855,0.35714285714285715,0.7818314824680298,0.6234898018587336,0.49999999999999994,-0.8660254037844387,0.0
HOBBIES_0231_WI_1_validation,d_110,0.0,2.0,0.0,0.0,0.0,0.0,1.0,0.42857142857142855,0.2857142857142857,0.9749279121818236,-0.22252093395631434,0.49999999999999994,-0.8660254037844387,0.0
HOBBIES_0231_WI_1_validation,d_111,0.0,0.0,2.0,0.0,0.0,0.0,0.0,0.2857142857142857,0.21428571428571427,0.43388373911755823,-0.900968867902419,0.49999999999999994,-0.8660254037844387,0.0
HOBBIES_0231_WI_1_validation,d_112,0.0,0.0,0.0,2.0,0.0,0.0,0.0,0.2857142857142857,0.21428571428571427,-0.433883739117558,-0.9009688679024191,0.49999999999999994,-0.8660254037844387,0.0
HOBBIES_0231_WI_1_validation,d_113,0.0,0.0,0.0,0.0,2.0,0.0,0.0,0.2857142857142857,0.21428571428571427,-0.9749279121818236,-0.2225209339563146,0.49999999999999994,-0.8660254037844387,0.0
HOBBIES_0231_WI_1_validation,d_114,0.0,0.0,0.0,0.0,0.0,2.0,0.0,0.2857142857142857,0.21428571428571427,-0.7818314824680299,0.6234898018587334,0.49999999999999994,-0.8660254037844387,0.0
HOBBIES_0231_WI_1_validation,d_115,0.0,0.0,0.0,0.0,0.0,0.0,2.0,0.2857142857142857,0.21428571428571427,0.0,1.0,0.49999999999999994,-0.8660254037844387,1.0
HOBBIES_0231_WI_1_validation,d_116,1.0,0.0,0.0,0.0,0.0,0.0,0.0,0.14285714285714285,0.2857142857142857,0.7818314824680298,0.6234898018587336,0.49999999999999994,-0.8660254037844387,0.0
FOODS_0235_CA_2_validation,d_50,0.0,1.0,1.0,0.0,1.0,1.0,0.0,0.5714285714285714,0.42857142857142855,-0.9749279121818236,-0.2225209339563146,1.0,6.123233995736766e-17,0.0
FOODS_0235_CA_2_validation,d_51,0.0,0.0,1.0,1.0,0.0,1.0,1.0,0.5714285714285714,0.42857142857142855,-0.7818314824680299,0.6234898018587334,1.0,6.123233995736766e-17,0.0
FOODS_0235_CA_2_validation,d_52,0.0,0.0,0.0,1.0,1.0,0.0,1.0,0.42857142857142855,0.42857142857142855,0.0,1.0,1.0,6.123233995736766e-17,0.0
FOODS_0235_CA_2_validation,d_53,0.0,0.0,0.0,0.0,1.0,1.0,0.0,0.2857142857142857,0.42857142857142855,0.7818314824680298,0.6234898018587336,1.0,6.123233995736766e-17,0.0
FOODS_0235_CA_2_validation,d_54,0.0,0.0,0.0,0.0,0.0,1.0,1.0,0.2857142857142857,0.35714285714285715,0.9749279121818236,-0.22252093395631434,1.0,6.123233995736766e-17,0.0
FOODS_0235_CA_2_validation,d_55,0.0,0.0,0.0,0.0,0.0,0.0,1.0,0.14285714285714285,0.35714285714285715,0.43388373911755823,-0.900968867902419,1.0,6.123233995736766e-17,0.0
FOODS_0235_CA_2_validation,d_56,0.0,0.0,0.0,0.0,0.0,0.0,0.0,0.0,0.35714285714285715,-0.433883739117558,-0.9009688679024191,1.0,6.123233995736766e-17,0.0
FOODS_0235_CA_2_validation,d_57,0.0,0.0,0.0,0.0,0.0,0.0,0.0,0.0,0.2857142857142857,-0.9749279121818236,-0.2225209339563146,1.0,6.123233995736766e-17,0.0
FOODS_0235_CA_2_validation,d_58,0.0,0.0,0.0,0.0,0.0,0.0,0.0,0.0,0.2857142857142857,-0.7818314824680299,0.6234898018587334,1.0,6.123233995736766e-17,1.0
FOODS_0235_CA_2_validation,d_59,1.0,0.0,0.0,0.0,0.0,0.0,0.0,0.14285714285714285,0.2857142857142857,0.0,1.0,1.0,6.123233995736766e-17,1.0
FOODS_0235_CA_2_validation,d_60,1.0,1.0,0.0,0.0,0.0,0.0,0.0,0.2857142857142857,0.2857142857142857,0.7818314824680298,0.6234898018587336,1.0,6.123233995736766e-17,1.0
FOODS_0235_CA_2_validation,d_61,1.0,1.0,1.0,0.0,0.0,0.0,0.0,0.42857142857142855,0.35714285714285715,0.9749279121818236,-0.22252093395631434,1.0,6.123233995736766e-17,1.0
FOODS_0235_CA_2_validation,d_62,1.0,1.0,1.0,1.0,0.0,0.0,0.0,0.5714285714285714,0.35714285714285715,0.43388373911755823,-0.900968867902419,1.0,6.123233995736766e-17,0.0
FOODS_0235_CA_2_validation,d_63,0.0,1.0,1.0,1.0,1.0,0.0,0.0,0.5714285714285714,0.2857142857142857,-0.433883739117558,-0.9009688679024191,0.8660254037844387,-0.4999999999999998,0.0
FOODS_0235_CA_2_validation,d_64,0.0,0.0,1.0,1.0,1.0,1.0,0.0,0.5714285714285714,0.2857142857142857,-0.9749279121818236,-0.2225209339563146,0.8660254037844387,-0.4999999999999998,0.0
FOODS_0235_CA_2_validation,d_65,0.0,0.0,0.0,1.0,1.0,1.0,1.0,0.5714285714285714,0.2857142857142857,-0.7818314824680299,0.6234898018587334,0.8660254037844387,-0.4999999999999998,0.0
FOODS_0235_CA_2_validation,d_66,0.0,0.0,0.0,0.0,1.0,1.0,1.0,0.42857142857142855,0.2857142857142857,0.0,1.0,0.8660254037844387,-0.4999999999999998,0.0
FOODS_0235_CA_2_validation,d_67,0.0,0.0,0.0,0.0,0.0,1.0,1.0,0.2857142857142857,0.2857142857142857,0.7818314824680298,0.6234898018587336,0.8660254037844387,-0.4999999999999998,0.0
FOODS_0235_CA_2_validation,d_68,0.0,0.0,0.0,0.0,0.0,0.0,1.0,0.14285714285714285,0.2857142857142857,0.9749279121818236,-0.22252093395631434,0.8660254037844387,-0.4999999999999998,0.0
FOODS_0235_CA_2_validation,d_69,0.0,0.0,0.0,0.0,0.0,0.0,0.0,0.0,0.2857142857142857,0.43388373911755823,-0.900968867902419,0.8660254037844387,-0.4999999999999998,0.0
FOODS_0235_CA_2_validation,d_70,0.0,0.0,0.0,0.0,0.0,0.0,0.0,0.0,0.2857142857142857,-0.433883739117558,-0.9009688679024191,0.8660254037844387,-0.4999999999999998,0.0
FOODS_0235_CA_2_validation,d_71,0.0,0.0,0.0,0.0,0.0,0.0,0.0,0.0,0.2857142857142857,-0.9749279121818236,-0.2225209339563146,0.8660254037844387,-0.4999999999999998,0.0
FOODS_0235_CA_2_validation,d_72,0.0,0.0,0.0,0.0,0.0,0.0,0.0,0.0,0.2857142857142857,-0.7818314824680299,0.6234898018587334,0.8660254037844387,-0.4999999999999998,0.0
FOODS_0235_CA_2_validation,d_73,0.0,0.0,0.0,0.0,0.0,0.0,0.0,0.0,0.21428571428571427,0.0,1.0,0.8660254037844387,-0.4999999999999998,1.0
FOODS_0235_CA_2_validation,d_74,1.0,0.0,0.0,0.0,0.0,0.0,0.0,0.14285714285714285,0.21428571428571427,0.7818314824680298,0.6234898018587336,0.8660254037844387,-0.4999999999999998,0.0
FOODS_0235_CA_2_validation,d_75,0.0,1.0,0.0,0.0,0.0,0.0,0.0,0.14285714285714285,0.14285714285714285,0.9749279121818236,-0.22252093395631434,0.8660254037844387,-0.4999999999999998,0.0
FOODS_0235_CA_2_validation,d_76,0.0,0.0,1.0,0.0,0.0,0.0,0.0,0.14285714285714285,0.07142857142857142,0.43388373911755823,-0.900968867902419,0.8660254037844387,-0.4999999999999998,0.0
FOODS_0235_CA_2_validation,d_77,0.0,0.0,0.0,1.0,0.0,0.0,0.0,0.14285714285714285,0.07142857142857142,-0.433883739117558,-0.9009688679024191,0.8660254037844387,-0.4999999999999998,0.0
FOODS_0235_CA_2_validation,d_78,0.0,0.0,0.0,0.0,1.0,0.0,0.0,0.14285714285714285,0.07142857142857142,-0.9749279121818236,-0.2225209339563146,0.8660254037844387,-0.4999999999999998,0.0
FOODS_0235_CA_2_validation,d_79,0.0,0.0,0.0,0.0,0.0,1.0,0.0,0.14285714285714285,0.07142857142857142,-0.7818314824680299,0.6234898018587334,0.8660254037844387,-0.4999999999999998,0.0
FOODS_0235_CA_2_validation,d_80,0.0,0.0,0.0,0.0,0.0,0.0,1.0,0.14285714285714285,0.07142857142857142,0.0,1.0,0.8660254037844387,-0.4999999999999998,2.0
FOODS_0235_CA_2_validation,d_81,2.0,0.0,0.0,0.0,0.0,0.0,0.0,0.2857142857142857,0.21428571428571427,0.7818314824680298,0.6234898018587336,0.8660254037844387,-0.4999999999999998,0.0
FOODS_0235_CA_2_validation,d_82,0.0,2.0,0.0,0.0,0.0,0.0,0.0,0.2857142857142857,0.21428571428571427,0.9749279121818236,-0.22252093395631434,0.8660254037844387,-0.4999999999999998,1.0
FOODS_0235_CA_2_validation,d_83,1.0,0.0,2.0,0.0,0.0,0.0,0.0,0.42857142857142855,0.2857142857142857,0.43388373911755823,-0.900968867902419,0.8660254037844387,-0.4999999999999998,0.0
FOODS_0235_CA_2_validation,d_84,0.0,1.0,0.0,2.0,0.0,0.0,0.0,0.42857142857142855,0.2857142857142857,-0.433883739117558,-0.9009688679024191,0.8660254037844387,-0.4999999999999998,0.0
FOODS_0235_CA_2_validation,d_85,0.0,0.0,1.0,0.0,2.0,0.0,0.0,0.42857142857142855,0.2857142857142857,-0.9749279121818236,-0.2225209339563146,0.8660254037844387,-0.4999999999999998,0.0
FOODS_0235_CA_2_validation,d_86,0.0,0.0,0.0,1.0,0.0,2.0,0.0,0.42857142857142855,0.2857142857142857,-0.7818314824680299,0.6234898018587334,0.8660254037844387,-0.4999999999999998,0.0
FOODS_0235_CA_2_validation,d_87,0.0,0.0,0.0,0.0,1.0,0.0,2.0,0.42857142857142855,0.2857142857142857,0.0,1.0,0.8660254037844387,-0.4999999999999998,1.0
FOODS_0235_CA_2_validation,d_88,1.0,0.0,0.0,0.0,0.0,1.0,0.0,0.2857142857142857,0.2857142857142857,0.7818314824680298,0.6234898018587336,0.8660254037844387,-0.4999999999999998,0.0
FOODS_0235_CA_2_validation,d_89,0.0,1.0,0.0,0.0,0.0,0.0,1.0,0.2857142857142857,0.2857142857142857,0.9749279121818236,-0.22252093395631434,0.8660254037844387,-0.4999999999999998,0.0
FOODS_0235_CA_2_validation,d_90,0.0,0.0,1.0,0.0,0.0,0.0,0.0,0.14285714285714285,0.2857142857142857,0.43388373911755823,-0.900968867902419,0.8660254037844387,-0.4999999999999998,0.0
FOODS_0235_CA_2_validation,d_91,0.0,0.0,0.0,1.0,0.0,0.0,0.0,0.14285714285714285,0.2857142857142857,-0.433883739117558,-0.9009688679024191,0.8660254037844387,-0.4999999999999998,1.0
FOODS_0235_CA_2_validation,d_92,1.0,0.0,0.0,0.0,1.0,0.0,0.0,0.2857142857142857,0.35714285714285715,-0.9749279121818236,-0.2225209339563146,0.8660254037844387,-0.4999999999999998,0.0
FOODS_0235_CA_2_validation,d_93,0.0,1.0,0.0,0.0,0.0,1.0,0.0,0.2857142857142857,0.35714285714285715,-0.7818314824680299,0.6234898018587334,0.49999999999999994,-0.8660254037844387,1.0
FOODS_0235_CA_2_validation,d_94,1.0,0.0,1.0,0.0,0.0,0.0,1.0,0.42857142857142855,0.42857142857142855,0.0,1.0,0.49999999999999994,-0.8660254037844387,0.0
FOODS_0235_CA_2_validation,d_95,0.0,1.0,0.0,1.0,0.0,0.0,0.0,0.2857142857142857,0.2857142857142857,0.7818314824680298,0.6234898018587336,0.49999999999999994,-0.8660254037844387,0.0
FOODS_0235_CA_2_validation,d_96,0.0,0.0,1.0,0.0,1.0,0.0,0.0,0.2857142857142857,0.2857142857142857,0.9749279121818236,-0.22252093395631434,0.49999999999999994,-0.8660254037844387,0.0
FOODS_0235_CA_2_validation,d_97,0.0,0.0,0.0,1.0,0.0,1.0,0.0,0.2857142857142857,0.21428571428571427,0.43388373911755823,-0.900968867902419,0.49999999999999994,-0.8660254037844387,0.0
FOODS_0235_CA_2_validation,d_98,0.0,0.0,0.0,0.0,1.0,0.0,1.0,0.2857142857142857,0.21428571428571427,-0.433883739117558,-0.9009688679024191,0.49999999999999994,-0.8660254037844387,0.0
FOODS_0235_CA_2_validation,d_99,0.0,0.0,0.0,0.0,0.0,1.0,0.0,0.14285714285714285,0.21428571428571427,-0.9749279121818236,-0.2225209339563146,0.49999999999999994,-0.8660254037844387,0.0
FOODS_0235_CA_2_validation,d_100,0.0,0.0,0.0,0.0,0.0,0.0,1.0,0.14285714285714285,0.21428571428571427,-0.7818314824680299,0.6234898018587334,0.49999999999999994,-0.8660254037844387,1.0
FOODS_0235_CA_2_validation,d_101,1.0,0.0,0.0,0.0,0.0,0.0,0.0,0.14285714285714285,0.2857142857142857,0.0,1.0,0.49999999999999994,-0.8660254037844387,3.0
FOODS_0235_CA_2_validation,d_102,3.0,1.0,0.0,0.0,0.0,0.0,0.0,0.5714285714285714,0.42857142857142855,0.7818314824680298,0.6234898018587336,0.49999999999999994,-0.8660254037844387,0.0
FOODS_0235_CA_2_validation,d_103,0.0,3.0,1.0,0.0,0.0,0.0,0.0,0.5714285714285714,0.42857142857142855,0.9749279121818236,-0.22252093395631434,0.49999999999999994,-0.8660254037844387,0.0
FOODS_0235_CA_2_validation,d_104,0.0,0.0,3.0,1.0,0.0,0.0,0.0,0.5714285714285714,0.42857142857142855,0.43388373911755823,-0.900968867902419,0.49999999999999994,-0.8660254037844387,0.0
FOODS_0235_CA_2_validation,d_105,0.0,0.0,0.0,3.0,1.0,0.0,0.0,0.5714285714285714,0.42857142857142855,-0.433883739117558,-0.9009688679024191,0.49999999999999994,-0.8660254037844387,0.0
FOODS_0235_CA_2_validation,d_106,0.0,0.0,0.0,0.0,3.0,1.0,0.0,0.5714285714285714,0.35714285714285715,-0.9749279121818236,-0.2225209339563146,0.49999999999999994,-0.8660254037844387,0.0
FOODS_0235_CA_2_validation,d_107,0.0,0.0,0.0,0.0,0.0,3.0,1.0,0.5714285714285714,0.35714285714285715,-0.7818314824680299,0.6234898018587334,0.49999999999999994,-0.8660254037844387,0.0
FOODS_0235_CA_2_validation,d_108,0.0,0.0,0.0,0.0,0.0,0.0,3.0,0.42857142857142855,0.2857142857142857,0.0,1.0,0.49999999999999994,-0.8660254037844387,0.0
FOODS_0235_CA_2_validation,d_109,0.0,0.0,0.0,0.0,0.0,0.0,0.0,0.0,0.2857142857142857,0.7818314824680298,0.6234898018587336,0.49999999999999994,-0.8660254037844387,0.0
FOODS_0235_CA_2_validation,d_110,0.0,0.0,0.0,0.0,0.0,0.0,0.0,0.0,0.2857142857142857,0.9749279121818236,-0.22252093395631434,0.49999999999999994,-0.8660254037844387,0.0
FOODS_0235_CA_2_validation,d_111,0.0,0.0,0.0,0.0,0.0,0.0,0.0,0.0,0.2857142857142857,0.43388373911755823,-0.900968867902419,0.49999999999999994,-0.8660254037844387,0.0
FOODS_0235_CA_2_validation,d_112,0.0,0.0,0.0,0.0,0.0,0.0,0.0,0.0,0.2857142857142857,-0.433883739117558,-0.9009688679024191,0.49999999999999994,-0.8660254037844387,0.0
FOODS_0235_CA_2_validation,d_113,0.0,0.0,0.0,0.0,0.0,0.0,0.0,0.0,0.2857142857142857,-0.9749279121818236,-0.2225209339563146,0.49999999999999994,-0.8660254037844387,0.0
FOODS_0235_CA_2_validation,d_114,0.0,0.0,0.0,0.0,0.0,0.0,0.0,0.0,0.2857142857142857,-0.7818314824680299,0.6234898018587334,0.49999999999999994,-0.8660254037844387,0.0
FOODS_0235_CA_2_validation,d_115,0.0,0.0,0.0,0.0,0.0,0.0,0.0,0.0,0.21428571428571427,0.0,1.0,0.49999999999999994,-0.8660254037844387,0.0
FOODS_0235_CA_2_validation,d_116,0.0,0.0,0.0,0.0,0.0,0.0,0.0,0.0,0.0,0.7818314824680298,0.6234898018587336,0.49999999999999994,-0.8660254037844387,0.0
