series_id,timestamp,y
FOODS_0001_CA_2_validation,d_36,1
FOODS_0001_CA_2_validation,d_37,4
FOODS_0001_CA_2_validation,d_38,0
FOODS_0001_CA_2_validation,d_39,0
FOODS_0001_CA_2_validation,d_40,0
FOODS_0001_CA_2_validation,d_41,1
FOODS_0001_CA_2_validation,d_42,1
FOODS_0001_CA_2_validation,d_43,0
FOODS_0001_CA_2_validation,d_44,1
FOODS_0001_CA_2_validation,d_45,1
FOODS_0001_CA_2_validation,d_46,0
FOODS_0001_CA_2_validation,d_47,1
FOODS_0001_CA_2_validation,d_48,0
FOODS_0001_CA_2_validation,d_49,0
FOODS_0001_CA_2_validation,d_50,0
FOODS_0001_CA_2_validation,d_51,2
FOODS_0001_CA_2_validation,d_52,3
FOODS_0001_CA_2_validation,d_53,1
FOODS_0001_CA_2_validation,d_54,1
FOODS_0001_CA_2_validation,d_55,1
FOODS_0001_CA_2_validation,d_56,1
FOODS_0001_CA_2_validation,d_57,2
FOODS_0001_CA_2_validation,d_58,3
FOODS_0001_CA_2_validation,d_59,3
FOODS_0001_CA_2_validation,d_60,3
FOODS_0001_CA_2_validation,d_61,0
FOODS_0001_CA_2_validation,d_62,1
FOODS_0001_CA_2_validation,d_63,1
FOODS_0001_CA_2_validation,d_64,0
FOODS_0001_CA_2_validation,d_65,1
FOODS_0001_CA_2_validation,d_66,0
FOODS_0001_CA_2_validation,d_67,3
FOODS_0001_CA_2_validation,d_68,0
FOODS_0001_CA_2_validation,d_69,1
FOODS_0001_CA_2_validation,d_70,0
FOODS_0001_CA_2_validation,d_71,0
FOODS_0001_CA_2_validation,d_72,2
FOODS_0001_CA_2_validation,d_73,1
FOODS_0001_CA_2_validation,d_74,0
FOODS_0001_CA_2_validation,d_75,0
FOODS_0001_CA_2_validation,d_76,0
FOODS_0001_CA_2_validation,d_77,0
FOODS_0001_CA_2_validation,d_78,0
FOODS_0001_CA_2_validation,d_79,0
FOODS_0001_CA_2_validation,d_80,2
FOODS_0001_CA_2_validation,d_81,2
FOODS_0001_CA_2_validation,d_82,1
FOODS_0001_CA_2_validation,d_83,0
FOODS_0001_CA_2_validation,d_84,0
FOODS_0001_CA_2_validation,d_85,0
FOODS_0001_CA_2_validation,d_86,0
FOODS_0001_CA_2_validation,d_87,1
FOODS_0001_CA_2_validation,d_88,1
FOODS_0001_CA_2_validation,d_89,1
FOODS_0001_CA_2_validation,d_90,0
FOODS_0001_CA_2_validation,d_91,0
FOODS_0001_CA_2_validation,d_92,0
FOODS_0001_CA_2_validation,d_93,1
FOODS_0001_CA_2_validation,d_94,4
FOODS_0001_CA_2_validation,d_95,5
FOODS_0001_CA_2_validation,d_96,0
FOODS_0001_CA_2_validation,d_97,0
FOODS_0001_CA_2_validation,d_98,1
FOODS_0001_CA_2_validation,d_99,0
FOODS_0001_CA_2_validation,d_100,3
FOODS_0001_CA_2_validation,d_101,1
FOODS_0001_CA_2_validation,d_102,4
FOODS_0001_CA_2_validation,d_103,0
FOODS_0001_CA_2_validation,d_104,0
FOODS_0001_CA_2_validation,d_105,0
FOODS_0001_CA_2_validation,d_106,1
FOODS_0001_CA_2_validation,d_107,1
FOODS_0001_CA_2_validation,d_108,0
FOODS_0001_CA_2_validation,d_109,0
FOODS_0001_CA_2_validation,d_110,0
FOODS_0001_CA_2_validation,d_111,1
FOODS_0001_CA_2_validation,d_112,2
FOODS_0001_CA_2_validation,d_113,0
FOODS_0001_CA_2_validation,d_114,2
FOODS_0001_CA_2_validation,d_115,0
FOODS_0001_CA_2_validation,d_116,2
FOODS_0001_CA_2_validation,d_117,0
FOODS_0001_CA_2_validation,d_118,1
FOODS_0001_CA_2_validation,d_119,0
FOODS_0001_CA_2_validation,d_120,1
FOODS_0001_CA_2_validation,d_121,3
FOODS_0001_CA_2_validation,d_122,1
FOODS_0001_CA_2_validation,d_123,2
FOODS_0001_CA_2_validation,d_124,0
FOODS_0001_CA_2_validation,d_125,0
FOODS_0001_CA_2_validation,d_126,1
FOODS_0001_CA_2_validation,d_127,2
FOODS_0001_CA_2_validation,d_128,0
FOODS_0001_CA_2_validation,d_129,0
FOODS_0001_CA_2_validation,d_130,1
FOODS_0001_CA_2_validation,d_131,1
FOODS_0001_CA_2_validation,d_132,0
FOODS_0001_CA_2_validation,d_133,1
FOODS_0001_CA_2_validation,d_134,0
FOODS_0001_CA_2_validation,d_135,1
FOODS_0001_CA_2_validation,d_136,2
FOODS_0001_CA_2_validation,d_137,1
FOODS_0001_CA_2_validation,d_138,0
FOODS_0001_CA_2_validation,d_139,0
FOODS_0001_CA_2_validation,d_140,0
FOODS_0001_CA_2_validation,d_141,3
FOODS_0001_CA_2_validation,d_142,1
FOODS_0001_CA_2_validation,d_143,0
FOODS_0001_CA_2_validation,d_144,2
FOODS_0007_WI_2_validation,d_36,1
FOODS_0007_WI_2_validation,d_37,1
FOODS_0007_WI_2_validation,d_38,2
FOODS_0007_WI_2_validation,d_39,0
FOODS_0007_WI_2_validation,d_40,0
FOODS_0007_WI_2_validation,d_41,0
FOODS_0007_WI_2_validation,d_42,0
FOODS_0007_WI_2_validation,d_43,0
FOODS_0007_WI_2_validation,d_44,0
FOODS_0007_WI_2_validation,d_45,0
FOODS_0007_WI_2_validation,d_46,0
FOODS_0007_WI_2_validation,d_47,1
FOODS_0007_WI_2_validation,d_48,0
FOODS_0007_WI_2_validation,d_49,0
FOODS_0007_WI_2_validation,d_50,0
FOODS_0007_WI_2_validation,d_51,0
FOODS_0007_WI_2_validation,d_52,0
FOODS_0007_WI_2_validation,d_53,1
FOODS_0007_WI_2_validation,d_54,0
FOODS_0007_WI_2_validation,d_55,0
FOODS_0007_WI_2_validation,d_56,0
FOODS_0007_WI_2_validation,d_57,0
FOODS_0007_WI_2_validation,d_58,1
FOODS_0007_WI_2_validation,d_59,2
FOODS_0007_WI_2_validation,d_60,1
FOODS_0007_WI_2_validation,d_61,0
FOODS_0007_WI_2_validation,d_62,0
FOODS_0007_WI_2_validation,d_63,0
FOODS_0007_WI_2_validation,d_64,0
FOODS_0007_WI_2_validation,d_65,2
FOODS_0007_WI_2_validation,d_66,0
FOODS_0007_WI_2_validation,d_67,0
FOODS_0007_WI_2_validation,d_68,0
FOODS_0007_WI_2_validation,d_69,0
FOODS_0007_WI_2_validation,d_70,0
FOODS_0007_WI_2_validation,d_71,0
FOODS_0007_WI_2_validation,d_72,0
FOODS_0007_WI_2_validation,d_73,0
FOODS_0007_WI_2_validation,d_74,0
FOODS_0007_WI_2_validation,d_75,0
FOODS_0007_WI_2_validation,d_76,0
FOODS_0007_WI_2_validation,d_77,0
FOODS_0007_WI_2_validation,d_78,0
FOODS_0007_WI_2_validation,d_79,1
FOODS_0007_WI_2_validation,d_80,1
FOODS_0007_WI_2_validation,d_81,1
FOODS_0007_WI_2_validation,d_82,0
FOODS_0007_WI_2_validation,d_83,0
FOODS_0007_WI_2_validation,d_84,0
FOODS_0007_WI_2_validation,d_85,0
FOODS_0007_WI_2_validation,d_86,0
FOODS_0007_WI_2_validation,d_87,3
FOODS_0007_WI_2_validation,d_88,1
FOODS_0007_WI_2_validation,d_89,0
FOODS_0007_WI_2_validation,d_90,0
FOODS_0007_WI_2_validation,d_91,0
FOODS_0007_WI_2_validation,d_92,0
FOODS_0007_WI_2_validation,d_93,0
FOODS_0007_WI_2_validation,d_94,1
FOODS_0007_WI_2_validation,d_95,0
FOODS_0007_WI_2_validation,d_96,0
FOODS_0007_WI_2_validation,d_97,0
FOODS_0007_WI_2_validation,d_98,1
FOODS_0007_WI_2_validation,d_99,0
FOODS_0007_WI_2_validation,d_100,0
FOODS_0007_WI_2_validation,d_101,1
FOODS_0007_WI_2_validation,d_102,0
FOODS_0007_WI_2_validation,d_103,0
FOODS_0007_WI_2_validation,d_104,0
FOODS_0007_WI_2_validation,d_105,0
FOODS_0007_WI_2_validation,d_106,1
FOODS_0007_WI_2_validation,d_107,0
FOODS_0007_WI_2_validation,d_108,0
FOODS_0007_WI_2_validation,d_109,0
FOODS_0007_WI_2_validation,d_110,0
FOODS_0007_WI_2_validation,d_111,0
FOODS_0007_WI_2_validation,d_112,0
FOODS_0007_WI_2_validation,d_113,0
FOODS_0007_WI_2_validation,d_114,0
FOODS_0007_WI_2_validation,d_115,1
FOODS_0007_WI_2_validation,d_116,0
FOODS_0007_WI_2_validation,d_117,0
FOODS_0007_WI_2_validation,d_118,0
FOODS_0007_WI_2_validation,d_119,0
FOODS_0007_WI_2_validation,d_120,0
FOODS_0007_WI_2_validation,d_121,0
FOODS_0007_WI_2_validation,d_122,0
FOODS_0007_WI_2_validation,d_123,1
FOODS_0007_WI_2_validation,d_124,0
FOODS_0007_WI_2_validation,d_125,0
FOODS_0007_WI_2_validation,d_126,0
FOODS_0007_WI_2_validation,d_127,1
FOODS_0007_WI_2_validation,d_128,2
FOODS_0007_WI_2_validation,d_129,0
FOODS_0007_WI_2_validation,d_130,1
FOODS_0007_WI_2_validation,d_131,0
FOODS_0007_WI_2_validation,d_132,0
FOODS_0007_WI_2_validation,d_133,0
FOODS_0007_WI_2_validation,d_134,0
FOODS_0007_WI_2_validation,d_135,0
FOODS_0007_WI_2_validation,d_136,0
FOODS_0007_WI_2_validation,d_137,0
FOODS_0007_WI_2_validation,d_138,0
FOODS_0007_WI_2_validation,d_139,0
FOODS_0007_WI_2_validation,d_140,0
FOODS_0007_WI_2_validation,d_141,3
FOODS_0007_WI_2_validation,d_142,0
FOODS_0007_WI_2_validation,d_143,1
FOODS_0007_WI_2_validation,d_144,1
HOBBIES_0009_CA_1_validation,d_36,0
HOBBIES_0009_CA_1_validation,d_37,1
HOBBIES_0009_CA_1_validation,d_38,1
HOBBIES_0009_CA_1_validation,d_39,0
HOBBIES_0009_CA_1_validation,d_40,0
HOBBIES_0009_CA_1_validation,d_41,0
HOBBIES_0009_CA_1_validation,d_42,0
HOBBIES_0009_CA_1_validation,d_43,0
HOBBIES_0009_CA_1_validation,d_44,0
HOBBIES_0009_CA_1_validation,d_45,0
HOBBIES_0009_CA_1_validation,d_46,0
HOBBIES_0009_CA_1_validation,d_47,0
HOBBIES_0009_CA_1_validation,d_48,0
HOBBIES_0009_CA_1_validation,d_49,0
HOBBIES_0009_CA_1_validation,d_50,0
HOBBIES_0009_CA_1_validation,d_51,0
HOBBIES_0009_CA_1_validation,d_52,1
HOBBIES_0009_CA_1_validation,d_53,0
HOBBIES_0009_CA_1_validation,d_54,0
HOBBIES_0009_CA_1_validation,d_55,0
HOBBIES_0009_CA_1_validation,d_56,0
HOBBIES_0009_CA_1_validation,d_57,0
HOBBIES_0009_CA_1_validation,d_58,2
HOBBIES_0009_CA_1_validation,d_59,1
HOBBIES_0009_CA_1_validation,d_60,0
HOBBIES_0009_CA_1_validation,d_61,0
HOBBIES_0009_CA_1_validation,d_62,0
HOBBIES_0009_CA_1_validation,d_63,0
HOBBIES_0009_CA_1_validation,d_64,0
HOBBIES_0009_CA_1_validation,d_65,0
HOBBIES_0009_CA_1_validation,d_66,2
HOBBIES_0009_CA_1_validation,d_67,0
HOBBIES_0009_CA_1_validation,d_68,0
HOBBIES_0009_CA_1_validation,d_69,0
HOBBIES_0009_CA_1_validation,d_70,0
HOBBIES_0009_CA_1_validation,d_71,1
HOBBIES_0009_CA_1_validation,d_72,0
HOBBIES_0009_CA_1_validation,d_73,0
HOBBIES_0009_CA_1_validation,d_74,0
HOBBIES_0009_CA_1_validation,d_75,1
HOBBIES_0009_CA_1_validation,d_76,0
HOBBIES_0009_CA_1_validation,d_77,0
HOBBIES_0009_CA_1_validation,d_78,0
HOBBIES_0009_CA_1_validation,d_79,0
HOBBIES_0009_CA_1_validation,d_80,0
HOBBIES_0009_CA_1_validation,d_81,0
HOBBIES_0009_CA_1_validation,d_82,0
HOBBIES_0009_CA_1_validation,d_83,0
HOBBIES_0009_CA_1_validation,d_84,0
HOBBIES_0009_CA_1_validation,d_85,1
HOBBIES_0009_CA_1_validation,d_86,0
HOBBIES_0009_CA_1_validation,d_87,0
HOBBIES_0009_CA_1_validation,d_88,2
HOBBIES_0009_CA_1_validation,d_89,1
HOBBIES_0009_CA_1_validation,d_90,0
HOBBIES_0009_CA_1_validation,d_91,0
HOBBIES_0009_CA_1_validation,d_92,0
HOBBIES_0009_CA_1_validation,d_93,0
HOBBIES_0009_CA_1_validation,d_94,2
HOBBIES_0009_CA_1_validation,d_95,3
HOBBIES_0009_CA_1_validation,d_96,0
HOBBIES_0009_CA_1_validation,d_97,0
HOBBIES_0009_CA_1_validation,d_98,0
HOBBIES_0009_CA_1_validation,d_99,1
HOBBIES_0009_CA_1_validation,d_100,0
HOBBIES_0009_CA_1_validation,d_101,0
HOBBIES_0009_CA_1_validation,d_102,0
HOBBIES_0009_CA_1_validation,d_103,0
HOBBIES_0009_CA_1_validation,d_104,0
HOBBIES_0009_CA_1_validation,d_105,0
HOBBIES_0009_CA_1_validation,d_106,0
HOBBIES_0009_CA_1_validation,d_107,0
HOBBIES_0009_CA_1_validation,d_108,0
HOBBIES_0009_CA_1_validation,d_109,0
HOBBIES_0009_CA_1_validation,d_110,0
HOBBIES_0009_CA_1_validation,d_111,0
HOBBIES_0009_CA_1_validation,d_112,0
HOBBIES_0009_CA_1_validation,d_113,0
HOBBIES_0009_CA_1_validation,d_114,0
HOBBIES_0009_CA_1_validation,d_115,2
HOBBIES_0009_CA_1_validation,d_116,0
HOBBIES_0009_CA_1_validation,d_117,0
HOBBIES_0009_CA_1_validation,d_118,0
HOBBIES_0009_CA_1_validation,d_119,0
HOBBIES_0009_CA_1_validation,d_120,0
HOBBIES_0009_CA_1_validation,d_121,0
HOBBIES_0009_CA_1_validation,d_122,0
HOBBIES_0009_CA_1_validation,d_123,0
HOBBIES_0009_CA_1_validation,d_124,0
HOBBIES_0009_CA_1_validation,d_125,0
HOBBIES_0009_CA_1_validation,d_126,0
HOBBIES_0009_CA_1_validation,d_127,0
HOBBIES_0009_CA_1_validation,d_128,1
HOBBIES_0009_CA_1_validation,d_129,1
HOBBIES_0009_CA_1_validation,d_130,1
HOBBIES_0009_CA_1_validation,d_131,0
HOBBIES_0009_CA_1_validation,d_132,0
HOBBIES_0009_CA_1_validation,d_133,0
HOBBIES_0009_CA_1_validation,d_134,0
HOBBIES_0009_CA_1_validation,d_135,2
HOBBIES_0009_CA_1_validation,d_136,0
HOBBIES_0009_CA_1_validation,d_137,0
HOBBIES_0009_CA_1_validation,d_138,0
HOBBIES_0009_CA_1_validation,d_139,0
HOBBIES_0009_CA_1_validation,d_140,0
HOBBIES_0009_CA_1_validation,d_141,0
HOBBIES_0009_CA_1_validation,d_142,0
HOBBIES_0009_CA_1_validation,d_143,1
HOBBIES_0009_CA_1_validation,d_144,0
HOBBIES_0012_TX_1_validation,d_36,0
HOBBIES_0012_TX_1_validation,d_37,0
HOBBIES_0012_TX_1_validation,d_38,1
HOBBIES_0012_TX_1_validation,d_39,0
HOBBIES_0012_TX_1_validation,d_40,0
HOBBIES_0012_TX_1_validation,d_41,0
HOBBIES_0012_TX_1_validation,d_42,0
HOBBIES_0012_TX_1_validation,d_43,0
HOBBIES_0012_TX_1_validation,d_44,0
HOBBIES_0012_TX_1_validation,d_45,0
HOBBIES_0012_TX_1_validation,d_46,0
HOBBIES_0012_TX_1_validation,d_47,0
HOBBIES_0012_TX_1_validation,d_48,0
HOBBIES_0012_TX_1_validation,d_49,0
HOBBIES_0012_TX_1_validation,d_50,0
HOBBIES_0012_TX_1_validation,d_51,0
HOBBIES_0012_TX_1_validation,d_52,1
HOBBIES_0012_TX_1_validation,d_53,1
HOBBIES_0012_TX_1_validation,d_54,0
HOBBIES_0012_TX_1_validation,d_55,0
HOBBIES_0012_TX_1_validation,d_56,0
HOBBIES_0012_TX_1_validation,d_57,2
HOBBIES_0012_TX_1_validation,d_58,1
HOBBIES_0012_TX_1_validation,d_59,0
HOBBIES_0012_TX_1_validation,d_60,0
HOBBIES_0012_TX_1_validation,d_61,1
HOBBIES_0012_TX_1_validation,d_62,2
HOBBIES_0012_TX_1_validation,d_63,1
HOBBIES_0012_TX_1_validation,d_64,2
HOBBIES_0012_TX_1_validation,d_65,0
HOBBIES_0012_TX_1_validation,d_66,0
HOBBIES_0012_TX_1_validation,d_67,0
HOBBIES_0012_TX_1_validation,d_68,0
HOBBIES_0012_TX_1_validation,d_69,0
HOBBIES_0012_TX_1_validation,d_70,0
HOBBIES_0012_TX_1_validation,d_71,0
HOBBIES_0012_TX_1_validation,d_72,0
HOBBIES_0012_TX_1_validation,d_73,0
HOBBIES_0012_TX_1_validation,d_74,0
HOBBIES_0012_TX_1_validation,d_75,0
HOBBIES_0012_TX_1_validation,d_76,0
HOBBIES_0012_TX_1_validation,d_77,0
HOBBIES_0012_TX_1_validation,d_78,0
HOBBIES_0012_TX_1_validation,d_79,0
HOBBIES_0012_TX_1_validation,d_80,0
HOBBIES_0012_TX_1_validation,d_81,0
HOBBIES_0012_TX_1_validation,d_82,0
HOBBIES_0012_TX_1_validation,d_83,0
HOBBIES_0012_TX_1_validation,d_84,0
HOBBIES_0012_TX_1_validation,d_85,0
HOBBIES_0012_TX_1_validation,d_86,1
HOBBIES_0012_TX_1_validation,d_87,0
HOBBIES_0012_TX_1_validation,d_88,0
HOBBIES_0012_TX_1_validation,d_89,0
HOBBIES_0012_TX_1_validation,d_90,0
HOBBIES_0012_TX_1_validation,d_91,0
HOBBIES_0012_TX_1_validation,d_92,0
HOBBIES_0012_TX_1_validation,d_93,0
HOBBIES_0012_TX_1_validation,d_94,0
HOBBIES_0012_TX_1_validation,d_95,0
HOBBIES_0012_TX_1_validation,d_96,0
HOBBIES_0012_TX_1_validation,d_97,0
HOBBIES_0012_TX_1_validation,d_98,0
HOBBIES_0012_TX_1_validation,d_99,0
HOBBIES_0012_TX_1_validation,d_100,0
HOBBIES_0012_TX_1_validation,d_101,0
HOBBIES_0012_TX_1_validation,d_102,0
HOBBIES_0012_TX_1_validation,d_103,0
HOBBIES_0012_TX_1_validation,d_104,0
HOBBIES_0012_TX_1_validation,d_105,0
HOBBIES_0012_TX_1_validation,d_106,0
HOBBIES_0012_TX_1_validation,d_107,1
HOBBIES_0012_TX_1_validation,d_108,2
HOBBIES_0012_TX_1_validation,d_109,0
HOBBIES_0012_TX_1_validation,d_110,0
HOBBIES_0012_TX_1_validation,d_111,0
HOBBIES_0012_TX_1_validation,d_112,0
HOBBIES_0012_TX_1_validation,d_113,1
HOBBIES_0012_TX_1_validation,d_114,1
HOBBIES_0012_TX_1_validation,d_115,0
HOBBIES_0012_TX_1_validation,d_116,0
HOBBIES_0012_TX_1_validation,d_117,0
HOBBIES_0012_TX_1_validation,d_118,0
HOBBIES_0012_TX_1_validation,d_119,0
HOBBIES_0012_TX_1_validation,d_120,1
HOBBIES_0012_TX_1_validation,d_121,0
HOBBIES_0012_TX_1_validation,d_122,0
HOBBIES_0012_TX_1_validation,d_123,0
HOBBIES_0012_TX_1_validation,d_124,1
HOBBIES_0012_TX_1_validation,d_125,0
HOBBIES_0012_TX_1_validation,d_126,0
HOBBIES_0012_TX_1_validation,d_127,0
HOBBIES_0012_TX_1_validation,d_128,0
HOBBIES_0012_TX_1_validation,d_129,1
HOBBIES_0012_TX_1_validation,d_130,0
HOBBIES_0012_TX_1_validation,d_131,0
HOBBIES_0012_TX_1_validation,d_132,0
HOBBIES_0012_TX_1_validation,d_133,0
HOBBIES_0012_TX_1_validation,d_134,0
HOBBIES_0012_TX_1_validation,d_135,1
HOBBIES_0012_TX_1_validation,d_136,0
HOBBIES_0012_TX_1_validation,d_137,0
HOBBIES_0012_TX_1_validation,d_138,0
HOBBIES_0012_TX_1_validation,d_139,0
HOBBIES_0012_TX_1_validation,d_140,0
HOBBIES_0012_TX_1_validation,d_141,0
HOBBIES_0012_TX_1_validation,d_142,0
HOBBIES_0012_TX_1_validation,d_143,0
HOBBIES_0012_TX_1_validation,d_144,1
FOODS_0013_TX_2_validation,d_36,1
FOODS_0013_TX_2_validation,d_37,2
FOODS_0013_TX_2_validation,d_38,3
FOODS_0013_TX_2_validation,d_39,2
FOODS_0013_TX_2_validation,d_40,2
FOODS_0013_TX_2_validation,d_41,0
FOODS_0013_TX_2_validation,d_42,0
FOODS_0013_TX_2_validation,d_43,1
FOODS_0013_TX_2_validation,d_44,0
FOODS_0013_TX_2_validation,d_45,1
FOODS_0013_TX_2_validation,d_46,1
FOODS_0013_TX_2_validation,d_47,0
FOODS_0013_TX_2_validation,d_48,0
FOODS_0013_TX_2_validation,d_49,0
FOODS_0013_TX_2_validation,d_50,0
FOODS_0013_TX_2_validation,d_51,2
FOODS_0013_TX_2_validation,d_52,0
FOODS_0013_TX_2_validation,d_53,0
FOODS_0013_TX_2_validation,d_54,1
FOODS_0013_TX_2_validation,d_55,0
FOODS_0013_TX_2_validation,d_56,0
FOODS_0013_TX_2_validation,d_57,0
FOODS_0013_TX_2_validation,d_58,1
FOODS_0013_TX_2_validation,d_59,3
FOODS_0013_TX_2_validation,d_60,1
FOODS_0013_TX_2_validation,d_61,1
FOODS_0013_TX_2_validation,d_62,0
FOODS_0013_TX_2_validation,d_63,0
FOODS_0013_TX_2_validation,d_64,1
FOODS_0013_TX_2_validation,d_65,2
FOODS_0013_TX_2_validation,d_66,2
FOODS_0013_TX_2_validation,d_67,0
FOODS_0013_TX_2_validation,d_68,0
FOODS_0013_TX_2_validation,d_69,0
FOODS_0013_TX_2_validation,d_70,0
FOODS_0013_TX_2_validation,d_71,1
FOODS_0013_TX_2_validation,d_72,1
FOODS_0013_TX_2_validation,d_73,0
FOODS_0013_TX_2_validation,d_74,2
FOODS_0013_TX_2_validation,d_75,0
FOODS_0013_TX_2_validation,d_76,1
FOODS_0013_TX_2_validation,d_77,1
FOODS_0013_TX_2_validation,d_78,1
FOODS_0013_TX_2_validation,d_79,0
FOODS_0013_TX_2_validation,d_80,1
FOODS_0013_TX_2_validation,d_81,4
FOODS_0013_TX_2_validation,d_82,2
FOODS_0013_TX_2_validation,d_83,1
FOODS_0013_TX_2_validation,d_84,0
FOODS_0013_TX_2_validation,d_85,0
FOODS_0013_TX_2_validation,d_86,1
FOODS_0013_TX_2_validation,d_87,6
FOODS_0013_TX_2_validation,d_88,0
FOODS_0013_TX_2_validation,d_89,1
FOODS_0013_TX_2_validation,d_90,0
FOODS_0013_TX_2_validation,d_91,0
FOODS_0013_TX_2_validation,d_92,2
FOODS_0013_TX_2_validation,d_93,1
FOODS_0013_TX_2_validation,d_94,1
FOODS_0013_TX_2_validation,d_95,2
FOODS_0013_TX_2_validation,d_96,0
FOODS_0013_TX_2_validation,d_97,0
FOODS_0013_TX_2_validation,d_98,3
FOODS_0013_TX_2_validation,d_99,1
FOODS_0013_TX_2_validation,d_100,0
FOODS_0013_TX_2_validation,d_101,1
FOODS_0013_TX_2_validation,d_102,1
FOODS_0013_TX_2_validation,d_103,0
FOODS_0013_TX_2_validation,d_104,0
FOODS_0013_TX_2_validation,d_105,0
FOODS_0013_TX_2_validation,d_106,0
FOODS_0013_TX_2_validation,d_107,2
FOODS_0013_TX_2_validation,d_108,0
FOODS_0013_TX_2_validation,d_109,0
FOODS_0013_TX_2_validation,d_110,0
FOODS_0013_TX_2_validation,d_111,0
FOODS_0013_TX_2_validation,d_112,0
FOODS_0013_TX_2_validation,d_113,3
FOODS_0013_TX_2_validation,d_114,4
FOODS_0013_TX_2_validation,d_115,2
FOODS_0013_TX_2_validation,d_116,0
FOODS_0013_TX_2_validation,d_117,0
FOODS_0013_TX_2_validation,d_118,0
FOODS_0013_TX_2_validation,d_119,0
FOODS_0013_TX_2_validation,d_120,0
FOODS_0013_TX_2_validation,d_121,2
FOODS_0013_TX_2_validation,d_122,1
FOODS_0013_TX_2_validation,d_123,1
FOODS_0013_TX_2_validation,d_124,1
FOODS_0013_TX_2_validation,d_125,0
FOODS_0013_TX_2_validation,d_126,0
FOODS_0013_TX_2_validation,d_127,3
FOODS_0013_TX_2_validation,d_128,3
FOODS_0013_TX_2_validation,d_129,1
FOODS_0013_TX_2_validation,d_130,0
FOODS_0013_TX_2_validation,d_131,1
FOODS_0013_TX_2_validation,d_132,0
FOODS_0013_TX_2_validation,d_133,1
FOODS_0013_TX_2_validation,d_134,4
FOODS_0013_TX_2_validation,d_135,0
FOODS_0013_TX_2_validation,d_136,1
FOODS_0013_TX_2_validation,d_137,1
FOODS_0013_TX_2_validation,d_138,0
FOODS_0013_TX_2_validation,d_139,0
FOODS_0013_TX_2_validation,d_140,0
FOODS_0013_TX_2_validation,d_141,0
FOODS_0013_TX_2_validation,d_142,1
FOODS_0013_TX_2_validation,d_143,1
FOODS_0013_TX_2_validation,d_144,1
FOODS_0019_CA_2_validation,d_36,0
FOODS_0019_CA_2_validation,d_37,0
FOODS_0019_CA_2_validation,d_38,1
FOODS_0019_CA_2_validation,d_39,1
FOODS_0019_CA_2_validation,d_40,0
FOODS_0019_CA_2_validation,d_41,0
FOODS_0019_CA_2_validation,d_42,0
FOODS_0019_CA_2_validation,d_43,0
FOODS_0019_CA_2_validation,d_44,0
FOODS_0019_CA_2_validation,d_45,3
FOODS_0019_CA_2_validation,d_46,0
FOODS_0019_CA_2_validation,d_47,0
FOODS_0019_CA_2_validation,d_48,0
FOODS_0019_CA_2_validation,d_49,0
FOODS_0019_CA_2_validation,d_50,0
FOODS_0019_CA_2_validation,d_51,0
FOODS_0019_CA_2_validation,d_52,0
FOODS_0019_CA_2_validation,d_53,0
FOODS_0019_CA_2_validation,d_54,1
FOODS_0019_CA_2_validation,d_55,1
FOODS_0019_CA_2_validation,d_56,1
FOODS_0019_CA_2_validation,d_57,0
FOODS_0019_CA_2_validation,d_58,0
FOODS_0019_CA_2_validation,d_59,2
FOODS_0019_CA_2_validation,d_60,0
FOODS_0019_CA_2_validation,d_61,0
FOODS_0019_CA_2_validation,d_62,0
FOODS_0019_CA_2_validation,d_63,1
FOODS_0019_CA_2_validation,d_64,0
FOODS_0019_CA_2_validation,d_65,0
FOODS_0019_CA_2_validation,d_66,0
FOODS_0019_CA_2_validation,d_67,0
FOODS_0019_CA_2_validation,d_68,0
FOODS_0019_CA_2_validation,d_69,0
FOODS_0019_CA_2_validation,d_70,1
FOODS_0019_CA_2_validation,d_71,4
FOODS_0019_CA_2_validation,d_72,0
FOODS_0019_CA_2_validation,d_73,0
FOODS_0019_CA_2_validation,d_74,1
FOODS_0019_CA_2_validation,d_75,0
FOODS_0019_CA_2_validation,d_76,1
FOODS_0019_CA_2_validation,d_77,0
FOODS_0019_CA_2_validation,d_78,0
FOODS_0019_CA_2_validation,d_79,0
FOODS_0019_CA_2_validation,d_80,1
FOODS_0019_CA_2_validation,d_81,1
FOODS_0019_CA_2_validation,d_82,0
FOODS_0019_CA_2_validation,d_83,0
FOODS_0019_CA_2_validation,d_84,1
FOODS_0019_CA_2_validation,d_85,1
FOODS_0019_CA_2_validation,d_86,1
FOODS_0019_CA_2_validation,d_87,0
FOODS_0019_CA_2_validation,d_88,2
FOODS_0019_CA_2_validation,d_89,1
FOODS_0019_CA_2_validation,d_90,1
FOODS_0019_CA_2_validation,d_91,3
FOODS_0019_CA_2_validation,d_92,2
FOODS_0019_CA_2_validation,d_93,3
FOODS_0019_CA_2_validation,d_94,0
FOODS_0019_CA_2_validation,d_95,2
FOODS_0019_CA_2_validation,d_96,0
FOODS_0019_CA_2_validation,d_97,1
FOODS_0019_CA_2_validation,d_98,1
FOODS_0019_CA_2_validation,d_99,0
FOODS_0019_CA_2_validation,d_100,0
FOODS_0019_CA_2_validation,d_101,4
FOODS_0019_CA_2_validation,d_102,0
FOODS_0019_CA_2_validation,d_103,0
FOODS_0019_CA_2_validation,d_104,0
FOODS_0019_CA_2_validation,d_105,0
FOODS_0019_CA_2_validation,d_106,2
FOODS_0019_CA_2_validation,d_107,2
FOODS_0019_CA_2_validation,d_108,1
FOODS_0019_CA_2_validation,d_109,1
FOODS_0019_CA_2_validation,d_110,1
FOODS_0019_CA_2_validation,d_111,0
FOODS_0019_CA_2_validation,d_112,0
FOODS_0019_CA_2_validation,d_113,1
FOODS_0019_CA_2_validation,d_114,1
FOODS_0019_CA_2_validation,d_115,2
FOODS_0019_CA_2_validation,d_116,0
FOODS_0019_CA_2_validation,d_117,0
FOODS_0019_CA_2_validation,d_118,0
FOODS_0019_CA_2_validation,d_119,0
FOODS_0019_CA_2_validation,d_120,1
FOODS_0019_CA_2_validation,d_121,0
FOODS_0019_CA_2_validation,d_122,1
FOODS_0019_CA_2_validation,d_123,0
FOODS_0019_CA_2_validation,d_124,1
FOODS_0019_CA_2_validation,d_125,1
FOODS_0019_CA_2_validation,d_126,1
FOODS_0019_CA_2_validation,d_127,1
FOODS_0019_CA_2_validation,d_128,1
FOODS_0019_CA_2_validation,d_129,3
FOODS_0019_CA_2_validation,d_130,0
FOODS_0019_CA_2_validation,d_131,0
FOODS_0019_CA_2_validation,d_132,0
FOODS_0019_CA_2_validation,d_133,0
FOODS_0019_CA_2_validation,d_134,0
FOODS_0019_CA_2_validation,d_135,0
FOODS_0019_CA_2_validation,d_136,0
FOODS_0019_CA_2_validation,d_137,3
FOODS_0019_CA_2_validation,d_138,1
FOODS_0019_CA_2_validation,d_139,0
FOODS_0019_CA_2_validation,d_140,0
FOODS_0019_CA_2_validation,d_141,0
FOODS_0019_CA_2_validation,d_142,0
FOODS_0019_CA_2_validation,d_143,1
FOODS_0019_CA_2_validation,d_144,1
HOUSEHOLD_0023_TX_3_validation,d_36,0
HOUSEHOLD_0023_TX_3_validation,d_37,1
HOUSEHOLD_0023_TX_3_validation,d_38,1
HOUSEHOLD_0023_TX_3_validation,d_39,0
HOUSEHOLD_0023_TX_3_validation,d_40,0
HOUSEHOLD_0023_TX_3_validation,d_41,0
HOUSEHOLD_0023_TX_3_validation,d_42,0
HOUSEHOLD_0023_TX_3_validation,d_43,0
HOUSEHOLD_0023_TX_3_validation,d_44,0
HOUSEHOLD_0023_TX_3_validation,d_45,0
HOUSEHOLD_0023_TX_3_validation,d_46,0
HOUSEHOLD_0023_TX_3_validation,d_47,0
HOUSEHOLD_0023_TX_3_validation,d_48,0
HOUSEHOLD_0023_TX_3_validation,d_49,0
HOUSEHOLD_0023_TX_3_validation,d_50,0
HOUSEHOLD_0023_TX_3_validation,d_51,0
HOUSEHOLD_0023_TX_3_validation,d_52,0
HOUSEHOLD_0023_TX_3_validation,d_53,0
HOUSEHOLD_0023_TX_3_validation,d_54,0
HOUSEHOLD_0023_TX_3_validation,d_55,0
HOUSEHOLD_0023_TX_3_validation,d_56,0
HOUSEHOLD_0023_TX_3_validation,d_57,0
HOUSEHOLD_0023_TX_3_validation,d_58,0
HOUSEHOLD_0023_TX_3_validation,d_59,0
HOUSEHOLD_0023_TX_3_validation,d_60,0
HOUSEHOLD_0023_TX_3_validation,d_61,0
HOUSEHOLD_0023_TX_3_validation,d_62,0
HOUSEHOLD_0023_TX_3_validation,d_63,0
HOUSEHOLD_0023_TX_3_validation,d_64,0
HOUSEHOLD_0023_TX_3_validation,d_65,2
HOUSEHOLD_0023_TX_3_validation,d_66,0
HOUSEHOLD_0023_TX_3_validation,d_67,0
HOUSEHOLD_0023_TX_3_validation,d_68,0
HOUSEHOLD_0023_TX_3_validation,d_69,0
HOUSEHOLD_0023_TX_3_validation,d_70,0
HOUSEHOLD_0023_TX_3_validation,d_71,0
HOUSEHOLD_0023_TX_3_validation,d_72,0
HOUSEHOLD_0023_TX_3_validation,d_73,0
HOUSEHOLD_0023_TX_3_validation,d_74,0
HOUSEHOLD_0023_TX_3_validation,d_75,0
HOUSEHOLD_0023_TX_3_validation,d_76,0
HOUSEHOLD_0023_TX_3_validation,d_77,0
HOUSEHOLD_0023_TX_3_validation,d_78,0
HOUSEHOLD_0023_TX_3_validation,d_79,0
HOUSEHOLD_0023_TX_3_validation,d_80,0
HOUSEHOLD_0023_TX_3_validation,d_81,0
HOUSEHOLD_0023_TX_3_validation,d_82,0
HOUSEHOLD_0023_TX_3_validation,d_83,0
HOUSEHOLD_0023_TX_3_validation,d_84,0
HOUSEHOLD_0023_TX_3_validation,d_85,0
HOUSEHOLD_0023_TX_3_validation,d_86,0
HOUSEHOLD_0023_TX_3_validation,d_87,0
HOUSEHOLD_0023_TX_3_validation,d_88,0
HOUSEHOLD_0023_TX_3_validation,d_89,0
HOUSEHOLD_0023_TX_3_validation,d_90,0
HOUSEHOLD_0023_TX_3_validation,d_91,0
HOUSEHOLD_0023_TX_3_validation,d_92,0
HOUSEHOLD_0023_TX_3_validation,d_93,1
HOUSEHOLD_0023_TX_3_validation,d_94,2
HOUSEHOLD_0023_TX_3_validation,d_95,0
HOUSEHOLD_0023_TX_3_validation,d_96,0
HOUSEHOLD_0023_TX_3_validation,d_97,0
HOUSEHOLD_0023_TX_3_validation,d_98,0
HOUSEHOLD_0023_TX_3_validation,d_99,0
HOUSEHOLD_0023_TX_3_validation,d_100,1
HOUSEHOLD_0023_TX_3_validation,d_101,1
HOUSEHOLD_0023_TX_3_validation,d_102,0
HOUSEHOLD_0023_TX_3_validation,d_103,0
HOUSEHOLD_0023_TX_3_validation,d_104,0
HOUSEHOLD_0023_TX_3_validation,d_105,0
HOUSEHOLD_0023_TX_3_validation,d_106,0
HOUSEHOLD_0023_TX_3_validation,d_107,0
HOUSEHOLD_0023_TX_3_validation,d_108,0
HOUSEHOLD_0023_TX_3_validation,d_109,0
HOUSEHOLD_0023_TX_3_validation,d_110,0
HOUSEHOLD_0023_TX_3_validation,d_111,0
HOUSEHOLD_0023_TX_3_validation,d_112,0
HOUSEHOLD_0023_TX_3_validation,d_113,0
HOUSEHOLD_0023_TX_3_validation,d_114,1
HOUSEHOLD_0023_TX_3_validation,d_115,0
HOUSEHOLD_0023_TX_3_validation,d_116,0
HOUSEHOLD_0023_TX_3_validation,d_117,0
HOUSEHOLD_0023_TX_3_validation,d_118,0
HOUSEHOLD_0023_TX_3_validation,d_119,0
HOUSEHOLD_0023_TX_3_validation,d_120,0
HOUSEHOLD_0023_TX_3_validation,d_121,0
HOUSEHOLD_0023_TX_3_validation,d_122,1
HOUSEHOLD_0023_TX_3_validation,d_123,0
HOUSEHOLD_0023_TX_3_validation,d_124,0
HOUSEHOLD_0023_TX_3_validation,d_125,0
HOUSEHOLD_0023_TX_3_validation,d_126,0
HOUSEHOLD_0023_TX_3_validation,d_127,0
HOUSEHOLD_0023_TX_3_validation,d_128,0
HOUSEHOLD_0023_TX_3_validation,d_129,0
HOUSEHOLD_0023_TX_3_validation,d_130,0
HOUSEHOLD_0023_TX_3_validation,d_131,0
HOUSEHOLD_0023_TX_3_validation,d_132,0
HOUSEHOLD_0023_TX_3_validation,d_133,0
HOUSEHOLD_0023_TX_3_validation,d_134,1
HOUSEHOLD_0023_TX_3_validation,d_135,0
HOUSEHOLD_0023_TX_3_validation,d_136,0
HOUSEHOLD_0023_TX_3_validation,d_137,0
HOUSEHOLD_0023_TX_3_validation,d_138,0
HOUSEHOLD_0023_TX_3_validation,d_139,1
HOUSEHOLD_0023_TX_3_validation,d_140,0
HOUSEHOLD_0023_TX_3_validation,d_141,0
HOUSEHOLD_0023_TX_3_validation,d_142,0
HOUSEHOLD_0023_TX_3_validation,d_143,1
HOUSEHOLD_0023_TX_3_validation,d_144,1
HOUSEHOLD_0026_WI_3_validation,d_36,0
HOUSEHOLD_0026_WI_3_validation,d_37,1
HOUSEHOLD_0026_WI_3_validation,d_38,3
HOUSEHOLD_0026_WI_3_validation,d_39,1
HOUSEHOLD_0026_WI_3_validation,d_40,0
HOUSEHOLD_0026_WI_3_validation,d_41,0
HOUSEHOLD_0026_WI_3_validation,d_42,0
HOUSEHOLD_0026_WI_3_validation,d_43,1
HOUSEHOLD_0026_WI_3_validation,d_44,0
HOUSEHOLD_0026_WI_3_validation,d_45,1
HOUSEHOLD_0026_WI_3_validation,d_46,2
HOUSEHOLD_0026_WI_3_validation,d_47,0
HOUSEHOLD_0026_WI_3_validation,d_48,0
HOUSEHOLD_0026_WI_3_validation,d_49,0
HOUSEHOLD_0026_WI_3_validation,d_50,0
HOUSEHOLD_0026_WI_3_validation,d_51,1
HOUSEHOLD_0026_WI_3_validation,d_52,2
HOUSEHOLD_0026_WI_3_validation,d_53,1
HOUSEHOLD_0026_WI_3_validation,d_54,0
HOUSEHOLD_0026_WI_3_validation,d_55,0
HOUSEHOLD_0026_WI_3_validation,d_56,0
HOUSEHOLD_0026_WI_3_validation,d_57,1
HOUSEHOLD_0026_WI_3_validation,d_58,3
HOUSEHOLD_0026_WI_3_validation,d_59,0
HOUSEHOLD_0026_WI_3_validation,d_60,4
HOUSEHOLD_0026_WI_3_validation,d_61,1
HOUSEHOLD_0026_WI_3_validation,d_62,1
HOUSEHOLD_0026_WI_3_validation,d_63,0
HOUSEHOLD_0026_WI_3_validation,d_64,0
HOUSEHOLD_0026_WI_3_validation,d_65,2
HOUSEHOLD_0026_WI_3_validation,d_66,2
HOUSEHOLD_0026_WI_3_validation,d_67,4
HOUSEHOLD_0026_WI_3_validation,d_68,0
HOUSEHOLD_0026_WI_3_validation,d_69,0
HOUSEHOLD_0026_WI_3_validation,d_70,0
HOUSEHOLD_0026_WI_3_validation,d_71,0
HOUSEHOLD_0026_WI_3_validation,d_72,1
HOUSEHOLD_0026_WI_3_validation,d_73,0
HOUSEHOLD_0026_WI_3_validation,d_74,2
HOUSEHOLD_0026_WI_3_validation,d_75,0
HOUSEHOLD_0026_WI_3_validation,d_76,0
HOUSEHOLD_0026_WI_3_validation,d_77,0
HOUSEHOLD_0026_WI_3_validation,d_78,0
HOUSEHOLD_0026_WI_3_validation,d_79,1
HOUSEHOLD_0026_WI_3_validation,d_80,0
HOUSEHOLD_0026_WI_3_validation,d_81,1
HOUSEHOLD_0026_WI_3_validation,d_82,0
HOUSEHOLD_0026_WI_3_validation,d_83,0
HOUSEHOLD_0026_WI_3_validation,d_84,0
HOUSEHOLD_0026_WI_3_validation,d_85,1
HOUSEHOLD_0026_WI_3_validation,d_86,3
HOUSEHOLD_0026_WI_3_validation,d_87,0
HOUSEHOLD_0026_WI_3_validation,d_88,2
HOUSEHOLD_0026_WI_3_validation,d_89,0
HOUSEHOLD_0026_WI_3_validation,d_90,0
HOUSEHOLD_0026_WI_3_validation,d_91,0
HOUSEHOLD_0026_WI_3_validation,d_92,2
HOUSEHOLD_0026_WI_3_validation,d_93,2
HOUSEHOLD_0026_WI_3_validation,d_94,1
HOUSEHOLD_0026_WI_3_validation,d_95,2
HOUSEHOLD_0026_WI_3_validation,d_96,0
HOUSEHOLD_0026_WI_3_validation,d_97,0
HOUSEHOLD_0026_WI_3_validation,d_98,0
HOUSEHOLD_0026_WI_3_validation,d_99,0
HOUSEHOLD_0026_WI_3_validation,d_100,0
HOUSEHOLD_0026_WI_3_validation,d_101,1
HOUSEHOLD_0026_WI_3_validation,d_102,0
HOUSEHOLD_0026_WI_3_validation,d_103,0
HOUSEHOLD_0026_WI_3_validation,d_104,0
HOUSEHOLD_0026_WI_3_validation,d_105,0
HOUSEHOLD_0026_WI_3_validation,d_106,1
HOUSEHOLD_0026_WI_3_validation,d_107,0
HOUSEHOLD_0026_WI_3_validation,d_108,3
HOUSEHOLD_0026_WI_3_validation,d_109,0
HOUSEHOLD_0026_WI_3_validation,d_110,1
HOUSEHOLD_0026_WI_3_validation,d_111,0
HOUSEHOLD_0026_WI_3_validation,d_112,1
HOUSEHOLD_0026_WI_3_validation,d_113,0
HOUSEHOLD_0026_WI_3_validation,d_114,1
HOUSEHOLD_0026_WI_3_validation,d_115,3
HOUSEHOLD_0026_WI_3_validation,d_116,0
HOUSEHOLD_0026_WI_3_validation,d_117,0
HOUSEHOLD_0026_WI_3_validation,d_118,0
HOUSEHOLD_0026_WI_3_validation,d_119,0
HOUSEHOLD_0026_WI_3_validation,d_120,0
HOUSEHOLD_0026_WI_3_validation,d_121,1
HOUSEHOLD_0026_WI_3_validation,d_122,2
HOUSEHOLD_0026_WI_3_validation,d_123,4
HOUSEHOLD_0026_WI_3_validation,d_124,1
HOUSEHOLD_0026_WI_3_validation,d_125,0
HOUSEHOLD_0026_WI_3_validation,d_126,0
HOUSEHOLD_0026_WI_3_validation,d_127,0
HOUSEHOLD_0026_WI_3_validation,d_128,1
HOUSEHOLD_0026_WI_3_validation,d_129,0
HOUSEHOLD_0026_WI_3_validation,d_130,1
HOUSEHOLD_0026_WI_3_validation,d_131,0
HOUSEHOLD_0026_WI_3_validation,d_132,0
HOUSEHOLD_0026_WI_3_validation,d_133,1
HOUSEHOLD_0026_WI_3_validation,d_134,0
HOUSEHOLD_0026_WI_3_validation,d_135,1
HOUSEHOLD_0026_WI_3_validation,d_136,0
HOUSEHOLD_0026_WI_3_validation,d_137,0
HOUSEHOLD_0026_WI_3_validation,d_138,0
HOUSEHOLD_0026_WI_3_validation,d_139,0
HOUSEHOLD_0026_WI_3_validation,d_140,1
HOUSEHOLD_0026_WI_3_validation,d_141,1
HOUSEHOLD_0026_WI_3_validation,d_142,2
HOUSEHOLD_0026_WI_3_validation,d_143,0
HOUSEHOLD_0026_WI_3_validation,d_144,1
HOBBIES_0027_CA_1_validation,d_36,0
HOBBIES_0027_CA_1_validation,d_37,0
HOBBIES_0027_CA_1_validation,d_38,1
HOBBIES_0027_CA_1_validation,d_39,0
HOBBIES_0027_CA_1_validation,d_40,0
HOBBIES_0027_CA_1_validation,d_41,0
HOBBIES_0027_CA_1_validation,d_42,0
HOBBIES_0027_CA_1_validation,d_43,0
HOBBIES_0027_CA_1_validation,d_44,2
HOBBIES_0027_CA_1_validation,d_45,1
HOBBIES_0027_CA_1_validation,d_46,0
HOBBIES_0027_CA_1_validation,d_47,0
HOBBIES_0027_CA_1_validation,d_48,0
HOBBIES_0027_CA_1_validation,d_49,0
HOBBIES_0027_CA_1_validation,d_50,0
HOBBIES_0027_CA_1_validation,d_51,0
HOBBIES_0027_CA_1_validation,d_52,0
HOBBIES_0027_CA_1_validation,d_53,0
HOBBIES_0027_CA_1_validation,d_54,0
HOBBIES_0027_CA_1_validation,d_55,0
HOBBIES_0027_CA_1_validation,d_56,0
HOBBIES_0027_CA_1_validation,d_57,1
HOBBIES_0027_CA_1_validation,d_58,0
HOBBIES_0027_CA_1_validation,d_59,0
HOBBIES_0027_CA_1_validation,d_60,1
HOBBIES_0027_CA_1_validation,d_61,1
HOBBIES_0027_CA_1_validation,d_62,0
HOBBIES_0027_CA_1_validation,d_63,0
HOBBIES_0027_CA_1_validation,d_64,0
HOBBIES_0027_CA_1_validation,d_65,1
HOBBIES_0027_CA_1_validation,d_66,0
HOBBIES_0027_CA_1_validation,d_67,0
HOBBIES_0027_CA_1_validation,d_68,0
HOBBIES_0027_CA_1_validation,d_69,0
HOBBIES_0027_CA_1_validation,d_70,0
HOBBIES_0027_CA_1_validation,d_71,0
HOBBIES_0027_CA_1_validation,d_72,0
HOBBIES_0027_CA_1_validation,d_73,0
HOBBIES_0027_CA_1_validation,d_74,0
HOBBIES_0027_CA_1_validation,d_75,0
HOBBIES_0027_CA_1_validation,d_76,0
HOBBIES_0027_CA_1_validation,d_77,0
HOBBIES_0027_CA_1_validation,d_78,0
HOBBIES_0027_CA_1_validation,d_79,0
HOBBIES_0027_CA_1_validation,d_80,0
HOBBIES_0027_CA_1_validation,d_81,0
HOBBIES_0027_CA_1_validation,d_82,0
HOBBIES_0027_CA_1_validation,d_83,0
HOBBIES_0027_CA_1_validation,d_84,0
HOBBIES_0027_CA_1_validation,d_85,0
HOBBIES_0027_CA_1_validation,d_86,0
HOBBIES_0027_CA_1_validation,d_87,1
HOBBIES_0027_CA_1_validation,d_88,0
HOBBIES_0027_CA_1_validation,d_89,0
HOBBIES_0027_CA_1_validation,d_90,0
HOBBIES_0027_CA_1_validation,d_91,0
HOBBIES_0027_CA_1_validation,d_92,0
HOBBIES_0027_CA_1_validation,d_93,1
HOBBIES_0027_CA_1_validation,d_94,0
HOBBIES_0027_CA_1_validation,d_95,1
HOBBIES_0027_CA_1_validation,d_96,0
HOBBIES_0027_CA_1_validation,d_97,0
HOBBIES_0027_CA_1_validation,d_98,1
HOBBIES_0027_CA_1_validation,d_99,0
HOBBIES_0027_CA_1_validation,d_100,0
HOBBIES_0027_CA_1_validation,d_101,1
HOBBIES_0027_CA_1_validation,d_102,0
HOBBIES_0027_CA_1_validation,d_103,0
HOBBIES_0027_CA_1_validation,d_104,0
HOBBIES_0027_CA_1_validation,d_105,0
HOBBIES_0027_CA_1_validation,d_106,0
HOBBIES_0027_CA_1_validation,d_107,1
HOBBIES_0027_CA_1_validation,d_108,0
HOBBIES_0027_CA_1_validation,d_109,0
HOBBIES_0027_CA_1_validation,d_110,0
HOBBIES_0027_CA_1_validation,d_111,0
HOBBIES_0027_CA_1_validation,d_112,0
HOBBIES_0027_CA_1_validation,d_113,0
HOBBIES_0027_CA_1_validation,d_114,0
HOBBIES_0027_CA_1_validation,d_115,1
HOBBIES_0027_CA_1_validation,d_116,0
HOBBIES_0027_CA_1_validation,d_117,0
HOBBIES_0027_CA_1_validation,d_118,0
HOBBIES_0027_CA_1_validation,d_119,0
HOBBIES_0027_CA_1_validation,d_120,0
HOBBIES_0027_CA_1_validation,d_121,2
HOBBIES_0027_CA_1_validation,d_122,2
HOBBIES_0027_CA_1_validation,d_123,0
HOBBIES_0027_CA_1_validation,d_124,0
HOBBIES_0027_CA_1_validation,d_125,0
HOBBIES_0027_CA_1_validation,d_126,0
HOBBIES_0027_CA_1_validation,d_127,0
HOBBIES_0027_CA_1_validation,d_128,1
HOBBIES_0027_CA_1_validation,d_129,0
HOBBIES_0027_CA_1_validation,d_130,0
HOBBIES_0027_CA_1_validation,d_131,0
HOBBIES_0027_CA_1_validation,d_132,0
HOBBIES_0027_CA_1_validation,d_133,0
HOBBIES_0027_CA_1_validation,d_134,0
HOBBIES_0027_CA_1_validation,d_135,0
HOBBIES_0027_CA_1_validation,d_136,0
HOBBIES_0027_CA_1_validation,d_137,1
HOBBIES_0027_CA_1_validation,d_138,0
HOBBIES_0027_CA_1_validation,d_139,0
HOBBIES_0027_CA_1_validation,d_140,0
HOBBIES_0027_CA_1_validation,d_141,0
HOBBIES_0027_CA_1_validation,d_142,1
HOBBIES_0027_CA_1_validation,d_143,0
HOBBIES_0027_CA_1_validation,d_144,0
HOUSEHOLD_0041_TX_3_validation,d_36,0
HOUSEHOLD_0041_TX_3_validation,d_37,1
HOUSEHOLD_0041_TX_3_validation,d_38,2
HOUSEHOLD_0041_TX_3_validation,d_39,0
HOUSEHOLD_0041_TX_3_validation,d_40,0
HOUSEHOLD_0041_TX_3_validation,d_41,0
HOUSEHOLD_0041_TX_3_validation,d_42,0
HOUSEHOLD_0041_TX_3_validation,d_43,0
HOUSEHOLD_0041_TX_3_validation,d_44,1
HOUSEHOLD_0041_TX_3_validation,d_45,1
HOUSEHOLD_0041_TX_3_validation,d_46,0
HOUSEHOLD_0041_TX_3_validation,d_47,0
HOUSEHOLD_0041_TX_3_validation,d_48,0
HOUSEHOLD_0041_TX_3_validation,d_49,0
HOUSEHOLD_0041_TX_3_validation,d_50,0
HOUSEHOLD_0041_TX_3_validation,d_51,1
HOUSEHOLD_0041_TX_3_validation,d_52,0
HOUSEHOLD_0041_TX_3_validation,d_53,0
HOUSEHOLD_0041_TX_3_validation,d_54,0
HOUSEHOLD_0041_TX_3_validation,d_55,0
HOUSEHOLD_0041_TX_3_validation,d_56,0
HOUSEHOLD_0041_TX_3_validation,d_57,0
HOUSEHOLD_0041_TX_3_validation,d_58,0
HOUSEHOLD_0041_TX_3_validation,d_59,4
HOUSEHOLD_0041_TX_3_validation,d_60,0
HOUSEHOLD_0041_TX_3_validation,d_61,1
HOUSEHOLD_0041_TX_3_validation,d_62,0
HOUSEHOLD_0041_TX_3_validation,d_63,0
HOUSEHOLD_0041_TX_3_validation,d_64,0
HOUSEHOLD_0041_TX_3_validation,d_65,1
HOUSEHOLD_0041_TX_3_validation,d_66,1
HOUSEHOLD_0041_TX_3_validation,d_67,3
HOUSEHOLD_0041_TX_3_validation,d_68,1
HOUSEHOLD_0041_TX_3_validation,d_69,0
HOUSEHOLD_0041_TX_3_validation,d_70,0
HOUSEHOLD_0041_TX_3_validation,d_71,0
HOUSEHOLD_0041_TX_3_validation,d_72,0
HOUSEHOLD_0041_TX_3_validation,d_73,1
HOUSEHOLD_0041_TX_3_validation,d_74,1
HOUSEHOLD_0041_TX_3_validation,d_75,0
HOUSEHOLD_0041_TX_3_validation,d_76,0
HOUSEHOLD_0041_TX_3_validation,d_77,0
HOUSEHOLD_0041_TX_3_validation,d_78,1
HOUSEHOLD_0041_TX_3_validation,d_79,1
HOUSEHOLD_0041_TX_3_validation,d_80,1
HOUSEHOLD_0041_TX_3_validation,d_81,0
HOUSEHOLD_0041_TX_3_validation,d_82,0
HOUSEHOLD_0041_TX_3_validation,d_83,0
HOUSEHOLD_0041_TX_3_validation,d_84,0
HOUSEHOLD_0041_TX_3_validation,d_85,0
HOUSEHOLD_0041_TX_3_validation,d_86,1
HOUSEHOLD_0041_TX_3_validation,d_87,0
HOUSEHOLD_0041_TX_3_validation,d_88,0
HOUSEHOLD_0041_TX_3_validation,d_89,0
HOUSEHOLD_0041_TX_3_validation,d_90,0
HOUSEHOLD_0041_TX_3_validation,d_91,0
HOUSEHOLD_0041_TX_3_validation,d_92,2
HOUSEHOLD_0041_TX_3_validation,d_93,1
HOUSEHOLD_0041_TX_3_validation,d_94,1
HOUSEHOLD_0041_TX_3_validation,d_95,0
HOUSEHOLD_0041_TX_3_validation,d_96,1
HOUSEHOLD_0041_TX_3_validation,d_97,0
HOUSEHOLD_0041_TX_3_validation,d_98,0
HOUSEHOLD_0041_TX_3_validation,d_99,1
HOUSEHOLD_0041_TX_3_validation,d_100,1
HOUSEHOLD_0041_TX_3_validation,d_101,1
HOUSEHOLD_0041_TX_3_validation,d_102,0
HOUSEHOLD_0041_TX_3_validation,d_103,0
HOUSEHOLD_0041_TX_3_validation,d_104,0
HOUSEHOLD_0041_TX_3_validation,d_105,0
HOUSEHOLD_0041_TX_3_validation,d_106,0
HOUSEHOLD_0041_TX_3_validation,d_107,2
HOUSEHOLD_0041_TX_3_validation,d_108,3
HOUSEHOLD_0041_TX_3_validation,d_109,0
HOUSEHOLD_0041_TX_3_validation,d_110,0
HOUSEHOLD_0041_TX_3_validation,d_111,0
HOUSEHOLD_0041_TX_3_validation,d_112,1
HOUSEHOLD_0041_TX_3_validation,d_113,1
HOUSEHOLD_0041_TX_3_validation,d_114,1
HOUSEHOLD_0041_TX_3_validation,d_115,0
HOUSEHOLD_0041_TX_3_validation,d_116,1
HOUSEHOLD_0041_TX_3_validation,d_117,0
HOUSEHOLD_0041_TX_3_validation,d_118,0
HOUSEHOLD_0041_TX_3_validation,d_119,1
HOUSEHOLD_0041_TX_3_validation,d_120,1
HOUSEHOLD_0041_TX_3_validation,d_121,1
HOUSEHOLD_0041_TX_3_validation,d_122,2
HOUSEHOLD_0041_TX_3_validation,d_123,1
HOUSEHOLD_0041_TX_3_validation,d_124,0
HOUSEHOLD_0041_TX_3_validation,d_125,0
HOUSEHOLD_0041_TX_3_validation,d_126,1
HOUSEHOLD_0041_TX_3_validation,d_127,2
HOUSEHOLD_0041_TX_3_validation,d_128,1
HOUSEHOLD_0041_TX_3_validation,d_129,1
HOUSEHOLD_0041_TX_3_validation,d_130,1
HOUSEHOLD_0041_TX_3_validation,d_131,0
HOUSEHOLD_0041_TX_3_validation,d_132,0
HOUSEHOLD_0041_TX_3_validation,d_133,0
HOUSEHOLD_0041_TX_3_validation,d_134,0
HOUSEHOLD_0041_TX_3_validation,d_135,0
HOUSEHOLD_0041_TX_3_validation,d_136,1
HOUSEHOLD_0041_TX_3_validation,d_137,0
HOUSEHOLD_0041_TX_3_validation,d_138,0
HOUSEHOLD_0041_TX_3_validation,d_139,0
HOUSEHOLD_0041_TX_3_validation,d_140,2
HOUSEHOLD_0041_TX_3_validation,d_141,1
HOUSEHOLD_0041_TX_3_validation,d_142,0
HOUSEHOLD_0041_TX_3_validation,d_143,0
HOUSEHOLD_0041_TX_3_validation,d_144,1
HOUSEHOLD_0044_WI_3_validation,d_36,1
HOUSEHOLD_0044_WI_3_validation,d_37,0
HOUSEHOLD_0044_WI_3_validation,d_38,1
HOUSEHOLD_0044_WI_3_validation,d_39,4
HOUSEHOLD_0044_WI_3_validation,d_40,0
HOUSEHOLD_0044_WI_3_validation,d_41,0
HOUSEHOLD_0044_WI_3_validation,d_42,1
HOUSEHOLD_0044_WI_3_validation,d_43,0
HOUSEHOLD_0044_WI_3_validation,d_44,1
HOUSEHOLD_0044_WI_3_validation,d_45,1
HOUSEHOLD_0044_WI_3_validation,d_46,2
HOUSEHOLD_0044_WI_3_validation,d_47,1
HOUSEHOLD_0044_WI_3_validation,d_48,1
HOUSEHOLD_0044_WI_3_validation,d_49,2
HOUSEHOLD_0044_WI_3_validation,d_50,0
HOUSEHOLD_0044_WI_3_validation,d_51,1
HOUSEHOLD_0044_WI_3_validation,d_52,1
HOUSEHOLD_0044_WI_3_validation,d_53,2
HOUSEHOLD_0044_WI_3_validation,d_54,0
HOUSEHOLD_0044_WI_3_validation,d_55,0
HOUSEHOLD_0044_WI_3_validation,d_56,2
HOUSEHOLD_0044_WI_3_validation,d_57,2
HOUSEHOLD_0044_WI_3_validation,d_58,1
HOUSEHOLD_0044_WI_3_validation,d_59,1
HOUSEHOLD_0044_WI_3_validation,d_60,0
HOUSEHOLD_0044_WI_3_validation,d_61,2
HOUSEHOLD_0044_WI_3_validation,d_62,1
HOUSEHOLD_0044_WI_3_validation,d_63,0
HOUSEHOLD_0044_WI_3_validation,d_64,0
HOUSEHOLD_0044_WI_3_validation,d_65,2
HOUSEHOLD_0044_WI_3_validation,d_66,2
HOUSEHOLD_0044_WI_3_validation,d_67,0
HOUSEHOLD_0044_WI_3_validation,d_68,0
HOUSEHOLD_0044_WI_3_validation,d_69,1
HOUSEHOLD_0044_WI_3_validation,d_70,0
HOUSEHOLD_0044_WI_3_validation,d_71,0
HOUSEHOLD_0044_WI_3_validation,d_72,1
HOUSEHOLD_0044_WI_3_validation,d_73,2
HOUSEHOLD_0044_WI_3_validation,d_74,0
HOUSEHOLD_0044_WI_3_validation,d_75,1
HOUSEHOLD_0044_WI_3_validation,d_76,0
HOUSEHOLD_0044_WI_3_validation,d_77,0
HOUSEHOLD_0044_WI_3_validation,d_78,2
HOUSEHOLD_0044_WI_3_validation,d_79,1
HOUSEHOLD_0044_WI_3_validation,d_80,0
HOUSEHOLD_0044_WI_3_validation,d_81,0
HOUSEHOLD_0044_WI_3_validation,d_82,0
HOUSEHOLD_0044_WI_3_validation,d_83,0
HOUSEHOLD_0044_WI_3_validation,d_84,2
HOUSEHOLD_0044_WI_3_validation,d_85,2
HOUSEHOLD_0044_WI_3_validation,d_86,2
HOUSEHOLD_0044_WI_3_validation,d_87,3
HOUSEHOLD_0044_WI_3_validation,d_88,1
HOUSEHOLD_0044_WI_3_validation,d_89,0
HOUSEHOLD_0044_WI_3_validation,d_90,0
HOUSEHOLD_0044_WI_3_validation,d_91,1
HOUSEHOLD_0044_WI_3_validation,d_92,0
HOUSEHOLD_0044_WI_3_validation,d_93,2
HOUSEHOLD_0044_WI_3_validation,d_94,3
HOUSEHOLD_0044_WI_3_validation,d_95,2
HOUSEHOLD_0044_WI_3_validation,d_96,0
HOUSEHOLD_0044_WI_3_validation,d_97,0
HOUSEHOLD_0044_WI_3_validation,d_98,1
HOUSEHOLD_0044_WI_3_validation,d_99,0
HOUSEHOLD_0044_WI_3_validation,d_100,1
HOUSEHOLD_0044_WI_3_validation,d_101,4
HOUSEHOLD_0044_WI_3_validation,d_102,4
HOUSEHOLD_0044_WI_3_validation,d_103,0
HOUSEHOLD_0044_WI_3_validation,d_104,0
HOUSEHOLD_0044_WI_3_validation,d_105,1
HOUSEHOLD_0044_WI_3_validation,d_106,1
HOUSEHOLD_0044_WI_3_validation,d_107,2
HOUSEHOLD_0044_WI_3_validation,d_108,0
HOUSEHOLD_0044_WI_3_validation,d_109,2
HOUSEHOLD_0044_WI_3_validation,d_110,0
HOUSEHOLD_0044_WI_3_validation,d_111,1
HOUSEHOLD_0044_WI_3_validation,d_112,0
HOUSEHOLD_0044_WI_3_validation,d_113,2
HOUSEHOLD_0044_WI_3_validation,d_114,2
HOUSEHOLD_0044_WI_3_validation,d_115,3
HOUSEHOLD_0044_WI_3_validation,d_116,1
HOUSEHOLD_0044_WI_3_validation,d_117,1
HOUSEHOLD_0044_WI_3_validation,d_118,1
HOUSEHOLD_0044_WI_3_validation,d_119,0
HOUSEHOLD_0044_WI_3_validation,d_120,0
HOUSEHOLD_0044_WI_3_validation,d_121,2
HOUSEHOLD_0044_WI_3_validation,d_122,3
HOUSEHOLD_0044_WI_3_validation,d_123,0
HOUSEHOLD_0044_WI_3_validation,d_124,1
HOUSEHOLD_0044_WI_3_validation,d_125,1
HOUSEHOLD_0044_WI_3_validation,d_126,2
HOUSEHOLD_0044_WI_3_validation,d_127,0
HOUSEHOLD_0044_WI_3_validation,d_128,0
HOUSEHOLD_0044_WI_3_validation,d_129,1
HOUSEHOLD_0044_WI_3_validation,d_130,1
HOUSEHOLD_0044_WI_3_validation,d_131,0
HOUSEHOLD_0044_WI_3_validation,d_132,0
HOUSEHOLD_0044_WI_3_validation,d_133,1
HOUSEHOLD_0044_WI_3_validation,d_134,2
HOUSEHOLD_0044_WI_3_validation,d_135,3
HOUSEHOLD_0044_WI_3_validation,d_136,0
HOUSEHOLD_0044_WI_3_validation,d_137,0
HOUSEHOLD_0044_WI_3_validation,d_138,0
HOUSEHOLD_0044_WI_3_validation,d_139,0
HOUSEHOLD_0044_WI_3_validation,d_140,1
HOUSEHOLD_0044_WI_3_validation,d_141,1
HOUSEHOLD_0044_WI_3_validation,d_142,0
HOUSEHOLD_0044_WI_3_validation,d_143,0
HOUSEHOLD_0044_WI_3_validation,d_144,1
FOODS_0046_CA_2_validation,d_36,0
FOODS_0046_CA_2_validation,d_37,0
FOODS_0046_CA_2_validation,d_38,0
FOODS_0046_CA_2_validation,d_39,0
FOODS_0046_CA_2_validation,d_40,1
FOODS_0046_CA_2_validation,d_41,0
FOODS_0046_CA_2_validation,d_42,0
FOODS_0046_CA_2_validation,d_43,1
FOODS_0046_CA_2_validation,d_44,0
FOODS_0046_CA_2_validation,d_45,1
FOODS_0046_CA_2_validation,d_46,0
FOODS_0046_CA_2_validation,d_47,0
FOODS_0046_CA_2_validation,d_48,0
FOODS_0046_CA_2_validation,d_49,0
FOODS_0046_CA_2_validation,d_50,0
FOODS_0046_CA_2_validation,d_51,1
FOODS_0046_CA_2_validation,d_52,1
FOODS_0046_CA_2_validation,d_53,0
FOODS_0046_CA_2_validation,d_54,0
FOODS_0046_CA_2_validation,d_55,0
FOODS_0046_CA_2_validation,d_56,0
FOODS_0046_CA_2_validation,d_57,0
FOODS_0046_CA_2_validation,d_58,0
FOODS_0046_CA_2_validation,d_59,0
FOODS_0046_CA_2_validation,d_60,2
FOODS_0046_CA_2_validation,d_61,1
FOODS_0046_CA_2_validation,d_62,1
FOODS_0046_CA_2_validation,d_63,0
FOODS_0046_CA_2_validation,d_64,0
FOODS_0046_CA_2_validation,d_65,2
FOODS_0046_CA_2_validation,d_66,2
FOODS_0046_CA_2_validation,d_67,0
FOODS_0046_CA_2_validation,d_68,0
FOODS_0046_CA_2_validation,d_69,0
FOODS_0046_CA_2_validation,d_70,0
FOODS_0046_CA_2_validation,d_71,0
FOODS_0046_CA_2_validation,d_72,3
FOODS_0046_CA_2_validation,d_73,3
FOODS_0046_CA_2_validation,d_74,0
FOODS_0046_CA_2_validation,d_75,0
FOODS_0046_CA_2_validation,d_76,0
FOODS_0046_CA_2_validation,d_77,0
FOODS_0046_CA_2_validation,d_78,0
FOODS_0046_CA_2_validation,d_79,0
FOODS_0046_CA_2_validation,d_80,0
FOODS_0046_CA_2_validation,d_81,0
FOODS_0046_CA_2_validation,d_82,0
FOODS_0046_CA_2_validation,d_83,0
FOODS_0046_CA_2_validation,d_84,0
FOODS_0046_CA_2_validation,d_85,0
FOODS_0046_CA_2_validation,d_86,0
FOODS_0046_CA_2_validation,d_87,0
FOODS_0046_CA_2_validation,d_88,1
FOODS_0046_CA_2_validation,d_89,0
FOODS_0046_CA_2_validation,d_90,0
FOODS_0046_CA_2_validation,d_91,0
FOODS_0046_CA_2_validation,d_92,3
FOODS_0046_CA_2_validation,d_93,0
FOODS_0046_CA_2_validation,d_94,1
FOODS_0046_CA_2_validation,d_95,1
FOODS_0046_CA_2_validation,d_96,2
FOODS_0046_CA_2_validation,d_97,1
FOODS_0046_CA_2_validation,d_98,1
FOODS_0046_CA_2_validation,d_99,0
FOODS_0046_CA_2_validation,d_100,0
FOODS_0046_CA_2_validation,d_101,0
FOODS_0046_CA_2_validation,d_102,0
FOODS_0046_CA_2_validation,d_103,0
FOODS_0046_CA_2_validation,d_104,0
FOODS_0046_CA_2_validation,d_105,0
FOODS_0046_CA_2_validation,d_106,0
FOODS_0046_CA_2_validation,d_107,1
FOODS_0046_CA_2_validation,d_108,2
FOODS_0046_CA_2_validation,d_109,0
FOODS_0046_CA_2_validation,d_110,0
FOODS_0046_CA_2_validation,d_111,0
FOODS_0046_CA_2_validation,d_112,0
FOODS_0046_CA_2_validation,d_113,0
FOODS_0046_CA_2_validation,d_114,1
FOODS_0046_CA_2_validation,d_115,2
FOODS_0046_CA_2_validation,d_116,2
FOODS_0046_CA_2_validation,d_117,0
FOODS_0046_CA_2_validation,d_118,0
FOODS_0046_CA_2_validation,d_119,0
FOODS_0046_CA_2_validation,d_120,0
FOODS_0046_CA_2_validation,d_121,1
FOODS_0046_CA_2_validation,d_122,1
FOODS_0046_CA_2_validation,d_123,1
FOODS_0046_CA_2_validation,d_124,0
FOODS_0046_CA_2_validation,d_125,1
FOODS_0046_CA_2_validation,d_126,1
FOODS_0046_CA_2_validation,d_127,1
FOODS_0046_CA_2_validation,d_128,3
FOODS_0046_CA_2_validation,d_129,3
FOODS_0046_CA_2_validation,d_130,0
FOODS_0046_CA_2_validation,d_131,0
FOODS_0046_CA_2_validation,d_132,0
FOODS_0046_CA_2_validation,d_133,0
FOODS_0046_CA_2_validation,d_134,0
FOODS_0046_CA_2_validation,d_135,2
FOODS_0046_CA_2_validation,d_136,1
FOODS_0046_CA_2_validation,d_137,0
FOODS_0046_CA_2_validation,d_138,0
FOODS_0046_CA_2_validation,d_139,0
FOODS_0046_CA_2_validation,d_140,0
FOODS_0046_CA_2_validation,d_141,1
FOODS_0046_CA_2_validation,d_142,5
FOODS_0046_CA_2_validation,d_143,4
FOODS_0046_CA_2_validation,d_144,0
HOUSEHOLD_0056_CA_3_validation,d_36,1
HOUSEHOLD_0056_CA_3_validation,d_37,1
HOUSEHOLD_0056_CA_3_validation,d_38,2
HOUSEHOLD_0056_CA_3_validation,d_39,0
HOUSEHOLD_0056_CA_3_validation,d_40,1
HOUSEHOLD_0056_CA_3_validation,d_41,0
HOUSEHOLD_0056_CA_3_validation,d_42,0
HOUSEHOLD_0056_CA_3_validation,d_43,0
HOUSEHOLD_0056_CA_3_validation,d_44,0
HOUSEHOLD_0056_CA_3_validation,d_45,0
HOUSEHOLD_0056_CA_3_validation,d_46,0
HOUSEHOLD_0056_CA_3_validation,d_47,0
HOUSEHOLD_0056_CA_3_validation,d_48,0
HOUSEHOLD_0056_CA_3_validation,d_49,0
HOUSEHOLD_0056_CA_3_validation,d_50,0
HOUSEHOLD_0056_CA_3_validation,d_51,0
HOUSEHOLD_0056_CA_3_validation,d_52,0
HOUSEHOLD_0056_CA_3_validation,d_53,1
HOUSEHOLD_0056_CA_3_validation,d_54,0
HOUSEHOLD_0056_CA_3_validation,d_55,0
HOUSEHOLD_0056_CA_3_validation,d_56,0
HOUSEHOLD_0056_CA_3_validation,d_57,1
HOUSEHOLD_0056_CA_3_validation,d_58,1
HOUSEHOLD_0056_CA_3_validation,d_59,2
HOUSEHOLD_0056_CA_3_validation,d_60,0
HOUSEHOLD_0056_CA_3_validation,d_61,0
HOUSEHOLD_0056_CA_3_validation,d_62,0
HOUSEHOLD_0056_CA_3_validation,d_63,1
HOUSEHOLD_0056_CA_3_validation,d_64,0
HOUSEHOLD_0056_CA_3_validation,d_65,0
HOUSEHOLD_0056_CA_3_validation,d_66,0
HOUSEHOLD_0056_CA_3_validation,d_67,0
HOUSEHOLD_0056_CA_3_validation,d_68,0
HOUSEHOLD_0056_CA_3_validation,d_69,0
HOUSEHOLD_0056_CA_3_validation,d_70,0
HOUSEHOLD_0056_CA_3_validation,d_71,0
HOUSEHOLD_0056_CA_3_validation,d_72,0
HOUSEHOLD_0056_CA_3_validation,d_73,0
HOUSEHOLD_0056_CA_3_validation,d_74,1
HOUSEHOLD_0056_CA_3_validation,d_75,0
HOUSEHOLD_0056_CA_3_validation,d_76,0
HOUSEHOLD_0056_CA_3_validation,d_77,0
HOUSEHOLD_0056_CA_3_validation,d_78,0
HOUSEHOLD_0056_CA_3_validation,d_79,1
HOUSEHOLD_0056_CA_3_validation,d_80,0
HOUSEHOLD_0056_CA_3_validation,d_81,0
HOUSEHOLD_0056_CA_3_validation,d_82,0
HOUSEHOLD_0056_CA_3_validation,d_83,0
HOUSEHOLD_0056_CA_3_validation,d_84,0
HOUSEHOLD_0056_CA_3_validation,d_85,0
HOUSEHOLD_0056_CA_3_validation,d_86,0
HOUSEHOLD_0056_CA_3_validation,d_87,0
HOUSEHOLD_0056_CA_3_validation,d_88,1
HOUSEHOLD_0056_CA_3_validation,d_89,0
HOUSEHOLD_0056_CA_3_validation,d_90,0
HOUSEHOLD_0056_CA_3_validation,d_91,0
HOUSEHOLD_0056_CA_3_validation,d_92,2
HOUSEHOLD_0056_CA_3_validation,d_93,3
HOUSEHOLD_0056_CA_3_validation,d_94,0
HOUSEHOLD_0056_CA_3_validation,d_95,2
HOUSEHOLD_0056_CA_3_validation,d_96,0
HOUSEHOLD_0056_CA_3_validation,d_97,0
HOUSEHOLD_0056_CA_3_validation,d_98,0
HOUSEHOLD_0056_CA_3_validation,d_99,0
HOUSEHOLD_0056_CA_3_validation,d_100,0
HOUSEHOLD_0056_CA_3_validation,d_101,0
HOUSEHOLD_0056_CA_3_validation,d_102,1
HOUSEHOLD_0056_CA_3_validation,d_103,0
HOUSEHOLD_0056_CA_3_validation,d_104,0
HOUSEHOLD_0056_CA_3_validation,d_105,0
HOUSEHOLD_0056_CA_3_validation,d_106,1
HOUSEHOLD_0056_CA_3_validation,d_107,1
HOUSEHOLD_0056_CA_3_validation,d_108,0
HOUSEHOLD_0056_CA_3_validation,d_109,0
HOUSEHOLD_0056_CA_3_validation,d_110,0
HOUSEHOLD_0056_CA_3_validation,d_111,0
HOUSEHOLD_0056_CA_3_validation,d_112,0
HOUSEHOLD_0056_CA_3_validation,d_113,0
HOUSEHOLD_0056_CA_3_validation,d_114,1
HOUSEHOLD_0056_CA_3_validation,d_115,1
HOUSEHOLD_0056_CA_3_validation,d_116,0
HOUSEHOLD_0056_CA_3_validation,d_117,0
HOUSEHOLD_0056_CA_3_validation,d_118,0
HOUSEHOLD_0056_CA_3_validation,d_119,0
HOUSEHOLD_0056_CA_3_validation,d_120,1
HOUSEHOLD_0056_CA_3_validation,d_121,1
HOUSEHOLD_0056_CA_3_validation,d_122,0
HOUSEHOLD_0056_CA_3_validation,d_123,0
HOUSEHOLD_0056_CA_3_validation,d_124,0
HOUSEHOLD_0056_CA_3_validation,d_125,0
HOUSEHOLD_0056_CA_3_validation,d_126,0
HOUSEHOLD_0056_CA_3_validation,d_127,1
HOUSEHOLD_0056_CA_3_validation,d_128,0
HOUSEHOLD_0056_CA_3_validation,d_129,1
HOUSEHOLD_0056_CA_3_validation,d_130,1
HOUSEHOLD_0056_CA_3_validation,d_131,0
HOUSEHOLD_0056_CA_3_validation,d_132,0
HOUSEHOLD_0056_CA_3_validation,d_133,0
HOUSEHOLD_0056_CA_3_validation,d_134,0
HOUSEHOLD_0056_CA_3_validation,d_135,0
HOUSEHOLD_0056_CA_3_validation,d_136,0
HOUSEHOLD_0056_CA_3_validation,d_137,0
HOUSEHOLD_0056_CA_3_validation,d_138,0
HOUSEHOLD_0056_CA_3_validation,d_139,0
HOUSEHOLD_0056_CA_3_validation,d_140,0
HOUSEHOLD_0056_CA_3_validation,d_141,0
HOUSEHOLD_0056_CA_3_validation,d_142,0
HOUSEHOLD_0056_CA_3_validation,d_143,0
HOUSEHOLD_0056_CA_3_validation,d_144,1
FOODS_0058_TX_2_validation,d_36,0
FOODS_0058_TX_2_validation,d_37,0
FOODS_0058_TX_2_validation,d_38,0
FOODS_0058_TX_2_validation,d_39,1
FOODS_0058_TX_2_validation,d_40,0
FOODS_0058_TX_2_validation,d_41,0
FOODS_0058_TX_2_validation,d_42,0
FOODS_0058_TX_2_validation,d_43,0
FOODS_0058_TX_2_validation,d_44,0
FOODS_0058_TX_2_validation,d_45,2
FOODS_0058_TX_2_validation,d_46,0
FOODS_0058_TX_2_validation,d_47,0
FOODS_0058_TX_2_validation,d_48,0
FOODS_0058_TX_2_validation,d_49,0
FOODS_0058_TX_2_validation,d_50,0
FOODS_0058_TX_2_validation,d_51,0
FOODS_0058_TX_2_validation,d_52,1
FOODS_0058_TX_2_validation,d_53,0
FOODS_0058_TX_2_validation,d_54,0
FOODS_0058_TX_2_validation,d_55,0
FOODS_0058_TX_2_validation,d_56,0
FOODS_0058_TX_2_validation,d_57,0
FOODS_0058_TX_2_validation,d_58,0
FOODS_0058_TX_2_validation,d_59,0
FOODS_0058_TX_2_validation,d_60,0
FOODS_0058_TX_2_validation,d_61,1
FOODS_0058_TX_2_validation,d_62,0
FOODS_0058_TX_2_validation,d_63,0
FOODS_0058_TX_2_validation,d_64,0
FOODS_0058_TX_2_validation,d_65,1
FOODS_0058_TX_2_validation,d_66,1
FOODS_0058_TX_2_validation,d_67,0
FOODS_0058_TX_2_validation,d_68,0
FOODS_0058_TX_2_validation,d_69,0
FOODS_0058_TX_2_validation,d_70,0
FOODS_0058_TX_2_validation,d_71,0
FOODS_0058_TX_2_validation,d_72,2
FOODS_0058_TX_2_validation,d_73,0
FOODS_0058_TX_2_validation,d_74,0
FOODS_0058_TX_2_validation,d_75,0
FOODS_0058_TX_2_validation,d_76,0
FOODS_0058_TX_2_validation,d_77,0
FOODS_0058_TX_2_validation,d_78,0
FOODS_0058_TX_2_validation,d_79,1
FOODS_0058_TX_2_validation,d_80,1
FOODS_0058_TX_2_validation,d_81,0
FOODS_0058_TX_2_validation,d_82,0
FOODS_0058_TX_2_validation,d_83,0
FOODS_0058_TX_2_validation,d_84,0
FOODS_0058_TX_2_validation,d_85,1
FOODS_0058_TX_2_validation,d_86,0
FOODS_0058_TX_2_validation,d_87,0
FOODS_0058_TX_2_validation,d_88,0
FOODS_0058_TX_2_validation,d_89,0
FOODS_0058_TX_2_validation,d_90,0
FOODS_0058_TX_2_validation,d_91,0
FOODS_0058_TX_2_validation,d_92,2
FOODS_0058_TX_2_validation,d_93,2
FOODS_0058_TX_2_validation,d_94,2
FOODS_0058_TX_2_validation,d_95,0
FOODS_0058_TX_2_validation,d_96,0
FOODS_0058_TX_2_validation,d_97,0
FOODS_0058_TX_2_validation,d_98,0
FOODS_0058_TX_2_validation,d_99,1
FOODS_0058_TX_2_validation,d_100,0
FOODS_0058_TX_2_validation,d_101,1
FOODS_0058_TX_2_validation,d_102,1
FOODS_0058_TX_2_validation,d_103,0
FOODS_0058_TX_2_validation,d_104,0
FOODS_0058_TX_2_validation,d_105,0
FOODS_0058_TX_2_validation,d_106,0
FOODS_0058_TX_2_validation,d_107,1
FOODS_0058_TX_2_validation,d_108,0
FOODS_0058_TX_2_validation,d_109,0
FOODS_0058_TX_2_validation,d_110,0
FOODS_0058_TX_2_validation,d_111,0
FOODS_0058_TX_2_validation,d_112,0
FOODS_0058_TX_2_validation,d_113,0
FOODS_0058_TX_2_validation,d_114,0
FOODS_0058_TX_2_validation,d_115,0
FOODS_0058_TX_2_validation,d_116,1
FOODS_0058_TX_2_validation,d_117,0
FOODS_0058_TX_2_validation,d_118,0
FOODS_0058_TX_2_validation,d_119,0
FOODS_0058_TX_2_validation,d_120,0
FOODS_0058_TX_2_validation,d_121,1
FOODS_0058_TX_2_validation,d_122,0
FOODS_0058_TX_2_validation,d_123,0
FOODS_0058_TX_2_validation,d_124,0
FOODS_0058_TX_2_validation,d_125,0
FOODS_0058_TX_2_validation,d_126,1
FOODS_0058_TX_2_validation,d_127,0
FOODS_0058_TX_2_validation,d_128,1
FOODS_0058_TX_2_validation,d_129,1
FOODS_0058_TX_2_validation,d_130,0
FOODS_0058_TX_2_validation,d_131,0
FOODS_0058_TX_2_validation,d_132,0
FOODS_0058_TX_2_validation,d_133,0
FOODS_0058_TX_2_validation,d_134,0
FOODS_0058_TX_2_validation,d_135,0
FOODS_0058_TX_2_validation,d_136,0
FOODS_0058_TX_2_validation,d_137,0
FOODS_0058_TX_2_validation,d_138,0
FOODS_0058_TX_2_validation,d_139,0
FOODS_0058_TX_2_validation,d_140,0
FOODS_0058_TX_2_validation,d_141,0
FOODS_0058_TX_2_validation,d_142,0
FOODS_0058_TX_2_validation,d_143,1
FOODS_0058_TX_2_validation,d_144,0
FOODS_0067_TX_2_validation,d_36,1
FOODS_0067_TX_2_validation,d_37,0
FOODS_0067_TX_2_validation,d_38,3
FOODS_0067_TX_2_validation,d_39,0
FOODS_0067_TX_2_validation,d_40,0
FOODS_0067_TX_2_validation,d_41,0
FOODS_0067_TX_2_validation,d_42,0
FOODS_0067_TX_2_validation,d_43,1
FOODS_0067_TX_2_validation,d_44,0
FOODS_0067_TX_2_validation,d_45,1
FOODS_0067_TX_2_validation,d_46,0
FOODS_0067_TX_2_validation,d_47,0
FOODS_0067_TX_2_validation,d_48,0
FOODS_0067_TX_2_validation,d_49,0
FOODS_0067_TX_2_validation,d_50,0
FOODS_0067_TX_2_validation,d_51,0
FOODS_0067_TX_2_validation,d_52,1
FOODS_0067_TX_2_validation,d_53,1
FOODS_0067_TX_2_validation,d_54,0
FOODS_0067_TX_2_validation,d_55,0
FOODS_0067_TX_2_validation,d_56,0
FOODS_0067_TX_2_validation,d_57,1
FOODS_0067_TX_2_validation,d_58,1
FOODS_0067_TX_2_validation,d_59,2
FOODS_0067_TX_2_validation,d_60,0
FOODS_0067_TX_2_validation,d_61,0
FOODS_0067_TX_2_validation,d_62,0
FOODS_0067_TX_2_validation,d_63,0
FOODS_0067_TX_2_validation,d_64,1
FOODS_0067_TX_2_validation,d_65,0
FOODS_0067_TX_2_validation,d_66,1
FOODS_0067_TX_2_validation,d_67,0
FOODS_0067_TX_2_validation,d_68,0
FOODS_0067_TX_2_validation,d_69,0
FOODS_0067_TX_2_validation,d_70,0
FOODS_0067_TX_2_validation,d_71,0
FOODS_0067_TX_2_validation,d_72,0
FOODS_0067_TX_2_validation,d_73,2
FOODS_0067_TX_2_validation,d_74,1
FOODS_0067_TX_2_validation,d_75,0
FOODS_0067_TX_2_validation,d_76,0
FOODS_0067_TX_2_validation,d_77,1
FOODS_0067_TX_2_validation,d_78,1
FOODS_0067_TX_2_validation,d_79,1
FOODS_0067_TX_2_validation,d_80,0
FOODS_0067_TX_2_validation,d_81,0
FOODS_0067_TX_2_validation,d_82,0
FOODS_0067_TX_2_validation,d_83,0
FOODS_0067_TX_2_validation,d_84,0
FOODS_0067_TX_2_validation,d_85,0
FOODS_0067_TX_2_validation,d_86,0
FOODS_0067_TX_2_validation,d_87,1
FOODS_0067_TX_2_validation,d_88,0
FOODS_0067_TX_2_validation,d_89,0
FOODS_0067_TX_2_validation,d_90,0
FOODS_0067_TX_2_validation,d_91,1
FOODS_0067_TX_2_validation,d_92,0
FOODS_0067_TX_2_validation,d_93,0
FOODS_0067_TX_2_validation,d_94,0
FOODS_0067_TX_2_validation,d_95,0
FOODS_0067_TX_2_validation,d_96,1
FOODS_0067_TX_2_validation,d_97,0
FOODS_0067_TX_2_validation,d_98,0
FOODS_0067_TX_2_validation,d_99,1
FOODS_0067_TX_2_validation,d_100,0
FOODS_0067_TX_2_validation,d_101,1
FOODS_0067_TX_2_validation,d_102,1
FOODS_0067_TX_2_validation,d_103,1
FOODS_0067_TX_2_validation,d_104,0
FOODS_0067_TX_2_validation,d_105,0
FOODS_0067_TX_2_validation,d_106,0
FOODS_0067_TX_2_validation,d_107,0
FOODS_0067_TX_2_validation,d_108,0
FOODS_0067_TX_2_validation,d_109,0
FOODS_0067_TX_2_validation,d_110,1
FOODS_0067_TX_2_validation,d_111,0
FOODS_0067_TX_2_validation,d_112,0
FOODS_0067_TX_2_validation,d_113,2
FOODS_0067_TX_2_validation,d_114,0
FOODS_0067_TX_2_validation,d_115,0
FOODS_0067_TX_2_validation,d_116,0
FOODS_0067_TX_2_validation,d_117,0
FOODS_0067_TX_2_validation,d_118,0
FOODS_0067_TX_2_validation,d_119,0
FOODS_0067_TX_2_validation,d_120,2
FOODS_0067_TX_2_validation,d_121,1
FOODS_0067_TX_2_validation,d_122,0
FOODS_0067_TX_2_validation,d_123,0
FOODS_0067_TX_2_validation,d_124,2
FOODS_0067_TX_2_validation,d_125,0
FOODS_0067_TX_2_validation,d_126,0
FOODS_0067_TX_2_validation,d_127,0
FOODS_0067_TX_2_validation,d_128,2
FOODS_0067_TX_2_validation,d_129,1
FOODS_0067_TX_2_validation,d_130,0
FOODS_0067_TX_2_validation,d_131,0
FOODS_0067_TX_2_validation,d_132,0
FOODS_0067_TX_2_validation,d_133,0
FOODS_0067_TX_2_validation,d_134,2
FOODS_0067_TX_2_validation,d_135,0
FOODS_0067_TX_2_validation,d_136,0
FOODS_0067_TX_2_validation,d_137,0
FOODS_0067_TX_2_validation,d_138,0
FOODS_0067_TX_2_validation,d_139,0
FOODS_0067_TX_2_validation,d_140,0
FOODS_0067_TX_2_validation,d_141,1
FOODS_0067_TX_2_validation,d_142,1
FOODS_0067_TX_2_validation,d_143,1
FOODS_0067_TX_2_validation,d_144,0
FOODS_0088_WI_2_validation,d_36,0
FOODS_0088_WI_2_validation,d_37,0
FOODS_0088_WI_2_validation,d_38,1
FOODS_0088_WI_2_validation,d_39,1
FOODS_0088_WI_2_validation,d_40,0
FOODS_0088_WI_2_validation,d_41,0
FOODS_0088_WI_2_validation,d_42,0
FOODS_0088_WI_2_validation,d_43,0
FOODS_0088_WI_2_validation,d_44,0
FOODS_0088_WI_2_validation,d_45,0
FOODS_0088_WI_2_validation,d_46,0
FOODS_0088_WI_2_validation,d_47,0
FOODS_0088_WI_2_validation,d_48,0
FOODS_0088_WI_2_validation,d_49,0
FOODS_0088_WI_2_validation,d_50,0
FOODS_0088_WI_2_validation,d_51,0
FOODS_0088_WI_2_validation,d_52,0
FOODS_0088_WI_2_validation,d_53,0
FOODS_0088_WI_2_validation,d_54,0
FOODS_0088_WI_2_validation,d_55,0
FOODS_0088_WI_2_validation,d_56,0
FOODS_0088_WI_2_validation,d_57,0
FOODS_0088_WI_2_validation,d_58,0
FOODS_0088_WI_2_validation,d_59,1
FOODS_0088_WI_2_validation,d_60,0
FOODS_0088_WI_2_validation,d_61,0
FOODS_0088_WI_2_validation,d_62,0
FOODS_0088_WI_2_validation,d_63,0
FOODS_0088_WI_2_validation,d_64,0
FOODS_0088_WI_2_validation,d_65,1
FOODS_0088_WI_2_validation,d_66,0
FOODS_0088_WI_2_validation,d_67,0
FOODS_0088_WI_2_validation,d_68,0
FOODS_0088_WI_2_validation,d_69,0
FOODS_0088_WI_2_validation,d_70,0
FOODS_0088_WI_2_validation,d_71,1
FOODS_0088_WI_2_validation,d_72,0
FOODS_0088_WI_2_validation,d_73,0
FOODS_0088_WI_2_validation,d_74,0
FOODS_0088_WI_2_validation,d_75,0
FOODS_0088_WI_2_validation,d_76,0
FOODS_0088_WI_2_validation,d_77,0
FOODS_0088_WI_2_validation,d_78,1
FOODS_0088_WI_2_validation,d_79,0
FOODS_0088_WI_2_validation,d_80,0
FOODS_0088_WI_2_validation,d_81,0
FOODS_0088_WI_2_validation,d_82,0
FOODS_0088_WI_2_validation,d_83,0
FOODS_0088_WI_2_validation,d_84,0
FOODS_0088_WI_2_validation,d_85,0
FOODS_0088_WI_2_validation,d_86,0
FOODS_0088_WI_2_validation,d_87,0
FOODS_0088_WI_2_validation,d_88,0
FOODS_0088_WI_2_validation,d_89,0
FOODS_0088_WI_2_validation,d_90,0
FOODS_0088_WI_2_validation,d_91,0
FOODS_0088_WI_2_validation,d_92,3
FOODS_0088_WI_2_validation,d_93,2
FOODS_0088_WI_2_validation,d_94,0
FOODS_0088_WI_2_validation,d_95,0
FOODS_0088_WI_2_validation,d_96,0
FOODS_0088_WI_2_validation,d_97,0
FOODS_0088_WI_2_validation,d_98,0
FOODS_0088_WI_2_validation,d_99,0
FOODS_0088_WI_2_validation,d_100,0
FOODS_0088_WI_2_validation,d_101,1
FOODS_0088_WI_2_validation,d_102,0
FOODS_0088_WI_2_validation,d_103,0
FOODS_0088_WI_2_validation,d_104,0
FOODS_0088_WI_2_validation,d_105,0
FOODS_0088_WI_2_validation,d_106,0
FOODS_0088_WI_2_validation,d_107,0
FOODS_0088_WI_2_validation,d_108,0
FOODS_0088_WI_2_validation,d_109,1
FOODS_0088_WI_2_validation,d_110,0
FOODS_0088_WI_2_validation,d_111,0
FOODS_0088_WI_2_validation,d_112,0
FOODS_0088_WI_2_validation,d_113,0
FOODS_0088_WI_2_validation,d_114,0
FOODS_0088_WI_2_validation,d_115,0
FOODS_0088_WI_2_validation,d_116,0
FOODS_0088_WI_2_validation,d_117,0
FOODS_0088_WI_2_validation,d_118,0
FOODS_0088_WI_2_validation,d_119,0
FOODS_0088_WI_2_validation,d_120,0
FOODS_0088_WI_2_validation,d_121,0
FOODS_0088_WI_2_validation,d_122,0
FOODS_0088_WI_2_validation,d_123,0
FOODS_0088_WI_2_validation,d_124,2
FOODS_0088_WI_2_validation,d_125,0
FOODS_0088_WI_2_validation,d_126,0
FOODS_0088_WI_2_validation,d_127,0
FOODS_0088_WI_2_validation,d_128,0
FOODS_0088_WI_2_validation,d_129,1
FOODS_0088_WI_2_validation,d_130,0
FOODS_0088_WI_2_validation,d_131,0
FOODS_0088_WI_2_validation,d_132,0
FOODS_0088_WI_2_validation,d_133,0
FOODS_0088_WI_2_validation,d_134,0
FOODS_0088_WI_2_validation,d_135,0
FOODS_0088_WI_2_validation,d_136,0
FOODS_0088_WI_2_validation,d_137,1
FOODS_0088_WI_2_validation,d_138,0
FOODS_0088_WI_2_validation,d_139,0
FOODS_0088_WI_2_validation,d_140,0
FOODS_0088_WI_2_validation,d_141,0
FOODS_0088_WI_2_validation,d_142,0
FOODS_0088_WI_2_validation,d_143,0
FOODS_0088_WI_2_validation,d_144,0
HOUSEHOLD_0089_WI_3_validation,d_36,0
HOUSEHOLD_0089_WI_3_validation,d_37,0
HOUSEHOLD_0089_WI_3_validation,d_38,0
HOUSEHOLD_0089_WI_3_validation,d_39,0
HOUSEHOLD_0089_WI_3_validation,d_40,0
HOUSEHOLD_0089_WI_3_validation,d_41,0
HOUSEHOLD_0089_WI_3_validation,d_42,0
HOUSEHOLD_0089_WI_3_validation,d_43,0
HOUSEHOLD_0089_WI_3_validation,d_44,0
HOUSEHOLD_0089_WI_3_validation,d_45,1
HOUSEHOLD_0089_WI_3_validation,d_46,0
HOUSEHOLD_0089_WI_3_validation,d_47,0
HOUSEHOLD_0089_WI_3_validation,d_48,0
HOUSEHOLD_0089_WI_3_validation,d_49,0
HOUSEHOLD_0089_WI_3_validation,d_50,1
HOUSEHOLD_0089_WI_3_validation,d_51,1
HOUSEHOLD_0089_WI_3_validation,d_52,1
HOUSEHOLD_0089_WI_3_validation,d_53,0
HOUSEHOLD_0089_WI_3_validation,d_54,0
HOUSEHOLD_0089_WI_3_validation,d_55,1
HOUSEHOLD_0089_WI_3_validation,d_56,1
HOUSEHOLD_0089_WI_3_validation,d_57,0
HOUSEHOLD_0089_WI_3_validation,d_58,0
HOUSEHOLD_0089_WI_3_validation,d_59,4
HOUSEHOLD_0089_WI_3_validation,d_60,0
HOUSEHOLD_0089_WI_3_validation,d_61,0
HOUSEHOLD_0089_WI_3_validation,d_62,0
HOUSEHOLD_0089_WI_3_validation,d_63,0
HOUSEHOLD_0089_WI_3_validation,d_64,0
HOUSEHOLD_0089_WI_3_validation,d_65,1
HOUSEHOLD_0089_WI_3_validation,d_66,2
HOUSEHOLD_0089_WI_3_validation,d_67,2
HOUSEHOLD_0089_WI_3_validation,d_68,2
HOUSEHOLD_0089_WI_3_validation,d_69,0
HOUSEHOLD_0089_WI_3_validation,d_70,1
HOUSEHOLD_0089_WI_3_validation,d_71,0
HOUSEHOLD_0089_WI_3_validation,d_72,1
HOUSEHOLD_0089_WI_3_validation,d_73,1
HOUSEHOLD_0089_WI_3_validation,d_74,0
HOUSEHOLD_0089_WI_3_validation,d_75,0
HOUSEHOLD_0089_WI_3_validation,d_76,0
HOUSEHOLD_0089_WI_3_validation,d_77,0
HOUSEHOLD_0089_WI_3_validation,d_78,0
HOUSEHOLD_0089_WI_3_validation,d_79,0
HOUSEHOLD_0089_WI_3_validation,d_80,2
HOUSEHOLD_0089_WI_3_validation,d_81,1
HOUSEHOLD_0089_WI_3_validation,d_82,0
HOUSEHOLD_0089_WI_3_validation,d_83,0
HOUSEHOLD_0089_WI_3_validation,d_84,0
HOUSEHOLD_0089_WI_3_validation,d_85,1
HOUSEHOLD_0089_WI_3_validation,d_86,0
HOUSEHOLD_0089_WI_3_validation,d_87,0
HOUSEHOLD_0089_WI_3_validation,d_88,0
HOUSEHOLD_0089_WI_3_validation,d_89,2
HOUSEHOLD_0089_WI_3_validation,d_90,1
HOUSEHOLD_0089_WI_3_validation,d_91,0
HOUSEHOLD_0089_WI_3_validation,d_92,0
HOUSEHOLD_0089_WI_3_validation,d_93,1
HOUSEHOLD_0089_WI_3_validation,d_94,1
HOUSEHOLD_0089_WI_3_validation,d_95,3
HOUSEHOLD_0089_WI_3_validation,d_96,0
HOUSEHOLD_0089_WI_3_validation,d_97,0
HOUSEHOLD_0089_WI_3_validation,d_98,0
HOUSEHOLD_0089_WI_3_validation,d_99,1
HOUSEHOLD_0089_WI_3_validation,d_100,1
HOUSEHOLD_0089_WI_3_validation,d_101,0
HOUSEHOLD_0089_WI_3_validation,d_102,1
HOUSEHOLD_0089_WI_3_validation,d_103,0
HOUSEHOLD_0089_WI_3_validation,d_104,0
HOUSEHOLD_0089_WI_3_validation,d_105,0
HOUSEHOLD_0089_WI_3_validation,d_106,0
HOUSEHOLD_0089_WI_3_validation,d_107,0
HOUSEHOLD_0089_WI_3_validation,d_108,0
HOUSEHOLD_0089_WI_3_validation,d_109,0
HOUSEHOLD_0089_WI_3_validation,d_110,0
HOUSEHOLD_0089_WI_3_validation,d_111,0
HOUSEHOLD_0089_WI_3_validation,d_112,0
HOUSEHOLD_0089_WI_3_validation,d_113,1
HOUSEHOLD_0089_WI_3_validation,d_114,1
HOUSEHOLD_0089_WI_3_validation,d_115,0
HOUSEHOLD_0089_WI_3_validation,d_116,2
HOUSEHOLD_0089_WI_3_validation,d_117,0
HOUSEHOLD_0089_WI_3_validation,d_118,0
HOUSEHOLD_0089_WI_3_validation,d_119,1
HOUSEHOLD_0089_WI_3_validation,d_120,0
HOUSEHOLD_0089_WI_3_validation,d_121,1
HOUSEHOLD_0089_WI_3_validation,d_122,0
HOUSEHOLD_0089_WI_3_validation,d_123,0
HOUSEHOLD_0089_WI_3_validation,d_124,0
HOUSEHOLD_0089_WI_3_validation,d_125,0
HOUSEHOLD_0089_WI_3_validation,d_126,0
HOUSEHOLD_0089_WI_3_validation,d_127,0
HOUSEHOLD_0089_WI_3_validation,d_128,0
HOUSEHOLD_0089_WI_3_validation,d_129,1
HOUSEHOLD_0089_WI_3_validation,d_130,1
HOUSEHOLD_0089_WI_3_validation,d_131,0
HOUSEHOLD_0089_WI_3_validation,d_132,0
HOUSEHOLD_0089_WI_3_validation,d_133,1
HOUSEHOLD_0089_WI_3_validation,d_134,0
HOUSEHOLD_0089_WI_3_validation,d_135,0
HOUSEHOLD_0089_WI_3_validation,d_136,0
HOUSEHOLD_0089_WI_3_validation,d_137,0
HOUSEHOLD_0089_WI_3_validation,d_138,0
HOUSEHOLD_0089_WI_3_validation,d_139,1
HOUSEHOLD_0089_WI_3_validation,d_140,0
HOUSEHOLD_0089_WI_3_validation,d_141,0
HOUSEHOLD_0089_WI_3_validation,d_142,0
HOUSEHOLD_0089_WI_3_validation,d_143,0
HOUSEHOLD_0089_WI_3_validation,d_144,3
HOBBIES_0090_CA_1_validation,d_36,0
HOBBIES_0090_CA_1_validation,d_37,0
HOBBIES_0090_CA_1_validation,d_38,0
HOBBIES_0090_CA_1_validation,d_39,1
HOBBIES_0090_CA_1_validation,d_40,1
HOBBIES_0090_CA_1_validation,d_41,0
HOBBIES_0090_CA_1_validation,d_42,0
HOBBIES_0090_CA_1_validation,d_43,0
HOBBIES_0090_CA_1_validation,d_44,0
HOBBIES_0090_CA_1_validation,d_45,1
HOBBIES_0090_CA_1_validation,d_46,2
HOBBIES_0090_CA_1_validation,d_47,0
HOBBIES_0090_CA_1_validation,d_48,0
HOBBIES_0090_CA_1_validation,d_49,1
HOBBIES_0090_CA_1_validation,d_50,0
HOBBIES_0090_CA_1_validation,d_51,0
HOBBIES_0090_CA_1_validation,d_52,1
HOBBIES_0090_CA_1_validation,d_53,1
HOBBIES_0090_CA_1_validation,d_54,0
HOBBIES_0090_CA_1_validation,d_55,0
HOBBIES_0090_CA_1_validation,d_56,0
HOBBIES_0090_CA_1_validation,d_57,1
HOBBIES_0090_CA_1_validation,d_58,2
HOBBIES_0090_CA_1_validation,d_59,0
HOBBIES_0090_CA_1_validation,d_60,2
HOBBIES_0090_CA_1_validation,d_61,0
HOBBIES_0090_CA_1_validation,d_62,0
HOBBIES_0090_CA_1_validation,d_63,0
HOBBIES_0090_CA_1_validation,d_64,3
HOBBIES_0090_CA_1_validation,d_65,0
HOBBIES_0090_CA_1_validation,d_66,1
HOBBIES_0090_CA_1_validation,d_67,1
HOBBIES_0090_CA_1_validation,d_68,0
HOBBIES_0090_CA_1_validation,d_69,0
HOBBIES_0090_CA_1_validation,d_70,0
HOBBIES_0090_CA_1_validation,d_71,0
HOBBIES_0090_CA_1_validation,d_72,0
HOBBIES_0090_CA_1_validation,d_73,1
HOBBIES_0090_CA_1_validation,d_74,0
HOBBIES_0090_CA_1_validation,d_75,0
HOBBIES_0090_CA_1_validation,d_76,0
HOBBIES_0090_CA_1_validation,d_77,0
HOBBIES_0090_CA_1_validation,d_78,0
HOBBIES_0090_CA_1_validation,d_79,0
HOBBIES_0090_CA_1_validation,d_80,0
HOBBIES_0090_CA_1_validation,d_81,0
HOBBIES_0090_CA_1_validation,d_82,0
HOBBIES_0090_CA_1_validation,d_83,0
HOBBIES_0090_CA_1_validation,d_84,0
HOBBIES_0090_CA_1_validation,d_85,0
HOBBIES_0090_CA_1_validation,d_86,2
HOBBIES_0090_CA_1_validation,d_87,2
HOBBIES_0090_CA_1_validation,d_88,0
HOBBIES_0090_CA_1_validation,d_89,0
HOBBIES_0090_CA_1_validation,d_90,0
HOBBIES_0090_CA_1_validation,d_91,1
HOBBIES_0090_CA_1_validation,d_92,1
HOBBIES_0090_CA_1_validation,d_93,2
HOBBIES_0090_CA_1_validation,d_94,1
HOBBIES_0090_CA_1_validation,d_95,0
HOBBIES_0090_CA_1_validation,d_96,0
HOBBIES_0090_CA_1_validation,d_97,0
HOBBIES_0090_CA_1_validation,d_98,0
HOBBIES_0090_CA_1_validation,d_99,0
HOBBIES_0090_CA_1_validation,d_100,1
HOBBIES_0090_CA_1_validation,d_101,0
HOBBIES_0090_CA_1_validation,d_102,0
HOBBIES_0090_CA_1_validation,d_103,0
HOBBIES_0090_CA_1_validation,d_104,0
HOBBIES_0090_CA_1_validation,d_105,0
HOBBIES_0090_CA_1_validation,d_106,0
HOBBIES_0090_CA_1_validation,d_107,0
HOBBIES_0090_CA_1_validation,d_108,0
HOBBIES_0090_CA_1_validation,d_109,0
HOBBIES_0090_CA_1_validation,d_110,0
HOBBIES_0090_CA_1_validation,d_111,0
HOBBIES_0090_CA_1_validation,d_112,0
HOBBIES_0090_CA_1_validation,d_113,0
HOBBIES_0090_CA_1_validation,d_114,2
HOBBIES_0090_CA_1_validation,d_115,0
HOBBIES_0090_CA_1_validation,d_116,0
HOBBIES_0090_CA_1_validation,d_117,0
HOBBIES_0090_CA_1_validation,d_118,0
HOBBIES_0090_CA_1_validation,d_119,0
HOBBIES_0090_CA_1_validation,d_120,1
HOBBIES_0090_CA_1_validation,d_121,2
HOBBIES_0090_CA_1_validation,d_122,1
HOBBIES_0090_CA_1_validation,d_123,2
HOBBIES_0090_CA_1_validation,d_124,0
HOBBIES_0090_CA_1_validation,d_125,0
HOBBIES_0090_CA_1_validation,d_126,0
HOBBIES_0090_CA_1_validation,d_127,0
HOBBIES_0090_CA_1_validation,d_128,0
HOBBIES_0090_CA_1_validation,d_129,0
HOBBIES_0090_CA_1_validation,d_130,1
HOBBIES_0090_CA_1_validation,d_131,0
HOBBIES_0090_CA_1_validation,d_132,0
HOBBIES_0090_CA_1_validation,d_133,0
HOBBIES_0090_CA_1_validation,d_134,0
HOBBIES_0090_CA_1_validation,d_135,0
HOBBIES_0090_CA_1_validation,d_136,1
HOBBIES_0090_CA_1_validation,d_137,0
HOBBIES_0090_CA_1_validation,d_138,0
HOBBIES_0090_CA_1_validation,d_139,0
HOBBIES_0090_CA_1_validation,d_140,0
HOBBIES_0090_CA_1_validation,d_141,0
HOBBIES_0090_CA_1_validation,d_142,0
HOBBIES_0090_CA_1_validation,d_143,2
HOBBIES_0090_CA_1_validation,d_144,1
FOODS_0094_TX_2_validation,d_36,0
FOODS_0094_TX_2_validation,d_37,2
FOODS_0094_TX_2_validation,d_38,0
FOODS_0094_TX_2_validation,d_39,0
FOODS_0094_TX_2_validation,d_40,0
FOODS_0094_TX_2_validation,d_41,0
FOODS_0094_TX_2_validation,d_42,0
FOODS_0094_TX_2_validation,d_43,1
FOODS_0094_TX_2_validation,d_44,0
FOODS_0094_TX_2_validation,d_45,0
FOODS_0094_TX_2_validation,d_46,0
FOODS_0094_TX_2_validation,d_47,0
FOODS_0094_TX_2_validation,d_48,0
FOODS_0094_TX_2_validation,d_49,0
FOODS_0094_TX_2_validation,d_50,0
FOODS_0094_TX_2_validation,d_51,0
FOODS_0094_TX_2_validation,d_52,0
FOODS_0094_TX_2_validation,d_53,1
FOODS_0094_TX_2_validation,d_54,0
FOODS_0094_TX_2_validation,d_55,0
FOODS_0094_TX_2_validation,d_56,0
FOODS_0094_TX_2_validation,d_57,0
FOODS_0094_TX_2_validation,d_58,1
FOODS_0094_TX_2_validation,d_59,1
FOODS_0094_TX_2_validation,d_60,2
FOODS_0094_TX_2_validation,d_61,2
FOODS_0094_TX_2_validation,d_62,0
FOODS_0094_TX_2_validation,d_63,0
FOODS_0094_TX_2_validation,d_64,0
FOODS_0094_TX_2_validation,d_65,4
FOODS_0094_TX_2_validation,d_66,4
FOODS_0094_TX_2_validation,d_67,3
FOODS_0094_TX_2_validation,d_68,0
FOODS_0094_TX_2_validation,d_69,0
FOODS_0094_TX_2_validation,d_70,0
FOODS_0094_TX_2_validation,d_71,0
FOODS_0094_TX_2_validation,d_72,0
FOODS_0094_TX_2_validation,d_73,0
FOODS_0094_TX_2_validation,d_74,0
FOODS_0094_TX_2_validation,d_75,0
FOODS_0094_TX_2_validation,d_76,0
FOODS_0094_TX_2_validation,d_77,0
FOODS_0094_TX_2_validation,d_78,0
FOODS_0094_TX_2_validation,d_79,0
FOODS_0094_TX_2_validation,d_80,0
FOODS_0094_TX_2_validation,d_81,0
FOODS_0094_TX_2_validation,d_82,0
FOODS_0094_TX_2_validation,d_83,0
FOODS_0094_TX_2_validation,d_84,0
FOODS_0094_TX_2_validation,d_85,0
FOODS_0094_TX_2_validation,d_86,1
FOODS_0094_TX_2_validation,d_87,1
FOODS_0094_TX_2_validation,d_88,0
FOODS_0094_TX_2_validation,d_89,1
FOODS_0094_TX_2_validation,d_90,0
FOODS_0094_TX_2_validation,d_91,0
FOODS_0094_TX_2_validation,d_92,0
FOODS_0094_TX_2_validation,d_93,1
FOODS_0094_TX_2_validation,d_94,0
FOODS_0094_TX_2_validation,d_95,0
FOODS_0094_TX_2_validation,d_96,0
FOODS_0094_TX_2_validation,d_97,0
FOODS_0094_TX_2_validation,d_98,0
FOODS_0094_TX_2_validation,d_99,0
FOODS_0094_TX_2_validation,d_100,1
FOODS_0094_TX_2_validation,d_101,0
FOODS_0094_TX_2_validation,d_102,0
FOODS_0094_TX_2_validation,d_103,0
FOODS_0094_TX_2_validation,d_104,0
FOODS_0094_TX_2_validation,d_105,0
FOODS_0094_TX_2_validation,d_106,0
FOODS_0094_TX_2_validation,d_107,0
FOODS_0094_TX_2_validation,d_108,0
FOODS_0094_TX_2_validation,d_109,1
FOODS_0094_TX_2_validation,d_110,0
FOODS_0094_TX_2_validation,d_111,0
FOODS_0094_TX_2_validation,d_112,0
FOODS_0094_TX_2_validation,d_113,0
FOODS_0094_TX_2_validation,d_114,1
FOODS_0094_TX_2_validation,d_115,0
FOODS_0094_TX_2_validation,d_116,0
FOODS_0094_TX_2_validation,d_117,0
FOODS_0094_TX_2_validation,d_118,0
FOODS_0094_TX_2_validation,d_119,0
FOODS_0094_TX_2_validation,d_120,0
FOODS_0094_TX_2_validation,d_121,0
FOODS_0094_TX_2_validation,d_122,6
FOODS_0094_TX_2_validation,d_123,1
FOODS_0094_TX_2_validation,d_124,1
FOODS_0094_TX_2_validation,d_125,0
FOODS_0094_TX_2_validation,d_126,0
FOODS_0094_TX_2_validation,d_127,0
FOODS_0094_TX_2_validation,d_128,0
FOODS_0094_TX_2_validation,d_129,0
FOODS_0094_TX_2_validation,d_130,0
FOODS_0094_TX_2_validation,d_131,0
FOODS_0094_TX_2_validation,d_132,1
FOODS_0094_TX_2_validation,d_133,0
FOODS_0094_TX_2_validation,d_134,0
FOODS_0094_TX_2_validation,d_135,0
FOODS_0094_TX_2_validation,d_136,0
FOODS_0094_TX_2_validation,d_137,0
FOODS_0094_TX_2_validation,d_138,0
FOODS_0094_TX_2_validation,d_139,0
FOODS_0094_TX_2_validation,d_140,1
FOODS_0094_TX_2_validation,d_141,0
FOODS_0094_TX_2_validation,d_142,0
FOODS_0094_TX_2_validation,d_143,0
FOODS_0094_TX_2_validation,d_144,0
FOODS_0100_CA_2_validation,d_36,0
FOODS_0100_CA_2_validation,d_37,0
FOODS_0100_CA_2_validation,d_38,1
FOODS_0100_CA_2_validation,d_39,0
FOODS_0100_CA_2_validation,d_40,0
FOODS_0100_CA_2_validation,d_41,1
FOODS_0100_CA_2_validation,d_42,0
FOODS_0100_CA_2_validation,d_43,0
FOODS_0100_CA_2_validation,d_44,1
FOODS_0100_CA_2_validation,d_45,0
FOODS_0100_CA_2_validation,d_46,0
FOODS_0100_CA_2_validation,d_47,0
FOODS_0100_CA_2_validation,d_48,0
FOODS_0100_CA_2_validation,d_49,0
FOODS_0100_CA_2_validation,d_50,0
FOODS_0100_CA_2_validation,d_51,0
FOODS_0100_CA_2_validation,d_52,2
FOODS_0100_CA_2_validation,d_53,0
FOODS_0100_CA_2_validation,d_54,0
FOODS_0100_CA_2_validation,d_55,0
FOODS_0100_CA_2_validation,d_56,0
FOODS_0100_CA_2_validation,d_57,0
FOODS_0100_CA_2_validation,d_58,0
FOODS_0100_CA_2_validation,d_59,0
FOODS_0100_CA_2_validation,d_60,1
FOODS_0100_CA_2_validation,d_61,0
FOODS_0100_CA_2_validation,d_62,0
FOODS_0100_CA_2_validation,d_63,0
FOODS_0100_CA_2_validation,d_64,1
FOODS_0100_CA_2_validation,d_65,0
FOODS_0100_CA_2_validation,d_66,1
FOODS_0100_CA_2_validation,d_67,0
FOODS_0100_CA_2_validation,d_68,0
FOODS_0100_CA_2_validation,d_69,1
FOODS_0100_CA_2_validation,d_70,0
FOODS_0100_CA_2_validation,d_71,2
FOODS_0100_CA_2_validation,d_72,0
FOODS_0100_CA_2_validation,d_73,0
FOODS_0100_CA_2_validation,d_74,1
FOODS_0100_CA_2_validation,d_75,0
FOODS_0100_CA_2_validation,d_76,0
FOODS_0100_CA_2_validation,d_77,0
FOODS_0100_CA_2_validation,d_78,0
FOODS_0100_CA_2_validation,d_79,1
FOODS_0100_CA_2_validation,d_80,1
FOODS_0100_CA_2_validation,d_81,1
FOODS_0100_CA_2_validation,d_82,1
FOODS_0100_CA_2_validation,d_83,0
FOODS_0100_CA_2_validation,d_84,0
FOODS_0100_CA_2_validation,d_85,1
FOODS_0100_CA_2_validation,d_86,0
FOODS_0100_CA_2_validation,d_87,0
FOODS_0100_CA_2_validation,d_88,1
FOODS_0100_CA_2_validation,d_89,2
FOODS_0100_CA_2_validation,d_90,0
FOODS_0100_CA_2_validation,d_91,1
FOODS_0100_CA_2_validation,d_92,0
FOODS_0100_CA_2_validation,d_93,1
FOODS_0100_CA_2_validation,d_94,1
FOODS_0100_CA_2_validation,d_95,0
FOODS_0100_CA_2_validation,d_96,0
FOODS_0100_CA_2_validation,d_97,0
FOODS_0100_CA_2_validation,d_98,1
FOODS_0100_CA_2_validation,d_99,0
FOODS_0100_CA_2_validation,d_100,0
FOODS_0100_CA_2_validation,d_101,2
FOODS_0100_CA_2_validation,d_102,1
FOODS_0100_CA_2_validation,d_103,0
FOODS_0100_CA_2_validation,d_104,0
FOODS_0100_CA_2_validation,d_105,0
FOODS_0100_CA_2_validation,d_106,1
FOODS_0100_CA_2_validation,d_107,1
FOODS_0100_CA_2_validation,d_108,0
FOODS_0100_CA_2_validation,d_109,0
FOODS_0100_CA_2_validation,d_110,0
FOODS_0100_CA_2_validation,d_111,0
FOODS_0100_CA_2_validation,d_112,0
FOODS_0100_CA_2_validation,d_113,0
FOODS_0100_CA_2_validation,d_114,0
FOODS_0100_CA_2_validation,d_115,0
FOODS_0100_CA_2_validation,d_116,2
FOODS_0100_CA_2_validation,d_117,0
FOODS_0100_CA_2_validation,d_118,1
FOODS_0100_CA_2_validation,d_119,0
FOODS_0100_CA_2_validation,d_120,0
FOODS_0100_CA_2_validation,d_121,4
FOODS_0100_CA_2_validation,d_122,1
FOODS_0100_CA_2_validation,d_123,1
FOODS_0100_CA_2_validation,d_124,0
FOODS_0100_CA_2_validation,d_125,0
FOODS_0100_CA_2_validation,d_126,0
FOODS_0100_CA_2_validation,d_127,1
FOODS_0100_CA_2_validation,d_128,2
FOODS_0100_CA_2_validation,d_129,1
FOODS_0100_CA_2_validation,d_130,0
FOODS_0100_CA_2_validation,d_131,2
FOODS_0100_CA_2_validation,d_132,0
FOODS_0100_CA_2_validation,d_133,0
FOODS_0100_CA_2_validation,d_134,1
FOODS_0100_CA_2_validation,d_135,2
FOODS_0100_CA_2_validation,d_136,1
FOODS_0100_CA_2_validation,d_137,2
FOODS_0100_CA_2_validation,d_138,0
FOODS_0100_CA_2_validation,d_139,1
FOODS_0100_CA_2_validation,d_140,0
FOODS_0100_CA_2_validation,d_141,0
FOODS_0100_CA_2_validation,d_142,0
FOODS_0100_CA_2_validation,d_143,0
FOODS_0100_CA_2_validation,d_144,3
FOODS_0106_WI_2_validation,d_36,0
FOODS_0106_WI_2_validation,d_37,0
FOODS_0106_WI_2_validation,d_38,0
FOODS_0106_WI_2_validation,d_39,0
FOODS_0106_WI_2_validation,d_40,2
FOODS_0106_WI_2_validation,d_41,0
FOODS_0106_WI_2_validation,d_42,0
FOODS_0106_WI_2_validation,d_43,0
FOODS_0106_WI_2_validation,d_44,0
FOODS_0106_WI_2_validation,d_45,0
FOODS_0106_WI_2_validation,d_46,0
FOODS_0106_WI_2_validation,d_47,0
FOODS_0106_WI_2_validation,d_48,0
FOODS_0106_WI_2_validation,d_49,0
FOODS_0106_WI_2_validation,d_50,0
FOODS_0106_WI_2_validation,d_51,0
FOODS_0106_WI_2_validation,d_52,0
FOODS_0106_WI_2_validation,d_53,1
FOODS_0106_WI_2_validation,d_54,0
FOODS_0106_WI_2_validation,d_55,0
FOODS_0106_WI_2_validation,d_56,0
FOODS_0106_WI_2_validation,d_57,1
FOODS_0106_WI_2_validation,d_58,1
FOODS_0106_WI_2_validation,d_59,1
FOODS_0106_WI_2_validation,d_60,0
FOODS_0106_WI_2_validation,d_61,0
FOODS_0106_WI_2_validation,d_62,0
FOODS_0106_WI_2_validation,d_63,0
FOODS_0106_WI_2_validation,d_64,0
FOODS_0106_WI_2_validation,d_65,1
FOODS_0106_WI_2_validation,d_66,0
FOODS_0106_WI_2_validation,d_67,1
FOODS_0106_WI_2_validation,d_68,0
FOODS_0106_WI_2_validation,d_69,0
FOODS_0106_WI_2_validation,d_70,0
FOODS_0106_WI_2_validation,d_71,0
FOODS_0106_WI_2_validation,d_72,0
FOODS_0106_WI_2_validation,d_73,0
FOODS_0106_WI_2_validation,d_74,0
FOODS_0106_WI_2_validation,d_75,0
FOODS_0106_WI_2_validation,d_76,0
FOODS_0106_WI_2_validation,d_77,0
FOODS_0106_WI_2_validation,d_78,0
FOODS_0106_WI_2_validation,d_79,0
FOODS_0106_WI_2_validation,d_80,0
FOODS_0106_WI_2_validation,d_81,0
FOODS_0106_WI_2_validation,d_82,0
FOODS_0106_WI_2_validation,d_83,0
FOODS_0106_WI_2_validation,d_84,0
FOODS_0106_WI_2_validation,d_85,0
FOODS_0106_WI_2_validation,d_86,1
FOODS_0106_WI_2_validation,d_87,1
FOODS_0106_WI_2_validation,d_88,0
FOODS_0106_WI_2_validation,d_89,0
FOODS_0106_WI_2_validation,d_90,0
FOODS_0106_WI_2_validation,d_91,0
FOODS_0106_WI_2_validation,d_92,0
FOODS_0106_WI_2_validation,d_93,0
FOODS_0106_WI_2_validation,d_94,2
FOODS_0106_WI_2_validation,d_95,0
FOODS_0106_WI_2_validation,d_96,0
FOODS_0106_WI_2_validation,d_97,0
FOODS_0106_WI_2_validation,d_98,0
FOODS_0106_WI_2_validation,d_99,1
FOODS_0106_WI_2_validation,d_100,0
FOODS_0106_WI_2_validation,d_101,0
FOODS_0106_WI_2_validation,d_102,0
FOODS_0106_WI_2_validation,d_103,1
FOODS_0106_WI_2_validation,d_104,0
FOODS_0106_WI_2_validation,d_105,0
FOODS_0106_WI_2_validation,d_106,0
FOODS_0106_WI_2_validation,d_107,0
FOODS_0106_WI_2_validation,d_108,0
FOODS_0106_WI_2_validation,d_109,0
FOODS_0106_WI_2_validation,d_110,0
FOODS_0106_WI_2_validation,d_111,0
FOODS_0106_WI_2_validation,d_112,0
FOODS_0106_WI_2_validation,d_113,1
FOODS_0106_WI_2_validation,d_114,0
FOODS_0106_WI_2_validation,d_115,1
FOODS_0106_WI_2_validation,d_116,0
FOODS_0106_WI_2_validation,d_117,0
FOODS_0106_WI_2_validation,d_118,0
FOODS_0106_WI_2_validation,d_119,0
FOODS_0106_WI_2_validation,d_120,0
FOODS_0106_WI_2_validation,d_121,0
FOODS_0106_WI_2_validation,d_122,1
FOODS_0106_WI_2_validation,d_123,1
FOODS_0106_WI_2_validation,d_124,0
FOODS_0106_WI_2_validation,d_125,0
FOODS_0106_WI_2_validation,d_126,0
FOODS_0106_WI_2_validation,d_127,1
FOODS_0106_WI_2_validation,d_128,0
FOODS_0106_WI_2_validation,d_129,2
FOODS_0106_WI_2_validation,d_130,1
FOODS_0106_WI_2_validation,d_131,0
FOODS_0106_WI_2_validation,d_132,0
FOODS_0106_WI_2_validation,d_133,0
FOODS_0106_WI_2_validation,d_134,0
FOODS_0106_WI_2_validation,d_135,0
FOODS_0106_WI_2_validation,d_136,1
FOODS_0106_WI_2_validation,d_137,0
FOODS_0106_WI_2_validation,d_138,0
FOODS_0106_WI_2_validation,d_139,0
FOODS_0106_WI_2_validation,d_140,0
FOODS_0106_WI_2_validation,d_141,0
FOODS_0106_WI_2_validation,d_142,0
FOODS_0106_WI_2_validation,d_143,1
FOODS_0106_WI_2_validation,d_144,2
HOUSEHOLD_0113_TX_3_validation,d_36,0
HOUSEHOLD_0113_TX_3_validation,d_37,0
HOUSEHOLD_0113_TX_3_validation,d_38,2
HOUSEHOLD_0113_TX_3_validation,d_39,1
HOUSEHOLD_0113_TX_3_validation,d_40,1
HOUSEHOLD_0113_TX_3_validation,d_41,0
HOUSEHOLD_0113_TX_3_validation,d_42,0
HOUSEHOLD_0113_TX_3_validation,d_43,0
HOUSEHOLD_0113_TX_3_validation,d_44,1
HOUSEHOLD_0113_TX_3_validation,d_45,2
HOUSEHOLD_0113_TX_3_validation,d_46,0
HOUSEHOLD_0113_TX_3_validation,d_47,0
HOUSEHOLD_0113_TX_3_validation,d_48,1
HOUSEHOLD_0113_TX_3_validation,d_49,2
HOUSEHOLD_0113_TX_3_validation,d_50,1
HOUSEHOLD_0113_TX_3_validation,d_51,1
HOUSEHOLD_0113_TX_3_validation,d_52,1
HOUSEHOLD_0113_TX_3_validation,d_53,0
HOUSEHOLD_0113_TX_3_validation,d_54,2
HOUSEHOLD_0113_TX_3_validation,d_55,0
HOUSEHOLD_0113_TX_3_validation,d_56,0
HOUSEHOLD_0113_TX_3_validation,d_57,0
HOUSEHOLD_0113_TX_3_validation,d_58,1
HOUSEHOLD_0113_TX_3_validation,d_59,1
HOUSEHOLD_0113_TX_3_validation,d_60,0
HOUSEHOLD_0113_TX_3_validation,d_61,0
HOUSEHOLD_0113_TX_3_validation,d_62,0
HOUSEHOLD_0113_TX_3_validation,d_63,0
HOUSEHOLD_0113_TX_3_validation,d_64,1
HOUSEHOLD_0113_TX_3_validation,d_65,1
HOUSEHOLD_0113_TX_3_validation,d_66,1
HOUSEHOLD_0113_TX_3_validation,d_67,0
HOUSEHOLD_0113_TX_3_validation,d_68,0
HOUSEHOLD_0113_TX_3_validation,d_69,1
HOUSEHOLD_0113_TX_3_validation,d_70,0
HOUSEHOLD_0113_TX_3_validation,d_71,0
HOUSEHOLD_0113_TX_3_validation,d_72,0
HOUSEHOLD_0113_TX_3_validation,d_73,1
HOUSEHOLD_0113_TX_3_validation,d_74,0
HOUSEHOLD_0113_TX_3_validation,d_75,0
HOUSEHOLD_0113_TX_3_validation,d_76,0
HOUSEHOLD_0113_TX_3_validation,d_77,1
HOUSEHOLD_0113_TX_3_validation,d_78,0
HOUSEHOLD_0113_TX_3_validation,d_79,0
HOUSEHOLD_0113_TX_3_validation,d_80,1
HOUSEHOLD_0113_TX_3_validation,d_81,1
HOUSEHOLD_0113_TX_3_validation,d_82,1
HOUSEHOLD_0113_TX_3_validation,d_83,1
HOUSEHOLD_0113_TX_3_validation,d_84,0
HOUSEHOLD_0113_TX_3_validation,d_85,2
HOUSEHOLD_0113_TX_3_validation,d_86,0
HOUSEHOLD_0113_TX_3_validation,d_87,1
HOUSEHOLD_0113_TX_3_validation,d_88,1
HOUSEHOLD_0113_TX_3_validation,d_89,0
HOUSEHOLD_0113_TX_3_validation,d_90,0
HOUSEHOLD_0113_TX_3_validation,d_91,1
HOUSEHOLD_0113_TX_3_validation,d_92,0
HOUSEHOLD_0113_TX_3_validation,d_93,4
HOUSEHOLD_0113_TX_3_validation,d_94,2
HOUSEHOLD_0113_TX_3_validation,d_95,1
HOUSEHOLD_0113_TX_3_validation,d_96,0
HOUSEHOLD_0113_TX_3_validation,d_97,0
HOUSEHOLD_0113_TX_3_validation,d_98,0
HOUSEHOLD_0113_TX_3_validation,d_99,1
HOUSEHOLD_0113_TX_3_validation,d_100,0
HOUSEHOLD_0113_TX_3_validation,d_101,1
HOUSEHOLD_0113_TX_3_validation,d_102,1
HOUSEHOLD_0113_TX_3_validation,d_103,1
HOUSEHOLD_0113_TX_3_validation,d_104,0
HOUSEHOLD_0113_TX_3_validation,d_105,1
HOUSEHOLD_0113_TX_3_validation,d_106,0
HOUSEHOLD_0113_TX_3_validation,d_107,0
HOUSEHOLD_0113_TX_3_validation,d_108,2
HOUSEHOLD_0113_TX_3_validation,d_109,1
HOUSEHOLD_0113_TX_3_validation,d_110,0
HOUSEHOLD_0113_TX_3_validation,d_111,1
HOUSEHOLD_0113_TX_3_validation,d_112,0
HOUSEHOLD_0113_TX_3_validation,d_113,2
HOUSEHOLD_0113_TX_3_validation,d_114,1
HOUSEHOLD_0113_TX_3_validation,d_115,0
HOUSEHOLD_0113_TX_3_validation,d_116,1
HOUSEHOLD_0113_TX_3_validation,d_117,1
HOUSEHOLD_0113_TX_3_validation,d_118,0
HOUSEHOLD_0113_TX_3_validation,d_119,1
HOUSEHOLD_0113_TX_3_validation,d_120,1
HOUSEHOLD_0113_TX_3_validation,d_121,0
HOUSEHOLD_0113_TX_3_validation,d_122,3
HOUSEHOLD_0113_TX_3_validation,d_123,1
HOUSEHOLD_0113_TX_3_validation,d_124,2
HOUSEHOLD_0113_TX_3_validation,d_125,0
HOUSEHOLD_0113_TX_3_validation,d_126,1
HOUSEHOLD_0113_TX_3_validation,d_127,1
HOUSEHOLD_0113_TX_3_validation,d_128,0
HOUSEHOLD_0113_TX_3_validation,d_129,4
HOUSEHOLD_0113_TX_3_validation,d_130,0
HOUSEHOLD_0113_TX_3_validation,d_131,0
HOUSEHOLD_0113_TX_3_validation,d_132,2
HOUSEHOLD_0113_TX_3_validation,d_133,0
HOUSEHOLD_0113_TX_3_validation,d_134,0
HOUSEHOLD_0113_TX_3_validation,d_135,2
HOUSEHOLD_0113_TX_3_validation,d_136,1
HOUSEHOLD_0113_TX_3_validation,d_137,1
HOUSEHOLD_0113_TX_3_validation,d_138,0
HOUSEHOLD_0113_TX_3_validation,d_139,0
HOUSEHOLD_0113_TX_3_validation,d_140,1
HOUSEHOLD_0113_TX_3_validation,d_141,0
HOUSEHOLD_0113_TX_3_validation,d_142,1
HOUSEHOLD_0113_TX_3_validation,d_143,1
HOUSEHOLD_0113_TX_3_validation,d_144,2
HOUSEHOLD_0119_CA_3_validation,d_36,0
HOUSEHOLD_0119_CA_3_validation,d_37,1
HOUSEHOLD_0119_CA_3_validation,d_38,0
HOUSEHOLD_0119_CA_3_validation,d_39,1
HOUSEHOLD_0119_CA_3_validation,d_40,0
HOUSEHOLD_0119_CA_3_validation,d_41,0
HOUSEHOLD_0119_CA_3_validation,d_42,0
HOUSEHOLD_0119_CA_3_validation,d_43,0
HOUSEHOLD_0119_CA_3_validation,d_44,0
HOUSEHOLD_0119_CA_3_validation,d_45,1
HOUSEHOLD_0119_CA_3_validation,d_46,0
HOUSEHOLD_0119_CA_3_validation,d_47,0
HOUSEHOLD_0119_CA_3_validation,d_48,1
HOUSEHOLD_0119_CA_3_validation,d_49,0
HOUSEHOLD_0119_CA_3_validation,d_50,0
HOUSEHOLD_0119_CA_3_validation,d_51,1
HOUSEHOLD_0119_CA_3_validation,d_52,3
HOUSEHOLD_0119_CA_3_validation,d_53,1
HOUSEHOLD_0119_CA_3_validation,d_54,0
HOUSEHOLD_0119_CA_3_validation,d_55,0
HOUSEHOLD_0119_CA_3_validation,d_56,0
HOUSEHOLD_0119_CA_3_validation,d_57,2
HOUSEHOLD_0119_CA_3_validation,d_58,1
HOUSEHOLD_0119_CA_3_validation,d_59,1
HOUSEHOLD_0119_CA_3_validation,d_60,1
HOUSEHOLD_0119_CA_3_validation,d_61,0
HOUSEHOLD_0119_CA_3_validation,d_62,0
HOUSEHOLD_0119_CA_3_validation,d_63,0
HOUSEHOLD_0119_CA_3_validation,d_64,1
HOUSEHOLD_0119_CA_3_validation,d_65,1
HOUSEHOLD_0119_CA_3_validation,d_66,1
HOUSEHOLD_0119_CA_3_validation,d_67,2
HOUSEHOLD_0119_CA_3_validation,d_68,0
HOUSEHOLD_0119_CA_3_validation,d_69,0
HOUSEHOLD_0119_CA_3_validation,d_70,0
HOUSEHOLD_0119_CA_3_validation,d_71,0
HOUSEHOLD_0119_CA_3_validation,d_72,1
HOUSEHOLD_0119_CA_3_validation,d_73,0
HOUSEHOLD_0119_CA_3_validation,d_74,0
HOUSEHOLD_0119_CA_3_validation,d_75,0
HOUSEHOLD_0119_CA_3_validation,d_76,0
HOUSEHOLD_0119_CA_3_validation,d_77,0
HOUSEHOLD_0119_CA_3_validation,d_78,0
HOUSEHOLD_0119_CA_3_validation,d_79,1
HOUSEHOLD_0119_CA_3_validation,d_80,1
HOUSEHOLD_0119_CA_3_validation,d_81,1
HOUSEHOLD_0119_CA_3_validation,d_82,0
HOUSEHOLD_0119_CA_3_validation,d_83,0
HOUSEHOLD_0119_CA_3_validation,d_84,0
HOUSEHOLD_0119_CA_3_validation,d_85,0
HOUSEHOLD_0119_CA_3_validation,d_86,2
HOUSEHOLD_0119_CA_3_validation,d_87,0
HOUSEHOLD_0119_CA_3_validation,d_88,0
HOUSEHOLD_0119_CA_3_validation,d_89,0
HOUSEHOLD_0119_CA_3_validation,d_90,0
HOUSEHOLD_0119_CA_3_validation,d_91,0
HOUSEHOLD_0119_CA_3_validation,d_92,1
HOUSEHOLD_0119_CA_3_validation,d_93,0
HOUSEHOLD_0119_CA_3_validation,d_94,1
HOUSEHOLD_0119_CA_3_validation,d_95,0
HOUSEHOLD_0119_CA_3_validation,d_96,1
HOUSEHOLD_0119_CA_3_validation,d_97,0
HOUSEHOLD_0119_CA_3_validation,d_98,0
HOUSEHOLD_0119_CA_3_validation,d_99,1
HOUSEHOLD_0119_CA_3_validation,d_100,0
HOUSEHOLD_0119_CA_3_validation,d_101,2
HOUSEHOLD_0119_CA_3_validation,d_102,1
HOUSEHOLD_0119_CA_3_validation,d_103,0
HOUSEHOLD_0119_CA_3_validation,d_104,0
HOUSEHOLD_0119_CA_3_validation,d_105,0
HOUSEHOLD_0119_CA_3_validation,d_106,1
HOUSEHOLD_0119_CA_3_validation,d_107,0
HOUSEHOLD_0119_CA_3_validation,d_108,0
HOUSEHOLD_0119_CA_3_validation,d_109,1
HOUSEHOLD_0119_CA_3_validation,d_110,0
HOUSEHOLD_0119_CA_3_validation,d_111,0
HOUSEHOLD_0119_CA_3_validation,d_112,0
HOUSEHOLD_0119_CA_3_validation,d_113,0
HOUSEHOLD_0119_CA_3_validation,d_114,2
HOUSEHOLD_0119_CA_3_validation,d_115,0
HOUSEHOLD_0119_CA_3_validation,d_116,1
HOUSEHOLD_0119_CA_3_validation,d_117,0
HOUSEHOLD_0119_CA_3_validation,d_118,0
HOUSEHOLD_0119_CA_3_validation,d_119,0
HOUSEHOLD_0119_CA_3_validation,d_120,1
HOUSEHOLD_0119_CA_3_validation,d_121,0
HOUSEHOLD_0119_CA_3_validation,d_122,0
HOUSEHOLD_0119_CA_3_validation,d_123,1
HOUSEHOLD_0119_CA_3_validation,d_124,1
HOUSEHOLD_0119_CA_3_validation,d_125,0
HOUSEHOLD_0119_CA_3_validation,d_126,0
HOUSEHOLD_0119_CA_3_validation,d_127,0
HOUSEHOLD_0119_CA_3_validation,d_128,0
HOUSEHOLD_0119_CA_3_validation,d_129,0
HOUSEHOLD_0119_CA_3_validation,d_130,1
HOUSEHOLD_0119_CA_3_validation,d_131,0
HOUSEHOLD_0119_CA_3_validation,d_132,0
HOUSEHOLD_0119_CA_3_validation,d_133,0
HOUSEHOLD_0119_CA_3_validation,d_134,1
HOUSEHOLD_0119_CA_3_validation,d_135,2
HOUSEHOLD_0119_CA_3_validation,d_136,0
HOUSEHOLD_0119_CA_3_validation,d_137,1
HOUSEHOLD_0119_CA_3_validation,d_138,1
HOUSEHOLD_0119_CA_3_validation,d_139,0
HOUSEHOLD_0119_CA_3_validation,d_140,0
HOUSEHOLD_0119_CA_3_validation,d_141,0
HOUSEHOLD_0119_CA_3_validation,d_142,0
HOUSEHOLD_0119_CA_3_validation,d_143,1
HOUSEHOLD_0119_CA_3_validation,d_144,1
FOODS_0124_WI_2_validation,d_36,0
FOODS_0124_WI_2_validation,d_37,1
FOODS_0124_WI_2_validation,d_38,1
FOODS_0124_WI_2_validation,d_39,0
FOODS_0124_WI_2_validation,d_40,0
FOODS_0124_WI_2_validation,d_41,0
FOODS_0124_WI_2_validation,d_42,0
FOODS_0124_WI_2_validation,d_43,0
FOODS_0124_WI_2_validation,d_44,0
FOODS_0124_WI_2_validation,d_45,0
FOODS_0124_WI_2_validation,d_46,0
FOODS_0124_WI_2_validation,d_47,0
FOODS_0124_WI_2_validation,d_48,0
FOODS_0124_WI_2_validation,d_49,0
FOODS_0124_WI_2_validation,d_50,0
FOODS_0124_WI_2_validation,d_51,0
FOODS_0124_WI_2_validation,d_52,2
FOODS_0124_WI_2_validation,d_53,1
FOODS_0124_WI_2_validation,d_54,0
FOODS_0124_WI_2_validation,d_55,0
FOODS_0124_WI_2_validation,d_56,0
FOODS_0124_WI_2_validation,d_57,0
FOODS_0124_WI_2_validation,d_58,0
FOODS_0124_WI_2_validation,d_59,1
FOODS_0124_WI_2_validation,d_60,0
FOODS_0124_WI_2_validation,d_61,0
FOODS_0124_WI_2_validation,d_62,0
FOODS_0124_WI_2_validation,d_63,0
FOODS_0124_WI_2_validation,d_64,0
FOODS_0124_WI_2_validation,d_65,0
FOODS_0124_WI_2_validation,d_66,0
FOODS_0124_WI_2_validation,d_67,0
FOODS_0124_WI_2_validation,d_68,0
FOODS_0124_WI_2_validation,d_69,0
FOODS_0124_WI_2_validation,d_70,0
FOODS_0124_WI_2_validation,d_71,0
FOODS_0124_WI_2_validation,d_72,0
FOODS_0124_WI_2_validation,d_73,0
FOODS_0124_WI_2_validation,d_74,0
FOODS_0124_WI_2_validation,d_75,0
FOODS_0124_WI_2_validation,d_76,0
FOODS_0124_WI_2_validation,d_77,0
FOODS_0124_WI_2_validation,d_78,0
FOODS_0124_WI_2_validation,d_79,1
FOODS_0124_WI_2_validation,d_80,1
FOODS_0124_WI_2_validation,d_81,0
FOODS_0124_WI_2_validation,d_82,0
FOODS_0124_WI_2_validation,d_83,0
FOODS_0124_WI_2_validation,d_84,0
FOODS_0124_WI_2_validation,d_85,2
FOODS_0124_WI_2_validation,d_86,1
FOODS_0124_WI_2_validation,d_87,0
FOODS_0124_WI_2_validation,d_88,0
FOODS_0124_WI_2_validation,d_89,0
FOODS_0124_WI_2_validation,d_90,0
FOODS_0124_WI_2_validation,d_91,0
FOODS_0124_WI_2_validation,d_92,0
FOODS_0124_WI_2_validation,d_93,1
FOODS_0124_WI_2_validation,d_94,1
FOODS_0124_WI_2_validation,d_95,1
FOODS_0124_WI_2_validation,d_96,0
FOODS_0124_WI_2_validation,d_97,0
FOODS_0124_WI_2_validation,d_98,0
FOODS_0124_WI_2_validation,d_99,0
FOODS_0124_WI_2_validation,d_100,1
FOODS_0124_WI_2_validation,d_101,0
FOODS_0124_WI_2_validation,d_102,0
FOODS_0124_WI_2_validation,d_103,0
FOODS_0124_WI_2_validation,d_104,0
FOODS_0124_WI_2_validation,d_105,0
FOODS_0124_WI_2_validation,d_106,0
FOODS_0124_WI_2_validation,d_107,0
FOODS_0124_WI_2_validation,d_108,0
FOODS_0124_WI_2_validation,d_109,1
FOODS_0124_WI_2_validation,d_110,0
FOODS_0124_WI_2_validation,d_111,0
FOODS_0124_WI_2_validation,d_112,0
FOODS_0124_WI_2_validation,d_113,0
FOODS_0124_WI_2_validation,d_114,1
FOODS_0124_WI_2_validation,d_115,1
FOODS_0124_WI_2_validation,d_116,0
FOODS_0124_WI_2_validation,d_117,1
FOODS_0124_WI_2_validation,d_118,0
FOODS_0124_WI_2_validation,d_119,1
FOODS_0124_WI_2_validation,d_120,1
FOODS_0124_WI_2_validation,d_121,0
FOODS_0124_WI_2_validation,d_122,1
FOODS_0124_WI_2_validation,d_123,0
FOODS_0124_WI_2_validation,d_124,1
FOODS_0124_WI_2_validation,d_125,1
FOODS_0124_WI_2_validation,d_126,0
FOODS_0124_WI_2_validation,d_127,0
FOODS_0124_WI_2_validation,d_128,1
FOODS_0124_WI_2_validation,d_129,0
FOODS_0124_WI_2_validation,d_130,2
FOODS_0124_WI_2_validation,d_131,1
FOODS_0124_WI_2_validation,d_132,0
FOODS_0124_WI_2_validation,d_133,0
FOODS_0124_WI_2_validation,d_134,0
FOODS_0124_WI_2_validation,d_135,0
FOODS_0124_WI_2_validation,d_136,0
FOODS_0124_WI_2_validation,d_137,0
FOODS_0124_WI_2_validation,d_138,0
FOODS_0124_WI_2_validation,d_139,0
FOODS_0124_WI_2_validation,d_140,0
FOODS_0124_WI_2_validation,d_141,0
FOODS_0124_WI_2_validation,d_142,0
FOODS_0124_WI_2_validation,d_143,3
FOODS_0124_WI_2_validation,d_144,1
HOBBIES_0126_CA_1_validation,d_36,1
HOBBIES_0126_CA_1_validation,d_37,3
HOBBIES_0126_CA_1_validation,d_38,1
HOBBIES_0126_CA_1_validation,d_39,2
HOBBIES_0126_CA_1_validation,d_40,1
HOBBIES_0126_CA_1_validation,d_41,0
HOBBIES_0126_CA_1_validation,d_42,0
HOBBIES_0126_CA_1_validation,d_43,0
HOBBIES_0126_CA_1_validation,d_44,1
HOBBIES_0126_CA_1_validation,d_45,1
HOBBIES_0126_CA_1_validation,d_46,1
HOBBIES_0126_CA_1_validation,d_47,2
HOBBIES_0126_CA_1_validation,d_48,2
HOBBIES_0126_CA_1_validation,d_49,0
HOBBIES_0126_CA_1_validation,d_50,1
HOBBIES_0126_CA_1_validation,d_51,0
HOBBIES_0126_CA_1_validation,d_52,0
HOBBIES_0126_CA_1_validation,d_53,2
HOBBIES_0126_CA_1_validation,d_54,0
HOBBIES_0126_CA_1_validation,d_55,0
HOBBIES_0126_CA_1_validation,d_56,0
HOBBIES_0126_CA_1_validation,d_57,0
HOBBIES_0126_CA_1_validation,d_58,3
HOBBIES_0126_CA_1_validation,d_59,2
HOBBIES_0126_CA_1_validation,d_60,2
HOBBIES_0126_CA_1_validation,d_61,4
HOBBIES_0126_CA_1_validation,d_62,1
HOBBIES_0126_CA_1_validation,d_63,1
HOBBIES_0126_CA_1_validation,d_64,1
HOBBIES_0126_CA_1_validation,d_65,2
HOBBIES_0126_CA_1_validation,d_66,2
HOBBIES_0126_CA_1_validation,d_67,4
HOBBIES_0126_CA_1_validation,d_68,2
HOBBIES_0126_CA_1_validation,d_69,1
HOBBIES_0126_CA_1_validation,d_70,1
HOBBIES_0126_CA_1_validation,d_71,2
HOBBIES_0126_CA_1_validation,d_72,0
HOBBIES_0126_CA_1_validation,d_73,5
HOBBIES_0126_CA_1_validation,d_74,2
HOBBIES_0126_CA_1_validation,d_75,1
HOBBIES_0126_CA_1_validation,d_76,1
HOBBIES_0126_CA_1_validation,d_77,0
HOBBIES_0126_CA_1_validation,d_78,2
HOBBIES_0126_CA_1_validation,d_79,3
HOBBIES_0126_CA_1_validation,d_80,2
HOBBIES_0126_CA_1_validation,d_81,1
HOBBIES_0126_CA_1_validation,d_82,1
HOBBIES_0126_CA_1_validation,d_83,1
HOBBIES_0126_CA_1_validation,d_84,1
HOBBIES_0126_CA_1_validation,d_85,1
HOBBIES_0126_CA_1_validation,d_86,2
HOBBIES_0126_CA_1_validation,d_87,1
HOBBIES_0126_CA_1_validation,d_88,2
HOBBIES_0126_CA_1_validation,d_89,4
HOBBIES_0126_CA_1_validation,d_90,2
HOBBIES_0126_CA_1_validation,d_91,2
HOBBIES_0126_CA_1_validation,d_92,3
HOBBIES_0126_CA_1_validation,d_93,1
HOBBIES_0126_CA_1_validation,d_94,4
HOBBIES_0126_CA_1_validation,d_95,3
HOBBIES_0126_CA_1_validation,d_96,1
HOBBIES_0126_CA_1_validation,d_97,0
HOBBIES_0126_CA_1_validation,d_98,1
HOBBIES_0126_CA_1_validation,d_99,1
HOBBIES_0126_CA_1_validation,d_100,2
HOBBIES_0126_CA_1_validation,d_101,4
HOBBIES_0126_CA_1_validation,d_102,4
HOBBIES_0126_CA_1_validation,d_103,1
HOBBIES_0126_CA_1_validation,d_104,2
HOBBIES_0126_CA_1_validation,d_105,1
HOBBIES_0126_CA_1_validation,d_106,1
HOBBIES_0126_CA_1_validation,d_107,2
HOBBIES_0126_CA_1_validation,d_108,1
HOBBIES_0126_CA_1_validation,d_109,2
HOBBIES_0126_CA_1_validation,d_110,3
HOBBIES_0126_CA_1_validation,d_111,1
HOBBIES_0126_CA_1_validation,d_112,0
HOBBIES_0126_CA_1_validation,d_113,2
HOBBIES_0126_CA_1_validation,d_114,3
HOBBIES_0126_CA_1_validation,d_115,2
HOBBIES_0126_CA_1_validation,d_116,0
HOBBIES_0126_CA_1_validation,d_117,2
HOBBIES_0126_CA_1_validation,d_118,2
HOBBIES_0126_CA_1_validation,d_119,1
HOBBIES_0126_CA_1_validation,d_120,0
HOBBIES_0126_CA_1_validation,d_121,1
HOBBIES_0126_CA_1_validation,d_122,2
HOBBIES_0126_CA_1_validation,d_123,1
HOBBIES_0126_CA_1_validation,d_124,3
HOBBIES_0126_CA_1_validation,d_125,0
HOBBIES_0126_CA_1_validation,d_126,3
HOBBIES_0126_CA_1_validation,d_127,2
HOBBIES_0126_CA_1_validation,d_128,1
HOBBIES_0126_CA_1_validation,d_129,3
HOBBIES_0126_CA_1_validation,d_130,2
HOBBIES_0126_CA_1_validation,d_131,3
HOBBIES_0126_CA_1_validation,d_132,0
HOBBIES_0126_CA_1_validation,d_133,0
HOBBIES_0126_CA_1_validation,d_134,2
HOBBIES_0126_CA_1_validation,d_135,0
HOBBIES_0126_CA_1_validation,d_136,1
HOBBIES_0126_CA_1_validation,d_137,3
HOBBIES_0126_CA_1_validation,d_138,1
HOBBIES_0126_CA_1_validation,d_139,2
HOBBIES_0126_CA_1_validation,d_140,2
HOBBIES_0126_CA_1_validation,d_141,3
HOBBIES_0126_CA_1_validation,d_142,1
HOBBIES_0126_CA_1_validation,d_143,4
HOBBIES_0126_CA_1_validation,d_144,4
HOUSEHOLD_0131_TX_3_validation,d_36,0
HOUSEHOLD_0131_TX_3_validation,d_37,0
HOUSEHOLD_0131_TX_3_validation,d_38,2
HOUSEHOLD_0131_TX_3_validation,d_39,0
HOUSEHOLD_0131_TX_3_validation,d_40,1
HOUSEHOLD_0131_TX_3_validation,d_41,0
HOUSEHOLD_0131_TX_3_validation,d_42,0
HOUSEHOLD_0131_TX_3_validation,d_43,0
HOUSEHOLD_0131_TX_3_validation,d_44,0
HOUSEHOLD_0131_TX_3_validation,d_45,0
HOUSEHOLD_0131_TX_3_validation,d_46,0
HOUSEHOLD_0131_TX_3_validation,d_47,0
HOUSEHOLD_0131_TX_3_validation,d_48,0
HOUSEHOLD_0131_TX_3_validation,d_49,0
HOUSEHOLD_0131_TX_3_validation,d_50,0
HOUSEHOLD_0131_TX_3_validation,d_51,0
HOUSEHOLD_0131_TX_3_validation,d_52,1
HOUSEHOLD_0131_TX_3_validation,d_53,1
HOUSEHOLD_0131_TX_3_validation,d_54,1
HOUSEHOLD_0131_TX_3_validation,d_55,0
HOUSEHOLD_0131_TX_3_validation,d_56,0
HOUSEHOLD_0131_TX_3_validation,d_57,0
HOUSEHOLD_0131_TX_3_validation,d_58,1
HOUSEHOLD_0131_TX_3_validation,d_59,0
HOUSEHOLD_0131_TX_3_validation,d_60,1
HOUSEHOLD_0131_TX_3_validation,d_61,0
HOUSEHOLD_0131_TX_3_validation,d_62,0
HOUSEHOLD_0131_TX_3_validation,d_63,0
HOUSEHOLD_0131_TX_3_validation,d_64,0
HOUSEHOLD_0131_TX_3_validation,d_65,1
HOUSEHOLD_0131_TX_3_validation,d_66,0
HOUSEHOLD_0131_TX_3_validation,d_67,0
HOUSEHOLD_0131_TX_3_validation,d_68,0
HOUSEHOLD_0131_TX_3_validation,d_69,0
HOUSEHOLD_0131_TX_3_validation,d_70,0
HOUSEHOLD_0131_TX_3_validation,d_71,0
HOUSEHOLD_0131_TX_3_validation,d_72,1
HOUSEHOLD_0131_TX_3_validation,d_73,0
HOUSEHOLD_0131_TX_3_validation,d_74,1
HOUSEHOLD_0131_TX_3_validation,d_75,0
HOUSEHOLD_0131_TX_3_validation,d_76,0
HOUSEHOLD_0131_TX_3_validation,d_77,0
HOUSEHOLD_0131_TX_3_validation,d_78,0
HOUSEHOLD_0131_TX_3_validation,d_79,0
HOUSEHOLD_0131_TX_3_validation,d_80,2
HOUSEHOLD_0131_TX_3_validation,d_81,0
HOUSEHOLD_0131_TX_3_validation,d_82,0
HOUSEHOLD_0131_TX_3_validation,d_83,0
HOUSEHOLD_0131_TX_3_validation,d_84,0
HOUSEHOLD_0131_TX_3_validation,d_85,1
HOUSEHOLD_0131_TX_3_validation,d_86,2
HOUSEHOLD_0131_TX_3_validation,d_87,2
HOUSEHOLD_0131_TX_3_validation,d_88,0
HOUSEHOLD_0131_TX_3_validation,d_89,0
HOUSEHOLD_0131_TX_3_validation,d_90,0
HOUSEHOLD_0131_TX_3_validation,d_91,0
HOUSEHOLD_0131_TX_3_validation,d_92,0
HOUSEHOLD_0131_TX_3_validation,d_93,0
HOUSEHOLD_0131_TX_3_validation,d_94,0
HOUSEHOLD_0131_TX_3_validation,d_95,0
HOUSEHOLD_0131_TX_3_validation,d_96,0
HOUSEHOLD_0131_TX_3_validation,d_97,0
HOUSEHOLD_0131_TX_3_validation,d_98,0
HOUSEHOLD_0131_TX_3_validation,d_99,0
HOUSEHOLD_0131_TX_3_validation,d_100,0
HOUSEHOLD_0131_TX_3_validation,d_101,0
HOUSEHOLD_0131_TX_3_validation,d_102,0
HOUSEHOLD_0131_TX_3_validation,d_103,0
HOUSEHOLD_0131_TX_3_validation,d_104,0
HOUSEHOLD_0131_TX_3_validation,d_105,0
HOUSEHOLD_0131_TX_3_validation,d_106,0
HOUSEHOLD_0131_TX_3_validation,d_107,0
HOUSEHOLD_0131_TX_3_validation,d_108,0
HOUSEHOLD_0131_TX_3_validation,d_109,0
HOUSEHOLD_0131_TX_3_validation,d_110,0
HOUSEHOLD_0131_TX_3_validation,d_111,0
HOUSEHOLD_0131_TX_3_validation,d_112,0
HOUSEHOLD_0131_TX_3_validation,d_113,0
HOUSEHOLD_0131_TX_3_validation,d_114,0
HOUSEHOLD_0131_TX_3_validation,d_115,0
HOUSEHOLD_0131_TX_3_validation,d_116,1
HOUSEHOLD_0131_TX_3_validation,d_117,0
HOUSEHOLD_0131_TX_3_validation,d_118,0
HOUSEHOLD_0131_TX_3_validation,d_119,0
HOUSEHOLD_0131_TX_3_validation,d_120,0
HOUSEHOLD_0131_TX_3_validation,d_121,1
HOUSEHOLD_0131_TX_3_validation,d_122,2
HOUSEHOLD_0131_TX_3_validation,d_123,1
HOUSEHOLD_0131_TX_3_validation,d_124,1
HOUSEHOLD_0131_TX_3_validation,d_125,0
HOUSEHOLD_0131_TX_3_validation,d_126,0
HOUSEHOLD_0131_TX_3_validation,d_127,1
HOUSEHOLD_0131_TX_3_validation,d_128,1
HOUSEHOLD_0131_TX_3_validation,d_129,0
HOUSEHOLD_0131_TX_3_validation,d_130,1
HOUSEHOLD_0131_TX_3_validation,d_131,0
HOUSEHOLD_0131_TX_3_validation,d_132,0
HOUSEHOLD_0131_TX_3_validation,d_133,0
HOUSEHOLD_0131_TX_3_validation,d_134,0
HOUSEHOLD_0131_TX_3_validation,d_135,1
HOUSEHOLD_0131_TX_3_validation,d_136,1
HOUSEHOLD_0131_TX_3_validation,d_137,0
HOUSEHOLD_0131_TX_3_validation,d_138,0
HOUSEHOLD_0131_TX_3_validation,d_139,0
HOUSEHOLD_0131_TX_3_validation,d_140,0
HOUSEHOLD_0131_TX_3_validation,d_141,0
HOUSEHOLD_0131_TX_3_validation,d_142,1
HOUSEHOLD_0131_TX_3_validation,d_143,2
HOUSEHOLD_0131_TX_3_validation,d_144,0
HOUSEHOLD_0134_WI_3_validation,d_36,3
HOUSEHOLD_0134_WI_3_validation,d_37,2
HOUSEHOLD_0134_WI_3_validation,d_38,0
HOUSEHOLD_0134_WI_3_validation,d_39,1
HOUSEHOLD_0134_WI_3_validation,d_40,0
HOUSEHOLD_0134_WI_3_validation,d_41,0
HOUSEHOLD_0134_WI_3_validation,d_42,0
HOUSEHOLD_0134_WI_3_validation,d_43,0
HOUSEHOLD_0134_WI_3_validation,d_44,1
HOUSEHOLD_0134_WI_3_validation,d_45,0
HOUSEHOLD_0134_WI_3_validation,d_46,0
HOUSEHOLD_0134_WI_3_validation,d_47,0
HOUSEHOLD_0134_WI_3_validation,d_48,0
HOUSEHOLD_0134_WI_3_validation,d_49,0
HOUSEHOLD_0134_WI_3_validation,d_50,1
HOUSEHOLD_0134_WI_3_validation,d_51,2
HOUSEHOLD_0134_WI_3_validation,d_52,0
HOUSEHOLD_0134_WI_3_validation,d_53,1
HOUSEHOLD_0134_WI_3_validation,d_54,0
HOUSEHOLD_0134_WI_3_validation,d_55,0
HOUSEHOLD_0134_WI_3_validation,d_56,0
HOUSEHOLD_0134_WI_3_validation,d_57,0
HOUSEHOLD_0134_WI_3_validation,d_58,1
HOUSEHOLD_0134_WI_3_validation,d_59,3
HOUSEHOLD_0134_WI_3_validation,d_60,1
HOUSEHOLD_0134_WI_3_validation,d_61,1
HOUSEHOLD_0134_WI_3_validation,d_62,0
HOUSEHOLD_0134_WI_3_validation,d_63,2
HOUSEHOLD_0134_WI_3_validation,d_64,0
HOUSEHOLD_0134_WI_3_validation,d_65,0
HOUSEHOLD_0134_WI_3_validation,d_66,1
HOUSEHOLD_0134_WI_3_validation,d_67,1
HOUSEHOLD_0134_WI_3_validation,d_68,0
HOUSEHOLD_0134_WI_3_validation,d_69,0
HOUSEHOLD_0134_WI_3_validation,d_70,0
HOUSEHOLD_0134_WI_3_validation,d_71,1
HOUSEHOLD_0134_WI_3_validation,d_72,4
HOUSEHOLD_0134_WI_3_validation,d_73,5
HOUSEHOLD_0134_WI_3_validation,d_74,0
HOUSEHOLD_0134_WI_3_validation,d_75,2
HOUSEHOLD_0134_WI_3_validation,d_76,0
HOUSEHOLD_0134_WI_3_validation,d_77,0
HOUSEHOLD_0134_WI_3_validation,d_78,0
HOUSEHOLD_0134_WI_3_validation,d_79,0
HOUSEHOLD_0134_WI_3_validation,d_80,1
HOUSEHOLD_0134_WI_3_validation,d_81,1
HOUSEHOLD_0134_WI_3_validation,d_82,0
HOUSEHOLD_0134_WI_3_validation,d_83,0
HOUSEHOLD_0134_WI_3_validation,d_84,0
HOUSEHOLD_0134_WI_3_validation,d_85,0
HOUSEHOLD_0134_WI_3_validation,d_86,2
HOUSEHOLD_0134_WI_3_validation,d_87,1
HOUSEHOLD_0134_WI_3_validation,d_88,1
HOUSEHOLD_0134_WI_3_validation,d_89,0
HOUSEHOLD_0134_WI_3_validation,d_90,1
HOUSEHOLD_0134_WI_3_validation,d_91,0
HOUSEHOLD_0134_WI_3_validation,d_92,2
HOUSEHOLD_0134_WI_3_validation,d_93,0
HOUSEHOLD_0134_WI_3_validation,d_94,0
HOUSEHOLD_0134_WI_3_validation,d_95,0
HOUSEHOLD_0134_WI_3_validation,d_96,1
HOUSEHOLD_0134_WI_3_validation,d_97,0
HOUSEHOLD_0134_WI_3_validation,d_98,0
HOUSEHOLD_0134_WI_3_validation,d_99,0
HOUSEHOLD_0134_WI_3_validation,d_100,0
HOUSEHOLD_0134_WI_3_validation,d_101,0
HOUSEHOLD_0134_WI_3_validation,d_102,0
HOUSEHOLD_0134_WI_3_validation,d_103,0
HOUSEHOLD_0134_WI_3_validation,d_104,0
HOUSEHOLD_0134_WI_3_validation,d_105,0
HOUSEHOLD_0134_WI_3_validation,d_106,1
HOUSEHOLD_0134_WI_3_validation,d_107,1
HOUSEHOLD_0134_WI_3_validation,d_108,0
HOUSEHOLD_0134_WI_3_validation,d_109,0
HOUSEHOLD_0134_WI_3_validation,d_110,0
HOUSEHOLD_0134_WI_3_validation,d_111,0
HOUSEHOLD_0134_WI_3_validation,d_112,0
HOUSEHOLD_0134_WI_3_validation,d_113,0
HOUSEHOLD_0134_WI_3_validation,d_114,2
HOUSEHOLD_0134_WI_3_validation,d_115,1
HOUSEHOLD_0134_WI_3_validation,d_116,1
HOUSEHOLD_0134_WI_3_validation,d_117,0
HOUSEHOLD_0134_WI_3_validation,d_118,0
HOUSEHOLD_0134_WI_3_validation,d_119,1
HOUSEHOLD_0134_WI_3_validation,d_120,2
HOUSEHOLD_0134_WI_3_validation,d_121,0
HOUSEHOLD_0134_WI_3_validation,d_122,3
HOUSEHOLD_0134_WI_3_validation,d_123,1
HOUSEHOLD_0134_WI_3_validation,d_124,3
HOUSEHOLD_0134_WI_3_validation,d_125,0
HOUSEHOLD_0134_WI_3_validation,d_126,2
HOUSEHOLD_0134_WI_3_validation,d_127,0
HOUSEHOLD_0134_WI_3_validation,d_128,0
HOUSEHOLD_0134_WI_3_validation,d_129,0
HOUSEHOLD_0134_WI_3_validation,d_130,1
HOUSEHOLD_0134_WI_3_validation,d_131,0
HOUSEHOLD_0134_WI_3_validation,d_132,0
HOUSEHOLD_0134_WI_3_validation,d_133,0
HOUSEHOLD_0134_WI_3_validation,d_134,2
HOUSEHOLD_0134_WI_3_validation,d_135,1
HOUSEHOLD_0134_WI_3_validation,d_136,1
HOUSEHOLD_0134_WI_3_validation,d_137,3
HOUSEHOLD_0134_WI_3_validation,d_138,0
HOUSEHOLD_0134_WI_3_validation,d_139,0
HOUSEHOLD_0134_WI_3_validation,d_140,1
HOUSEHOLD_0134_WI_3_validation,d_141,1
HOUSEHOLD_0134_WI_3_validation,d_142,2
HOUSEHOLD_0134_WI_3_validation,d_143,1
HOUSEHOLD_0134_WI_3_validation,d_144,2
FOODS_0136_CA_2_validation,d_36,0
FOODS_0136_CA_2_validation,d_37,0
FOODS_0136_CA_2_validation,d_38,1
FOODS_0136_CA_2_validation,d_39,0
FOODS_0136_CA_2_validation,d_40,0
FOODS_0136_CA_2_validation,d_41,0
FOODS_0136_CA_2_validation,d_42,0
FOODS_0136_CA_2_validation,d_43,0
FOODS_0136_CA_2_validation,d_44,0
FOODS_0136_CA_2_validation,d_45,1
FOODS_0136_CA_2_validation,d_46,0
FOODS_0136_CA_2_validation,d_47,0
FOODS_0136_CA_2_validation,d_48,0
FOODS_0136_CA_2_validation,d_49,0
FOODS_0136_CA_2_validation,d_50,0
FOODS_0136_CA_2_validation,d_51,0
FOODS_0136_CA_2_validation,d_52,1
FOODS_0136_CA_2_validation,d_53,0
FOODS_0136_CA_2_validation,d_54,0
FOODS_0136_CA_2_validation,d_55,0
FOODS_0136_CA_2_validation,d_56,0
FOODS_0136_CA_2_validation,d_57,0
FOODS_0136_CA_2_validation,d_58,3
FOODS_0136_CA_2_validation,d_59,0
FOODS_0136_CA_2_validation,d_60,0
FOODS_0136_CA_2_validation,d_61,0
FOODS_0136_CA_2_validation,d_62,0
FOODS_0136_CA_2_validation,d_63,0
FOODS_0136_CA_2_validation,d_64,0
FOODS_0136_CA_2_validation,d_65,1
FOODS_0136_CA_2_validation,d_66,0
FOODS_0136_CA_2_validation,d_67,1
FOODS_0136_CA_2_validation,d_68,0
FOODS_0136_CA_2_validation,d_69,0
FOODS_0136_CA_2_validation,d_70,0
FOODS_0136_CA_2_validation,d_71,1
FOODS_0136_CA_2_validation,d_72,0
FOODS_0136_CA_2_validation,d_73,0
FOODS_0136_CA_2_validation,d_74,0
FOODS_0136_CA_2_validation,d_75,0
FOODS_0136_CA_2_validation,d_76,0
FOODS_0136_CA_2_validation,d_77,0
FOODS_0136_CA_2_validation,d_78,0
FOODS_0136_CA_2_validation,d_79,3
FOODS_0136_CA_2_validation,d_80,0
FOODS_0136_CA_2_validation,d_81,1
FOODS_0136_CA_2_validation,d_82,0
FOODS_0136_CA_2_validation,d_83,0
FOODS_0136_CA_2_validation,d_84,0
FOODS_0136_CA_2_validation,d_85,0
FOODS_0136_CA_2_validation,d_86,0
FOODS_0136_CA_2_validation,d_87,1
FOODS_0136_CA_2_validation,d_88,2
FOODS_0136_CA_2_validation,d_89,0
FOODS_0136_CA_2_validation,d_90,0
FOODS_0136_CA_2_validation,d_91,0
FOODS_0136_CA_2_validation,d_92,0
FOODS_0136_CA_2_validation,d_93,0
FOODS_0136_CA_2_validation,d_94,0
FOODS_0136_CA_2_validation,d_95,0
FOODS_0136_CA_2_validation,d_96,0
FOODS_0136_CA_2_validation,d_97,1
FOODS_0136_CA_2_validation,d_98,0
FOODS_0136_CA_2_validation,d_99,0
FOODS_0136_CA_2_validation,d_100,1
FOODS_0136_CA_2_validation,d_101,1
FOODS_0136_CA_2_validation,d_102,0
FOODS_0136_CA_2_validation,d_103,0
FOODS_0136_CA_2_validation,d_104,0
FOODS_0136_CA_2_validation,d_105,0
FOODS_0136_CA_2_validation,d_106,0
FOODS_0136_CA_2_validation,d_107,0
FOODS_0136_CA_2_validation,d_108,0
FOODS_0136_CA_2_validation,d_109,1
FOODS_0136_CA_2_validation,d_110,0
FOODS_0136_CA_2_validation,d_111,0
FOODS_0136_CA_2_validation,d_112,0
FOODS_0136_CA_2_validation,d_113,0
FOODS_0136_CA_2_validation,d_114,0
FOODS_0136_CA_2_validation,d_115,0
FOODS_0136_CA_2_validation,d_116,0
FOODS_0136_CA_2_validation,d_117,0
FOODS_0136_CA_2_validation,d_118,0
FOODS_0136_CA_2_validation,d_119,0
FOODS_0136_CA_2_validation,d_120,0
FOODS_0136_CA_2_validation,d_121,1
FOODS_0136_CA_2_validation,d_122,3
FOODS_0136_CA_2_validation,d_123,2
FOODS_0136_CA_2_validation,d_124,0
FOODS_0136_CA_2_validation,d_125,0
FOODS_0136_CA_2_validation,d_126,1
FOODS_0136_CA_2_validation,d_127,0
FOODS_0136_CA_2_validation,d_128,0
FOODS_0136_CA_2_validation,d_129,1
FOODS_0136_CA_2_validation,d_130,1
FOODS_0136_CA_2_validation,d_131,0
FOODS_0136_CA_2_validation,d_132,0
FOODS_0136_CA_2_validation,d_133,0
FOODS_0136_CA_2_validation,d_134,1
FOODS_0136_CA_2_validation,d_135,0
FOODS_0136_CA_2_validation,d_136,1
FOODS_0136_CA_2_validation,d_137,0
FOODS_0136_CA_2_validation,d_138,0
FOODS_0136_CA_2_validation,d_139,0
FOODS_0136_CA_2_validation,d_140,0
FOODS_0136_CA_2_validation,d_141,0
FOODS_0136_CA_2_validation,d_142,1
FOODS_0136_CA_2_validation,d_143,2
FOODS_0136_CA_2_validation,d_144,0
FOODS_0139_TX_2_validation,d_36,2
FOODS_0139_TX_2_validation,d_37,1
FOODS_0139_TX_2_validation,d_38,1
FOODS_0139_TX_2_validation,d_39,1
FOODS_0139_TX_2_validation,d_40,0
FOODS_0139_TX_2_validation,d_41,0
FOODS_0139_TX_2_validation,d_42,0
FOODS_0139_TX_2_validation,d_43,0
FOODS_0139_TX_2_validation,d_44,0
FOODS_0139_TX_2_validation,d_45,2
FOODS_0139_TX_2_validation,d_46,0
FOODS_0139_TX_2_validation,d_47,0
FOODS_0139_TX_2_validation,d_48,0
FOODS_0139_TX_2_validation,d_49,0
FOODS_0139_TX_2_validation,d_50,0
FOODS_0139_TX_2_validation,d_51,0
FOODS_0139_TX_2_validation,d_52,0
FOODS_0139_TX_2_validation,d_53,1
FOODS_0139_TX_2_validation,d_54,0
FOODS_0139_TX_2_validation,d_55,0
FOODS_0139_TX_2_validation,d_56,0
FOODS_0139_TX_2_validation,d_57,0
FOODS_0139_TX_2_validation,d_58,0
FOODS_0139_TX_2_validation,d_59,0
FOODS_0139_TX_2_validation,d_60,0
FOODS_0139_TX_2_validation,d_61,0
FOODS_0139_TX_2_validation,d_62,0
FOODS_0139_TX_2_validation,d_63,0
FOODS_0139_TX_2_validation,d_64,3
FOODS_0139_TX_2_validation,d_65,1
FOODS_0139_TX_2_validation,d_66,0
FOODS_0139_TX_2_validation,d_67,0
FOODS_0139_TX_2_validation,d_68,0
FOODS_0139_TX_2_validation,d_69,0
FOODS_0139_TX_2_validation,d_70,0
FOODS_0139_TX_2_validation,d_71,0
FOODS_0139_TX_2_validation,d_72,0
FOODS_0139_TX_2_validation,d_73,0
FOODS_0139_TX_2_validation,d_74,0
FOODS_0139_TX_2_validation,d_75,0
FOODS_0139_TX_2_validation,d_76,0
FOODS_0139_TX_2_validation,d_77,0
FOODS_0139_TX_2_validation,d_78,0
FOODS_0139_TX_2_validation,d_79,0
FOODS_0139_TX_2_validation,d_80,0
FOODS_0139_TX_2_validation,d_81,1
FOODS_0139_TX_2_validation,d_82,0
FOODS_0139_TX_2_validation,d_83,0
FOODS_0139_TX_2_validation,d_84,0
FOODS_0139_TX_2_validation,d_85,0
FOODS_0139_TX_2_validation,d_86,0
FOODS_0139_TX_2_validation,d_87,1
FOODS_0139_TX_2_validation,d_88,0
FOODS_0139_TX_2_validation,d_89,0
FOODS_0139_TX_2_validation,d_90,0
FOODS_0139_TX_2_validation,d_91,0
FOODS_0139_TX_2_validation,d_92,0
FOODS_0139_TX_2_validation,d_93,0
FOODS_0139_TX_2_validation,d_94,2
FOODS_0139_TX_2_validation,d_95,0
FOODS_0139_TX_2_validation,d_96,0
FOODS_0139_TX_2_validation,d_97,0
FOODS_0139_TX_2_validation,d_98,0
FOODS_0139_TX_2_validation,d_99,0
FOODS_0139_TX_2_validation,d_100,0
FOODS_0139_TX_2_validation,d_101,0
FOODS_0139_TX_2_validation,d_102,0
FOODS_0139_TX_2_validation,d_103,0
FOODS_0139_TX_2_validation,d_104,0
FOODS_0139_TX_2_validation,d_105,0
FOODS_0139_TX_2_validation,d_106,0
FOODS_0139_TX_2_validation,d_107,1
FOODS_0139_TX_2_validation,d_108,1
FOODS_0139_TX_2_validation,d_109,0
FOODS_0139_TX_2_validation,d_110,0
FOODS_0139_TX_2_validation,d_111,0
FOODS_0139_TX_2_validation,d_112,1
FOODS_0139_TX_2_validation,d_113,0
FOODS_0139_TX_2_validation,d_114,0
FOODS_0139_TX_2_validation,d_115,2
FOODS_0139_TX_2_validation,d_116,0
FOODS_0139_TX_2_validation,d_117,0
FOODS_0139_TX_2_validation,d_118,0
FOODS_0139_TX_2_validation,d_119,0
FOODS_0139_TX_2_validation,d_120,0
FOODS_0139_TX_2_validation,d_121,0
FOODS_0139_TX_2_validation,d_122,0
FOODS_0139_TX_2_validation,d_123,1
FOODS_0139_TX_2_validation,d_124,0
FOODS_0139_TX_2_validation,d_125,0
FOODS_0139_TX_2_validation,d_126,0
FOODS_0139_TX_2_validation,d_127,0
FOODS_0139_TX_2_validation,d_128,0
FOODS_0139_TX_2_validation,d_129,0
FOODS_0139_TX_2_validation,d_130,0
FOODS_0139_TX_2_validation,d_131,0
FOODS_0139_TX_2_validation,d_132,0
FOODS_0139_TX_2_validation,d_133,0
FOODS_0139_TX_2_validation,d_134,0
FOODS_0139_TX_2_validation,d_135,0
FOODS_0139_TX_2_validation,d_136,0
FOODS_0139_TX_2_validation,d_137,0
FOODS_0139_TX_2_validation,d_138,0
FOODS_0139_TX_2_validation,d_139,0
FOODS_0139_TX_2_validation,d_140,0
FOODS_0139_TX_2_validation,d_141,0
FOODS_0139_TX_2_validation,d_142,1
FOODS_0139_TX_2_validation,d_143,1
FOODS_0139_TX_2_validation,d_144,0
FOODS_0154_CA_2_validation,d_36,1
FOODS_0154_CA_2_validation,d_37,1
FOODS_0154_CA_2_validation,d_38,1
FOODS_0154_CA_2_validation,d_39,0
FOODS_0154_CA_2_validation,d_40,0
FOODS_0154_CA_2_validation,d_41,0
FOODS_0154_CA_2_validation,d_42,0
FOODS_0154_CA_2_validation,d_43,0
FOODS_0154_CA_2_validation,d_44,0
FOODS_0154_CA_2_validation,d_45,1
FOODS_0154_CA_2_validation,d_46,0
FOODS_0154_CA_2_validation,d_47,0
FOODS_0154_CA_2_validation,d_48,0
FOODS_0154_CA_2_validation,d_49,0
FOODS_0154_CA_2_validation,d_50,0
FOODS_0154_CA_2_validation,d_51,0
FOODS_0154_CA_2_validation,d_52,1
FOODS_0154_CA_2_validation,d_53,0
FOODS_0154_CA_2_validation,d_54,1
FOODS_0154_CA_2_validation,d_55,0
FOODS_0154_CA_2_validation,d_56,0
FOODS_0154_CA_2_validation,d_57,1
FOODS_0154_CA_2_validation,d_58,1
FOODS_0154_CA_2_validation,d_59,1
FOODS_0154_CA_2_validation,d_60,0
FOODS_0154_CA_2_validation,d_61,0
FOODS_0154_CA_2_validation,d_62,0
FOODS_0154_CA_2_validation,d_63,0
FOODS_0154_CA_2_validation,d_64,1
FOODS_0154_CA_2_validation,d_65,0
FOODS_0154_CA_2_validation,d_66,0
FOODS_0154_CA_2_validation,d_67,0
FOODS_0154_CA_2_validation,d_68,0
FOODS_0154_CA_2_validation,d_69,0
FOODS_0154_CA_2_validation,d_70,0
FOODS_0154_CA_2_validation,d_71,2
FOODS_0154_CA_2_validation,d_72,0
FOODS_0154_CA_2_validation,d_73,1
FOODS_0154_CA_2_validation,d_74,0
FOODS_0154_CA_2_validation,d_75,0
FOODS_0154_CA_2_validation,d_76,0
FOODS_0154_CA_2_validation,d_77,0
FOODS_0154_CA_2_validation,d_78,0
FOODS_0154_CA_2_validation,d_79,0
FOODS_0154_CA_2_validation,d_80,1
FOODS_0154_CA_2_validation,d_81,0
FOODS_0154_CA_2_validation,d_82,2
FOODS_0154_CA_2_validation,d_83,0
FOODS_0154_CA_2_validation,d_84,0
FOODS_0154_CA_2_validation,d_85,0
FOODS_0154_CA_2_validation,d_86,0
FOODS_0154_CA_2_validation,d_87,1
FOODS_0154_CA_2_validation,d_88,0
FOODS_0154_CA_2_validation,d_89,0
FOODS_0154_CA_2_validation,d_90,0
FOODS_0154_CA_2_validation,d_91,0
FOODS_0154_CA_2_validation,d_92,0
FOODS_0154_CA_2_validation,d_93,1
FOODS_0154_CA_2_validation,d_94,2
FOODS_0154_CA_2_validation,d_95,1
FOODS_0154_CA_2_validation,d_96,2
FOODS_0154_CA_2_validation,d_97,1
FOODS_0154_CA_2_validation,d_98,0
FOODS_0154_CA_2_validation,d_99,1
FOODS_0154_CA_2_validation,d_100,1
FOODS_0154_CA_2_validation,d_101,0
FOODS_0154_CA_2_validation,d_102,0
FOODS_0154_CA_2_validation,d_103,0
FOODS_0154_CA_2_validation,d_104,0
FOODS_0154_CA_2_validation,d_105,0
FOODS_0154_CA_2_validation,d_106,0
FOODS_0154_CA_2_validation,d_107,0
FOODS_0154_CA_2_validation,d_108,0
FOODS_0154_CA_2_validation,d_109,0
FOODS_0154_CA_2_validation,d_110,0
FOODS_0154_CA_2_validation,d_111,0
FOODS_0154_CA_2_validation,d_112,0
FOODS_0154_CA_2_validation,d_113,1
FOODS_0154_CA_2_validation,d_114,0
FOODS_0154_CA_2_validation,d_115,2
FOODS_0154_CA_2_validation,d_116,1
FOODS_0154_CA_2_validation,d_117,1
FOODS_0154_CA_2_validation,d_118,0
FOODS_0154_CA_2_validation,d_119,0
FOODS_0154_CA_2_validation,d_120,0
FOODS_0154_CA_2_validation,d_121,2
FOODS_0154_CA_2_validation,d_122,2
FOODS_0154_CA_2_validation,d_123,2
FOODS_0154_CA_2_validation,d_124,0
FOODS_0154_CA_2_validation,d_125,0
FOODS_0154_CA_2_validation,d_126,0
FOODS_0154_CA_2_validation,d_127,0
FOODS_0154_CA_2_validation,d_128,1
FOODS_0154_CA_2_validation,d_129,1
FOODS_0154_CA_2_validation,d_130,0
FOODS_0154_CA_2_validation,d_131,0
FOODS_0154_CA_2_validation,d_132,0
FOODS_0154_CA_2_validation,d_133,0
FOODS_0154_CA_2_validation,d_134,0
FOODS_0154_CA_2_validation,d_135,0
FOODS_0154_CA_2_validation,d_136,0
FOODS_0154_CA_2_validation,d_137,0
FOODS_0154_CA_2_validation,d_138,1
FOODS_0154_CA_2_validation,d_139,0
FOODS_0154_CA_2_validation,d_140,0
FOODS_0154_CA_2_validation,d_141,0
FOODS_0154_CA_2_validation,d_142,2
FOODS_0154_CA_2_validation,d_143,5
FOODS_0154_CA_2_validation,d_144,0
FOODS_0160_WI_2_validation,d_36,0
FOODS_0160_WI_2_validation,d_37,1
FOODS_0160_WI_2_validation,d_38,1
FOODS_0160_WI_2_validation,d_39,1
FOODS_0160_WI_2_validation,d_40,0
FOODS_0160_WI_2_validation,d_41,0
FOODS_0160_WI_2_validation,d_42,0
FOODS_0160_WI_2_validation,d_43,0
FOODS_0160_WI_2_validation,d_44,0
FOODS_0160_WI_2_validation,d_45,0
FOODS_0160_WI_2_validation,d_46,0
FOODS_0160_WI_2_validation,d_47,0
FOODS_0160_WI_2_validation,d_48,0
FOODS_0160_WI_2_validation,d_49,0
FOODS_0160_WI_2_validation,d_50,0
FOODS_0160_WI_2_validation,d_51,0
FOODS_0160_WI_2_validation,d_52,0
FOODS_0160_WI_2_validation,d_53,0
FOODS_0160_WI_2_validation,d_54,0
FOODS_0160_WI_2_validation,d_55,1
FOODS_0160_WI_2_validation,d_56,0
FOODS_0160_WI_2_validation,d_57,1
FOODS_0160_WI_2_validation,d_58,0
FOODS_0160_WI_2_validation,d_59,1
FOODS_0160_WI_2_validation,d_60,0
FOODS_0160_WI_2_validation,d_61,0
FOODS_0160_WI_2_validation,d_62,0
FOODS_0160_WI_2_validation,d_63,0
FOODS_0160_WI_2_validation,d_64,0
FOODS_0160_WI_2_validation,d_65,0
FOODS_0160_WI_2_validation,d_66,0
FOODS_0160_WI_2_validation,d_67,3
FOODS_0160_WI_2_validation,d_68,0
FOODS_0160_WI_2_validation,d_69,0
FOODS_0160_WI_2_validation,d_70,0
FOODS_0160_WI_2_validation,d_71,2
FOODS_0160_WI_2_validation,d_72,1
FOODS_0160_WI_2_validation,d_73,0
FOODS_0160_WI_2_validation,d_74,0
FOODS_0160_WI_2_validation,d_75,0
FOODS_0160_WI_2_validation,d_76,1
FOODS_0160_WI_2_validation,d_77,0
FOODS_0160_WI_2_validation,d_78,0
FOODS_0160_WI_2_validation,d_79,0
FOODS_0160_WI_2_validation,d_80,0
FOODS_0160_WI_2_validation,d_81,2
FOODS_0160_WI_2_validation,d_82,0
FOODS_0160_WI_2_validation,d_83,0
FOODS_0160_WI_2_validation,d_84,0
FOODS_0160_WI_2_validation,d_85,1
FOODS_0160_WI_2_validation,d_86,0
FOODS_0160_WI_2_validation,d_87,0
FOODS_0160_WI_2_validation,d_88,0
FOODS_0160_WI_2_validation,d_89,0
FOODS_0160_WI_2_validation,d_90,0
FOODS_0160_WI_2_validation,d_91,0
FOODS_0160_WI_2_validation,d_92,0
FOODS_0160_WI_2_validation,d_93,1
FOODS_0160_WI_2_validation,d_94,0
FOODS_0160_WI_2_validation,d_95,1
FOODS_0160_WI_2_validation,d_96,0
FOODS_0160_WI_2_validation,d_97,1
FOODS_0160_WI_2_validation,d_98,1
FOODS_0160_WI_2_validation,d_99,0
FOODS_0160_WI_2_validation,d_100,0
FOODS_0160_WI_2_validation,d_101,0
FOODS_0160_WI_2_validation,d_102,0
FOODS_0160_WI_2_validation,d_103,0
FOODS_0160_WI_2_validation,d_104,0
FOODS_0160_WI_2_validation,d_105,0
FOODS_0160_WI_2_validation,d_106,0
FOODS_0160_WI_2_validation,d_107,0
FOODS_0160_WI_2_validation,d_108,1
FOODS_0160_WI_2_validation,d_109,0
FOODS_0160_WI_2_validation,d_110,0
FOODS_0160_WI_2_validation,d_111,0
FOODS_0160_WI_2_validation,d_112,0
FOODS_0160_WI_2_validation,d_113,0
FOODS_0160_WI_2_validation,d_114,0
FOODS_0160_WI_2_validation,d_115,0
FOODS_0160_WI_2_validation,d_116,0
FOODS_0160_WI_2_validation,d_117,0
FOODS_0160_WI_2_validation,d_118,0
FOODS_0160_WI_2_validation,d_119,0
FOODS_0160_WI_2_validation,d_120,0
FOODS_0160_WI_2_validation,d_121,0
FOODS_0160_WI_2_validation,d_122,1
FOODS_0160_WI_2_validation,d_123,1
FOODS_0160_WI_2_validation,d_124,1
FOODS_0160_WI_2_validation,d_125,0
FOODS_0160_WI_2_validation,d_126,0
FOODS_0160_WI_2_validation,d_127,0
FOODS_0160_WI_2_validation,d_128,1
FOODS_0160_WI_2_validation,d_129,0
FOODS_0160_WI_2_validation,d_130,0
FOODS_0160_WI_2_validation,d_131,0
FOODS_0160_WI_2_validation,d_132,0
FOODS_0160_WI_2_validation,d_133,0
FOODS_0160_WI_2_validation,d_134,0
FOODS_0160_WI_2_validation,d_135,0
FOODS_0160_WI_2_validation,d_136,0
FOODS_0160_WI_2_validation,d_137,0
FOODS_0160_WI_2_validation,d_138,0
FOODS_0160_WI_2_validation,d_139,0
FOODS_0160_WI_2_validation,d_140,0
FOODS_0160_WI_2_validation,d_141,0
FOODS_0160_WI_2_validation,d_142,0
FOODS_0160_WI_2_validation,d_143,0
FOODS_0160_WI_2_validation,d_144,0
HOBBIES_0165_TX_1_validation,d_36,1
HOBBIES_0165_TX_1_validation,d_37,1
HOBBIES_0165_TX_1_validation,d_38,0
HOBBIES_0165_TX_1_validation,d_39,0
HOBBIES_0165_TX_1_validation,d_40,0
HOBBIES_0165_TX_1_validation,d_41,0
HOBBIES_0165_TX_1_validation,d_42,0
HOBBIES_0165_TX_1_validation,d_43,1
HOBBIES_0165_TX_1_validation,d_44,1
HOBBIES_0165_TX_1_validation,d_45,0
HOBBIES_0165_TX_1_validation,d_46,0
HOBBIES_0165_TX_1_validation,d_47,0
HOBBIES_0165_TX_1_validation,d_48,0
HOBBIES_0165_TX_1_validation,d_49,0
HOBBIES_0165_TX_1_validation,d_50,0
HOBBIES_0165_TX_1_validation,d_51,0
HOBBIES_0165_TX_1_validation,d_52,1
HOBBIES_0165_TX_1_validation,d_53,1
HOBBIES_0165_TX_1_validation,d_54,0
HOBBIES_0165_TX_1_validation,d_55,0
HOBBIES_0165_TX_1_validation,d_56,0
HOBBIES_0165_TX_1_validation,d_57,0
HOBBIES_0165_TX_1_validation,d_58,0
HOBBIES_0165_TX_1_validation,d_59,1
HOBBIES_0165_TX_1_validation,d_60,1
HOBBIES_0165_TX_1_validation,d_61,2
HOBBIES_0165_TX_1_validation,d_62,1
HOBBIES_0165_TX_1_validation,d_63,1
HOBBIES_0165_TX_1_validation,d_64,1
HOBBIES_0165_TX_1_validation,d_65,1
HOBBIES_0165_TX_1_validation,d_66,2
HOBBIES_0165_TX_1_validation,d_67,0
HOBBIES_0165_TX_1_validation,d_68,0
HOBBIES_0165_TX_1_validation,d_69,0
HOBBIES_0165_TX_1_validation,d_70,0
HOBBIES_0165_TX_1_validation,d_71,0
HOBBIES_0165_TX_1_validation,d_72,0
HOBBIES_0165_TX_1_validation,d_73,0
HOBBIES_0165_TX_1_validation,d_74,0
HOBBIES_0165_TX_1_validation,d_75,0
HOBBIES_0165_TX_1_validation,d_76,0
HOBBIES_0165_TX_1_validation,d_77,0
HOBBIES_0165_TX_1_validation,d_78,1
HOBBIES_0165_TX_1_validation,d_79,0
HOBBIES_0165_TX_1_validation,d_80,0
HOBBIES_0165_TX_1_validation,d_81,0
HOBBIES_0165_TX_1_validation,d_82,0
HOBBIES_0165_TX_1_validation,d_83,0
HOBBIES_0165_TX_1_validation,d_84,0
HOBBIES_0165_TX_1_validation,d_85,1
HOBBIES_0165_TX_1_validation,d_86,1
HOBBIES_0165_TX_1_validation,d_87,0
HOBBIES_0165_TX_1_validation,d_88,0
HOBBIES_0165_TX_1_validation,d_89,1
HOBBIES_0165_TX_1_validation,d_90,0
HOBBIES_0165_TX_1_validation,d_91,0
HOBBIES_0165_TX_1_validation,d_92,2
HOBBIES_0165_TX_1_validation,d_93,1
HOBBIES_0165_TX_1_validation,d_94,0
HOBBIES_0165_TX_1_validation,d_95,2
HOBBIES_0165_TX_1_validation,d_96,0
HOBBIES_0165_TX_1_validation,d_97,0
HOBBIES_0165_TX_1_validation,d_98,0
HOBBIES_0165_TX_1_validation,d_99,0
HOBBIES_0165_TX_1_validation,d_100,1
HOBBIES_0165_TX_1_validation,d_101,2
HOBBIES_0165_TX_1_validation,d_102,0
HOBBIES_0165_TX_1_validation,d_103,0
HOBBIES_0165_TX_1_validation,d_104,0
HOBBIES_0165_TX_1_validation,d_105,0
HOBBIES_0165_TX_1_validation,d_106,0
HOBBIES_0165_TX_1_validation,d_107,1
HOBBIES_0165_TX_1_validation,d_108,2
HOBBIES_0165_TX_1_validation,d_109,0
HOBBIES_0165_TX_1_validation,d_110,1
HOBBIES_0165_TX_1_validation,d_111,0
HOBBIES_0165_TX_1_validation,d_112,0
HOBBIES_0165_TX_1_validation,d_113,1
HOBBIES_0165_TX_1_validation,d_114,3
HOBBIES_0165_TX_1_validation,d_115,4
HOBBIES_0165_TX_1_validation,d_116,1
HOBBIES_0165_TX_1_validation,d_117,0
HOBBIES_0165_TX_1_validation,d_118,0
HOBBIES_0165_TX_1_validation,d_119,1
HOBBIES_0165_TX_1_validation,d_120,0
HOBBIES_0165_TX_1_validation,d_121,0
HOBBIES_0165_TX_1_validation,d_122,1
HOBBIES_0165_TX_1_validation,d_123,0
HOBBIES_0165_TX_1_validation,d_124,0
HOBBIES_0165_TX_1_validation,d_125,0
HOBBIES_0165_TX_1_validation,d_126,0
HOBBIES_0165_TX_1_validation,d_127,0
HOBBIES_0165_TX_1_validation,d_128,0
HOBBIES_0165_TX_1_validation,d_129,1
HOBBIES_0165_TX_1_validation,d_130,1
HOBBIES_0165_TX_1_validation,d_131,0
HOBBIES_0165_TX_1_validation,d_132,0
HOBBIES_0165_TX_1_validation,d_133,1
HOBBIES_0165_TX_1_validation,d_134,0
HOBBIES_0165_TX_1_validation,d_135,2
HOBBIES_0165_TX_1_validation,d_136,0
HOBBIES_0165_TX_1_validation,d_137,0
HOBBIES_0165_TX_1_validation,d_138,1
HOBBIES_0165_TX_1_validation,d_139,0
HOBBIES_0165_TX_1_validation,d_140,0
HOBBIES_0165_TX_1_validation,d_141,0
HOBBIES_0165_TX_1_validation,d_142,0
HOBBIES_0165_TX_1_validation,d_143,2
HOBBIES_0165_TX_1_validation,d_144,1
FOODS_0169_WI_2_validation,d_36,0
FOODS_0169_WI_2_validation,d_37,0
FOODS_0169_WI_2_validation,d_38,0
FOODS_0169_WI_2_validation,d_39,1
FOODS_0169_WI_2_validation,d_40,0
FOODS_0169_WI_2_validation,d_41,0
FOODS_0169_WI_2_validation,d_42,0
FOODS_0169_WI_2_validation,d_43,0
FOODS_0169_WI_2_validation,d_44,0
FOODS_0169_WI_2_validation,d_45,0
FOODS_0169_WI_2_validation,d_46,1
FOODS_0169_WI_2_validation,d_47,0
FOODS_0169_WI_2_validation,d_48,0
FOODS_0169_WI_2_validation,d_49,0
FOODS_0169_WI_2_validation,d_50,0
FOODS_0169_WI_2_validation,d_51,0
FOODS_0169_WI_2_validation,d_52,2
FOODS_0169_WI_2_validation,d_53,0
FOODS_0169_WI_2_validation,d_54,0
FOODS_0169_WI_2_validation,d_55,0
FOODS_0169_WI_2_validation,d_56,0
FOODS_0169_WI_2_validation,d_57,0
FOODS_0169_WI_2_validation,d_58,1
FOODS_0169_WI_2_validation,d_59,0
FOODS_0169_WI_2_validation,d_60,2
FOODS_0169_WI_2_validation,d_61,0
FOODS_0169_WI_2_validation,d_62,0
FOODS_0169_WI_2_validation,d_63,0
FOODS_0169_WI_2_validation,d_64,0
FOODS_0169_WI_2_validation,d_65,0
FOODS_0169_WI_2_validation,d_66,0
FOODS_0169_WI_2_validation,d_67,0
FOODS_0169_WI_2_validation,d_68,0
FOODS_0169_WI_2_validation,d_69,0
FOODS_0169_WI_2_validation,d_70,0
FOODS_0169_WI_2_validation,d_71,0
FOODS_0169_WI_2_validation,d_72,0
FOODS_0169_WI_2_validation,d_73,0
FOODS_0169_WI_2_validation,d_74,0
FOODS_0169_WI_2_validation,d_75,0
FOODS_0169_WI_2_validation,d_76,0
FOODS_0169_WI_2_validation,d_77,0
FOODS_0169_WI_2_validation,d_78,0
FOODS_0169_WI_2_validation,d_79,0
FOODS_0169_WI_2_validation,d_80,0
FOODS_0169_WI_2_validation,d_81,0
FOODS_0169_WI_2_validation,d_82,0
FOODS_0169_WI_2_validation,d_83,0
FOODS_0169_WI_2_validation,d_84,0
FOODS_0169_WI_2_validation,d_85,0
FOODS_0169_WI_2_validation,d_86,0
FOODS_0169_WI_2_validation,d_87,0
FOODS_0169_WI_2_validation,d_88,1
FOODS_0169_WI_2_validation,d_89,0
FOODS_0169_WI_2_validation,d_90,0
FOODS_0169_WI_2_validation,d_91,0
FOODS_0169_WI_2_validation,d_92,1
FOODS_0169_WI_2_validation,d_93,0
FOODS_0169_WI_2_validation,d_94,0
FOODS_0169_WI_2_validation,d_95,0
FOODS_0169_WI_2_validation,d_96,0
FOODS_0169_WI_2_validation,d_97,0
FOODS_0169_WI_2_validation,d_98,0
FOODS_0169_WI_2_validation,d_99,0
FOODS_0169_WI_2_validation,d_100,0
FOODS_0169_WI_2_validation,d_101,0
FOODS_0169_WI_2_validation,d_102,1
FOODS_0169_WI_2_validation,d_103,0
FOODS_0169_WI_2_validation,d_104,0
FOODS_0169_WI_2_validation,d_105,0
FOODS_0169_WI_2_validation,d_106,0
FOODS_0169_WI_2_validation,d_107,0
FOODS_0169_WI_2_validation,d_108,0
FOODS_0169_WI_2_validation,d_109,0
FOODS_0169_WI_2_validation,d_110,0
FOODS_0169_WI_2_validation,d_111,0
FOODS_0169_WI_2_validation,d_112,0
FOODS_0169_WI_2_validation,d_113,0
FOODS_0169_WI_2_validation,d_114,1
FOODS_0169_WI_2_validation,d_115,1
FOODS_0169_WI_2_validation,d_116,1
FOODS_0169_WI_2_validation,d_117,0
FOODS_0169_WI_2_validation,d_118,0
FOODS_0169_WI_2_validation,d_119,0
FOODS_0169_WI_2_validation,d_120,1
FOODS_0169_WI_2_validation,d_121,1
FOODS_0169_WI_2_validation,d_122,1
FOODS_0169_WI_2_validation,d_123,0
FOODS_0169_WI_2_validation,d_124,0
FOODS_0169_WI_2_validation,d_125,0
FOODS_0169_WI_2_validation,d_126,0
FOODS_0169_WI_2_validation,d_127,0
FOODS_0169_WI_2_validation,d_128,0
FOODS_0169_WI_2_validation,d_129,0
FOODS_0169_WI_2_validation,d_130,1
FOODS_0169_WI_2_validation,d_131,0
FOODS_0169_WI_2_validation,d_132,0
FOODS_0169_WI_2_validation,d_133,0
FOODS_0169_WI_2_validation,d_134,0
FOODS_0169_WI_2_validation,d_135,0
FOODS_0169_WI_2_validation,d_136,0
FOODS_0169_WI_2_validation,d_137,0
FOODS_0169_WI_2_validation,d_138,0
FOODS_0169_WI_2_validation,d_139,0
FOODS_0169_WI_2_validation,d_140,0
FOODS_0169_WI_2_validation,d_141,0
FOODS_0169_WI_2_validation,d_142,0
FOODS_0169_WI_2_validation,d_143,0
FOODS_0169_WI_2_validation,d_144,0
FOODS_0175_TX_2_validation,d_36,0
FOODS_0175_TX_2_validation,d_37,1
FOODS_0175_TX_2_validation,d_38,0
FOODS_0175_TX_2_validation,d_39,0
FOODS_0175_TX_2_validation,d_40,1
FOODS_0175_TX_2_validation,d_41,0
FOODS_0175_TX_2_validation,d_42,0
FOODS_0175_TX_2_validation,d_43,0
FOODS_0175_TX_2_validation,d_44,0
FOODS_0175_TX_2_validation,d_45,1
FOODS_0175_TX_2_validation,d_46,1
FOODS_0175_TX_2_validation,d_47,1
FOODS_0175_TX_2_validation,d_48,1
FOODS_0175_TX_2_validation,d_49,1
FOODS_0175_TX_2_validation,d_50,0
FOODS_0175_TX_2_validation,d_51,1
FOODS_0175_TX_2_validation,d_52,0
FOODS_0175_TX_2_validation,d_53,1
FOODS_0175_TX_2_validation,d_54,1
FOODS_0175_TX_2_validation,d_55,0
FOODS_0175_TX_2_validation,d_56,0
FOODS_0175_TX_2_validation,d_57,0
FOODS_0175_TX_2_validation,d_58,1
FOODS_0175_TX_2_validation,d_59,1
FOODS_0175_TX_2_validation,d_60,1
FOODS_0175_TX_2_validation,d_61,0
FOODS_0175_TX_2_validation,d_62,0
FOODS_0175_TX_2_validation,d_63,0
FOODS_0175_TX_2_validation,d_64,1
FOODS_0175_TX_2_validation,d_65,0
FOODS_0175_TX_2_validation,d_66,1
FOODS_0175_TX_2_validation,d_67,0
FOODS_0175_TX_2_validation,d_68,0
FOODS_0175_TX_2_validation,d_69,0
FOODS_0175_TX_2_validation,d_70,0
FOODS_0175_TX_2_validation,d_71,1
FOODS_0175_TX_2_validation,d_72,0
FOODS_0175_TX_2_validation,d_73,1
FOODS_0175_TX_2_validation,d_74,4
FOODS_0175_TX_2_validation,d_75,0
FOODS_0175_TX_2_validation,d_76,0
FOODS_0175_TX_2_validation,d_77,0
FOODS_0175_TX_2_validation,d_78,0
FOODS_0175_TX_2_validation,d_79,1
FOODS_0175_TX_2_validation,d_80,0
FOODS_0175_TX_2_validation,d_81,3
FOODS_0175_TX_2_validation,d_82,0
FOODS_0175_TX_2_validation,d_83,1
FOODS_0175_TX_2_validation,d_84,0
FOODS_0175_TX_2_validation,d_85,0
FOODS_0175_TX_2_validation,d_86,1
FOODS_0175_TX_2_validation,d_87,0
FOODS_0175_TX_2_validation,d_88,0
FOODS_0175_TX_2_validation,d_89,0
FOODS_0175_TX_2_validation,d_90,0
FOODS_0175_TX_2_validation,d_91,0
FOODS_0175_TX_2_validation,d_92,0
FOODS_0175_TX_2_validation,d_93,0
FOODS_0175_TX_2_validation,d_94,0
FOODS_0175_TX_2_validation,d_95,0
FOODS_0175_TX_2_validation,d_96,1
FOODS_0175_TX_2_validation,d_97,1
FOODS_0175_TX_2_validation,d_98,0
FOODS_0175_TX_2_validation,d_99,1
FOODS_0175_TX_2_validation,d_100,1
FOODS_0175_TX_2_validation,d_101,0
FOODS_0175_TX_2_validation,d_102,0
FOODS_0175_TX_2_validation,d_103,0
FOODS_0175_TX_2_validation,d_104,0
FOODS_0175_TX_2_validation,d_105,0
FOODS_0175_TX_2_validation,d_106,0
FOODS_0175_TX_2_validation,d_107,1
FOODS_0175_TX_2_validation,d_108,0
FOODS_0175_TX_2_validation,d_109,1
FOODS_0175_TX_2_validation,d_110,0
FOODS_0175_TX_2_validation,d_111,0
FOODS_0175_TX_2_validation,d_112,0
FOODS_0175_TX_2_validation,d_113,0
FOODS_0175_TX_2_validation,d_114,0
FOODS_0175_TX_2_validation,d_115,0
FOODS_0175_TX_2_validation,d_116,1
FOODS_0175_TX_2_validation,d_117,1
FOODS_0175_TX_2_validation,d_118,1
FOODS_0175_TX_2_validation,d_119,0
FOODS_0175_TX_2_validation,d_120,0
FOODS_0175_TX_2_validation,d_121,2
FOODS_0175_TX_2_validation,d_122,1
FOODS_0175_TX_2_validation,d_123,3
FOODS_0175_TX_2_validation,d_124,1
FOODS_0175_TX_2_validation,d_125,0
FOODS_0175_TX_2_validation,d_126,0
FOODS_0175_TX_2_validation,d_127,0
FOODS_0175_TX_2_validation,d_128,0
FOODS_0175_TX_2_validation,d_129,0
FOODS_0175_TX_2_validation,d_130,0
FOODS_0175_TX_2_validation,d_131,1
FOODS_0175_TX_2_validation,d_132,0
FOODS_0175_TX_2_validation,d_133,1
FOODS_0175_TX_2_validation,d_134,1
FOODS_0175_TX_2_validation,d_135,1
FOODS_0175_TX_2_validation,d_136,0
FOODS_0175_TX_2_validation,d_137,2
FOODS_0175_TX_2_validation,d_138,0
FOODS_0175_TX_2_validation,d_139,0
FOODS_0175_TX_2_validation,d_140,1
FOODS_0175_TX_2_validation,d_141,0
FOODS_0175_TX_2_validation,d_142,0
FOODS_0175_TX_2_validation,d_143,2
FOODS_0175_TX_2_validation,d_144,0
HOUSEHOLD_0176_TX_3_validation,d_36,0
HOUSEHOLD_0176_TX_3_validation,d_37,1
HOUSEHOLD_0176_TX_3_validation,d_38,0
HOUSEHOLD_0176_TX_3_validation,d_39,1
HOUSEHOLD_0176_TX_3_validation,d_40,0
HOUSEHOLD_0176_TX_3_validation,d_41,1
HOUSEHOLD_0176_TX_3_validation,d_42,0
HOUSEHOLD_0176_TX_3_validation,d_43,0
HOUSEHOLD_0176_TX_3_validation,d_44,0
HOUSEHOLD_0176_TX_3_validation,d_45,1
HOUSEHOLD_0176_TX_3_validation,d_46,0
HOUSEHOLD_0176_TX_3_validation,d_47,0
HOUSEHOLD_0176_TX_3_validation,d_48,0
HOUSEHOLD_0176_TX_3_validation,d_49,0
HOUSEHOLD_0176_TX_3_validation,d_50,0
HOUSEHOLD_0176_TX_3_validation,d_51,1
HOUSEHOLD_0176_TX_3_validation,d_52,3
HOUSEHOLD_0176_TX_3_validation,d_53,1
HOUSEHOLD_0176_TX_3_validation,d_54,0
HOUSEHOLD_0176_TX_3_validation,d_55,1
HOUSEHOLD_0176_TX_3_validation,d_56,0
HOUSEHOLD_0176_TX_3_validation,d_57,2
HOUSEHOLD_0176_TX_3_validation,d_58,1
HOUSEHOLD_0176_TX_3_validation,d_59,1
HOUSEHOLD_0176_TX_3_validation,d_60,0
HOUSEHOLD_0176_TX_3_validation,d_61,1
HOUSEHOLD_0176_TX_3_validation,d_62,0
HOUSEHOLD_0176_TX_3_validation,d_63,0
HOUSEHOLD_0176_TX_3_validation,d_64,3
HOUSEHOLD_0176_TX_3_validation,d_65,0
HOUSEHOLD_0176_TX_3_validation,d_66,1
HOUSEHOLD_0176_TX_3_validation,d_67,0
HOUSEHOLD_0176_TX_3_validation,d_68,0
HOUSEHOLD_0176_TX_3_validation,d_69,0
HOUSEHOLD_0176_TX_3_validation,d_70,0
HOUSEHOLD_0176_TX_3_validation,d_71,1
HOUSEHOLD_0176_TX_3_validation,d_72,0
HOUSEHOLD_0176_TX_3_validation,d_73,1
HOUSEHOLD_0176_TX_3_validation,d_74,0
HOUSEHOLD_0176_TX_3_validation,d_75,2
HOUSEHOLD_0176_TX_3_validation,d_76,1
HOUSEHOLD_0176_TX_3_validation,d_77,0
HOUSEHOLD_0176_TX_3_validation,d_78,0
HOUSEHOLD_0176_TX_3_validation,d_79,0
HOUSEHOLD_0176_TX_3_validation,d_80,0
HOUSEHOLD_0176_TX_3_validation,d_81,1
HOUSEHOLD_0176_TX_3_validation,d_82,0
HOUSEHOLD_0176_TX_3_validation,d_83,0
HOUSEHOLD_0176_TX_3_validation,d_84,0
HOUSEHOLD_0176_TX_3_validation,d_85,0
HOUSEHOLD_0176_TX_3_validation,d_86,1
HOUSEHOLD_0176_TX_3_validation,d_87,1
HOUSEHOLD_0176_TX_3_validation,d_88,1
HOUSEHOLD_0176_TX_3_validation,d_89,0
HOUSEHOLD_0176_TX_3_validation,d_90,0
HOUSEHOLD_0176_TX_3_validation,d_91,0
HOUSEHOLD_0176_TX_3_validation,d_92,2
HOUSEHOLD_0176_TX_3_validation,d_93,1
HOUSEHOLD_0176_TX_3_validation,d_94,1
HOUSEHOLD_0176_TX_3_validation,d_95,1
HOUSEHOLD_0176_TX_3_validation,d_96,1
HOUSEHOLD_0176_TX_3_validation,d_97,0
HOUSEHOLD_0176_TX_3_validation,d_98,0
HOUSEHOLD_0176_TX_3_validation,d_99,0
HOUSEHOLD_0176_TX_3_validation,d_100,0
HOUSEHOLD_0176_TX_3_validation,d_101,0
HOUSEHOLD_0176_TX_3_validation,d_102,0
HOUSEHOLD_0176_TX_3_validation,d_103,0
HOUSEHOLD_0176_TX_3_validation,d_104,0
HOUSEHOLD_0176_TX_3_validation,d_105,0
HOUSEHOLD_0176_TX_3_validation,d_106,2
HOUSEHOLD_0176_TX_3_validation,d_107,2
HOUSEHOLD_0176_TX_3_validation,d_108,2
HOUSEHOLD_0176_TX_3_validation,d_109,0
HOUSEHOLD_0176_TX_3_validation,d_110,0
HOUSEHOLD_0176_TX_3_validation,d_111,0
HOUSEHOLD_0176_TX_3_validation,d_112,1
HOUSEHOLD_0176_TX_3_validation,d_113,0
HOUSEHOLD_0176_TX_3_validation,d_114,2
HOUSEHOLD_0176_TX_3_validation,d_115,1
HOUSEHOLD_0176_TX_3_validation,d_116,0
HOUSEHOLD_0176_TX_3_validation,d_117,0
HOUSEHOLD_0176_TX_3_validation,d_118,1
HOUSEHOLD_0176_TX_3_validation,d_119,2
HOUSEHOLD_0176_TX_3_validation,d_120,0
HOUSEHOLD_0176_TX_3_validation,d_121,1
HOUSEHOLD_0176_TX_3_validation,d_122,1
HOUSEHOLD_0176_TX_3_validation,d_123,0
HOUSEHOLD_0176_TX_3_validation,d_124,0
HOUSEHOLD_0176_TX_3_validation,d_125,0
HOUSEHOLD_0176_TX_3_validation,d_126,0
HOUSEHOLD_0176_TX_3_validation,d_127,0
HOUSEHOLD_0176_TX_3_validation,d_128,0
HOUSEHOLD_0176_TX_3_validation,d_129,1
HOUSEHOLD_0176_TX_3_validation,d_130,0
HOUSEHOLD_0176_TX_3_validation,d_131,1
HOUSEHOLD_0176_TX_3_validation,d_132,0
HOUSEHOLD_0176_TX_3_validation,d_133,0
HOUSEHOLD_0176_TX_3_validation,d_134,0
HOUSEHOLD_0176_TX_3_validation,d_135,0
HOUSEHOLD_0176_TX_3_validation,d_136,2
HOUSEHOLD_0176_TX_3_validation,d_137,0
HOUSEHOLD_0176_TX_3_validation,d_138,0
HOUSEHOLD_0176_TX_3_validation,d_139,0
HOUSEHOLD_0176_TX_3_validation,d_140,0
HOUSEHOLD_0176_TX_3_validation,d_141,0
HOUSEHOLD_0176_TX_3_validation,d_142,1
HOUSEHOLD_0176_TX_3_validation,d_143,0
HOUSEHOLD_0176_TX_3_validation,d_144,1
HOBBIES_0183_TX_1_validation,d_36,0
HOBBIES_0183_TX_1_validation,d_37,1
HOBBIES_0183_TX_1_validation,d_38,0
HOBBIES_0183_TX_1_validation,d_39,0
HOBBIES_0183_TX_1_validation,d_40,1
HOBBIES_0183_TX_1_validation,d_41,0
HOBBIES_0183_TX_1_validation,d_42,0
HOBBIES_0183_TX_1_validation,d_43,0
HOBBIES_0183_TX_1_validation,d_44,0
HOBBIES_0183_TX_1_validation,d_45,2
HOBBIES_0183_TX_1_validation,d_46,0
HOBBIES_0183_TX_1_validation,d_47,0
HOBBIES_0183_TX_1_validation,d_48,0
HOBBIES_0183_TX_1_validation,d_49,0
HOBBIES_0183_TX_1_validation,d_50,0
HOBBIES_0183_TX_1_validation,d_51,1
HOBBIES_0183_TX_1_validation,d_52,0
HOBBIES_0183_TX_1_validation,d_53,0
HOBBIES_0183_TX_1_validation,d_54,0
HOBBIES_0183_TX_1_validation,d_55,1
HOBBIES_0183_TX_1_validation,d_56,0
HOBBIES_0183_TX_1_validation,d_57,0
HOBBIES_0183_TX_1_validation,d_58,4
HOBBIES_0183_TX_1_validation,d_59,1
HOBBIES_0183_TX_1_validation,d_60,2
HOBBIES_0183_TX_1_validation,d_61,0
HOBBIES_0183_TX_1_validation,d_62,0
HOBBIES_0183_TX_1_validation,d_63,0
HOBBIES_0183_TX_1_validation,d_64,0
HOBBIES_0183_TX_1_validation,d_65,2
HOBBIES_0183_TX_1_validation,d_66,3
HOBBIES_0183_TX_1_validation,d_67,1
HOBBIES_0183_TX_1_validation,d_68,0
HOBBIES_0183_TX_1_validation,d_69,0
HOBBIES_0183_TX_1_validation,d_70,1
HOBBIES_0183_TX_1_validation,d_71,0
HOBBIES_0183_TX_1_validation,d_72,0
HOBBIES_0183_TX_1_validation,d_73,0
HOBBIES_0183_TX_1_validation,d_74,0
HOBBIES_0183_TX_1_validation,d_75,0
HOBBIES_0183_TX_1_validation,d_76,0
HOBBIES_0183_TX_1_validation,d_77,1
HOBBIES_0183_TX_1_validation,d_78,0
HOBBIES_0183_TX_1_validation,d_79,0
HOBBIES_0183_TX_1_validation,d_80,1
HOBBIES_0183_TX_1_validation,d_81,1
HOBBIES_0183_TX_1_validation,d_82,0
HOBBIES_0183_TX_1_validation,d_83,0
HOBBIES_0183_TX_1_validation,d_84,0
HOBBIES_0183_TX_1_validation,d_85,1
HOBBIES_0183_TX_1_validation,d_86,1
HOBBIES_0183_TX_1_validation,d_87,2
HOBBIES_0183_TX_1_validation,d_88,2
HOBBIES_0183_TX_1_validation,d_89,0
HOBBIES_0183_TX_1_validation,d_90,0
HOBBIES_0183_TX_1_validation,d_91,0
HOBBIES_0183_TX_1_validation,d_92,1
HOBBIES_0183_TX_1_validation,d_93,0
HOBBIES_0183_TX_1_validation,d_94,0
HOBBIES_0183_TX_1_validation,d_95,0
HOBBIES_0183_TX_1_validation,d_96,0
HOBBIES_0183_TX_1_validation,d_97,1
HOBBIES_0183_TX_1_validation,d_98,0
HOBBIES_0183_TX_1_validation,d_99,0
HOBBIES_0183_TX_1_validation,d_100,0
HOBBIES_0183_TX_1_validation,d_101,1
HOBBIES_0183_TX_1_validation,d_102,0
HOBBIES_0183_TX_1_validation,d_103,0
HOBBIES_0183_TX_1_validation,d_104,0
HOBBIES_0183_TX_1_validation,d_105,0
HOBBIES_0183_TX_1_validation,d_106,0
HOBBIES_0183_TX_1_validation,d_107,0
HOBBIES_0183_TX_1_validation,d_108,0
HOBBIES_0183_TX_1_validation,d_109,0
HOBBIES_0183_TX_1_validation,d_110,0
HOBBIES_0183_TX_1_validation,d_111,0
HOBBIES_0183_TX_1_validation,d_112,0
HOBBIES_0183_TX_1_validation,d_113,0
HOBBIES_0183_TX_1_validation,d_114,0
HOBBIES_0183_TX_1_validation,d_115,2
HOBBIES_0183_TX_1_validation,d_116,1
HOBBIES_0183_TX_1_validation,d_117,0
HOBBIES_0183_TX_1_validation,d_118,0
HOBBIES_0183_TX_1_validation,d_119,0
HOBBIES_0183_TX_1_validation,d_120,2
HOBBIES_0183_TX_1_validation,d_121,1
HOBBIES_0183_TX_1_validation,d_122,0
HOBBIES_0183_TX_1_validation,d_123,0
HOBBIES_0183_TX_1_validation,d_124,0
HOBBIES_0183_TX_1_validation,d_125,0
HOBBIES_0183_TX_1_validation,d_126,0
HOBBIES_0183_TX_1_validation,d_127,1
HOBBIES_0183_TX_1_validation,d_128,0
HOBBIES_0183_TX_1_validation,d_129,1
HOBBIES_0183_TX_1_validation,d_130,0
HOBBIES_0183_TX_1_validation,d_131,1
HOBBIES_0183_TX_1_validation,d_132,0
HOBBIES_0183_TX_1_validation,d_133,0
HOBBIES_0183_TX_1_validation,d_134,0
HOBBIES_0183_TX_1_validation,d_135,1
HOBBIES_0183_TX_1_validation,d_136,1
HOBBIES_0183_TX_1_validation,d_137,0
HOBBIES_0183_TX_1_validation,d_138,0
HOBBIES_0183_TX_1_validation,d_139,0
HOBBIES_0183_TX_1_validation,d_140,0
HOBBIES_0183_TX_1_validation,d_141,0
HOBBIES_0183_TX_1_validation,d_142,2
HOBBIES_0183_TX_1_validation,d_143,0
HOBBIES_0183_TX_1_validation,d_144,2
HOUSEHOLD_0188_WI_3_validation,d_36,1
HOUSEHOLD_0188_WI_3_validation,d_37,1
HOUSEHOLD_0188_WI_3_validation,d_38,1
HOUSEHOLD_0188_WI_3_validation,d_39,0
HOUSEHOLD_0188_WI_3_validation,d_40,0
HOUSEHOLD_0188_WI_3_validation,d_41,0
HOUSEHOLD_0188_WI_3_validation,d_42,0
HOUSEHOLD_0188_WI_3_validation,d_43,0
HOUSEHOLD_0188_WI_3_validation,d_44,0
HOUSEHOLD_0188_WI_3_validation,d_45,0
HOUSEHOLD_0188_WI_3_validation,d_46,0
HOUSEHOLD_0188_WI_3_validation,d_47,0
HOUSEHOLD_0188_WI_3_validation,d_48,0
HOUSEHOLD_0188_WI_3_validation,d_49,0
HOUSEHOLD_0188_WI_3_validation,d_50,0
HOUSEHOLD_0188_WI_3_validation,d_51,1
HOUSEHOLD_0188_WI_3_validation,d_52,0
HOUSEHOLD_0188_WI_3_validation,d_53,0
HOUSEHOLD_0188_WI_3_validation,d_54,0
HOUSEHOLD_0188_WI_3_validation,d_55,0
HOUSEHOLD_0188_WI_3_validation,d_56,1
HOUSEHOLD_0188_WI_3_validation,d_57,0
HOUSEHOLD_0188_WI_3_validation,d_58,0
HOUSEHOLD_0188_WI_3_validation,d_59,1
HOUSEHOLD_0188_WI_3_validation,d_60,1
HOUSEHOLD_0188_WI_3_validation,d_61,0
HOUSEHOLD_0188_WI_3_validation,d_62,1
HOUSEHOLD_0188_WI_3_validation,d_63,0
HOUSEHOLD_0188_WI_3_validation,d_64,1
HOUSEHOLD_0188_WI_3_validation,d_65,0
HOUSEHOLD_0188_WI_3_validation,d_66,0
HOUSEHOLD_0188_WI_3_validation,d_67,1
HOUSEHOLD_0188_WI_3_validation,d_68,0
HOUSEHOLD_0188_WI_3_validation,d_69,0
HOUSEHOLD_0188_WI_3_validation,d_70,0
HOUSEHOLD_0188_WI_3_validation,d_71,0
HOUSEHOLD_0188_WI_3_validation,d_72,0
HOUSEHOLD_0188_WI_3_validation,d_73,0
HOUSEHOLD_0188_WI_3_validation,d_74,0
HOUSEHOLD_0188_WI_3_validation,d_75,0
HOUSEHOLD_0188_WI_3_validation,d_76,0
HOUSEHOLD_0188_WI_3_validation,d_77,0
HOUSEHOLD_0188_WI_3_validation,d_78,0
HOUSEHOLD_0188_WI_3_validation,d_79,0
HOUSEHOLD_0188_WI_3_validation,d_80,1
HOUSEHOLD_0188_WI_3_validation,d_81,0
HOUSEHOLD_0188_WI_3_validation,d_82,0
HOUSEHOLD_0188_WI_3_validation,d_83,0
HOUSEHOLD_0188_WI_3_validation,d_84,0
HOUSEHOLD_0188_WI_3_validation,d_85,1
HOUSEHOLD_0188_WI_3_validation,d_86,1
HOUSEHOLD_0188_WI_3_validation,d_87,0
HOUSEHOLD_0188_WI_3_validation,d_88,1
HOUSEHOLD_0188_WI_3_validation,d_89,0
HOUSEHOLD_0188_WI_3_validation,d_90,0
HOUSEHOLD_0188_WI_3_validation,d_91,0
HOUSEHOLD_0188_WI_3_validation,d_92,0
HOUSEHOLD_0188_WI_3_validation,d_93,0
HOUSEHOLD_0188_WI_3_validation,d_94,1
HOUSEHOLD_0188_WI_3_validation,d_95,0
HOUSEHOLD_0188_WI_3_validation,d_96,0
HOUSEHOLD_0188_WI_3_validation,d_97,0
HOUSEHOLD_0188_WI_3_validation,d_98,0
HOUSEHOLD_0188_WI_3_validation,d_99,3
HOUSEHOLD_0188_WI_3_validation,d_100,1
HOUSEHOLD_0188_WI_3_validation,d_101,0
HOUSEHOLD_0188_WI_3_validation,d_102,0
HOUSEHOLD_0188_WI_3_validation,d_103,0
HOUSEHOLD_0188_WI_3_validation,d_104,0
HOUSEHOLD_0188_WI_3_validation,d_105,0
HOUSEHOLD_0188_WI_3_validation,d_106,0
HOUSEHOLD_0188_WI_3_validation,d_107,2
HOUSEHOLD_0188_WI_3_validation,d_108,1
HOUSEHOLD_0188_WI_3_validation,d_109,2
HOUSEHOLD_0188_WI_3_validation,d_110,0
HOUSEHOLD_0188_WI_3_validation,d_111,0
HOUSEHOLD_0188_WI_3_validation,d_112,0
HOUSEHOLD_0188_WI_3_validation,d_113,0
HOUSEHOLD_0188_WI_3_validation,d_114,0
HOUSEHOLD_0188_WI_3_validation,d_115,2
HOUSEHOLD_0188_WI_3_validation,d_116,0
HOUSEHOLD_0188_WI_3_validation,d_117,0
HOUSEHOLD_0188_WI_3_validation,d_118,0
HOUSEHOLD_0188_WI_3_validation,d_119,1
HOUSEHOLD_0188_WI_3_validation,d_120,2
HOUSEHOLD_0188_WI_3_validation,d_121,0
HOUSEHOLD_0188_WI_3_validation,d_122,0
HOUSEHOLD_0188_WI_3_validation,d_123,2
HOUSEHOLD_0188_WI_3_validation,d_124,1
HOUSEHOLD_0188_WI_3_validation,d_125,1
HOUSEHOLD_0188_WI_3_validation,d_126,0
HOUSEHOLD_0188_WI_3_validation,d_127,0
HOUSEHOLD_0188_WI_3_validation,d_128,1
HOUSEHOLD_0188_WI_3_validation,d_129,1
HOUSEHOLD_0188_WI_3_validation,d_130,1
HOUSEHOLD_0188_WI_3_validation,d_131,0
HOUSEHOLD_0188_WI_3_validation,d_132,1
HOUSEHOLD_0188_WI_3_validation,d_133,2
HOUSEHOLD_0188_WI_3_validation,d_134,1
HOUSEHOLD_0188_WI_3_validation,d_135,1
HOUSEHOLD_0188_WI_3_validation,d_136,3
HOUSEHOLD_0188_WI_3_validation,d_137,1
HOUSEHOLD_0188_WI_3_validation,d_138,0
HOUSEHOLD_0188_WI_3_validation,d_139,0
HOUSEHOLD_0188_WI_3_validation,d_140,0
HOUSEHOLD_0188_WI_3_validation,d_141,2
HOUSEHOLD_0188_WI_3_validation,d_142,1
HOUSEHOLD_0188_WI_3_validation,d_143,1
HOUSEHOLD_0188_WI_3_validation,d_144,1
HOUSEHOLD_0197_WI_3_validation,d_36,1
HOUSEHOLD_0197_WI_3_validation,d_37,0
HOUSEHOLD_0197_WI_3_validation,d_38,1
HOUSEHOLD_0197_WI_3_validation,d_39,1
HOUSEHOLD_0197_WI_3_validation,d_40,0
HOUSEHOLD_0197_WI_3_validation,d_41,0
HOUSEHOLD_0197_WI_3_validation,d_42,0
HOUSEHOLD_0197_WI_3_validation,d_43,0
HOUSEHOLD_0197_WI_3_validation,d_44,0
HOUSEHOLD_0197_WI_3_validation,d_45,0
HOUSEHOLD_0197_WI_3_validation,d_46,0
HOUSEHOLD_0197_WI_3_validation,d_47,0
HOUSEHOLD_0197_WI_3_validation,d_48,0
HOUSEHOLD_0197_WI_3_validation,d_49,0
HOUSEHOLD_0197_WI_3_validation,d_50,0
HOUSEHOLD_0197_WI_3_validation,d_51,1
HOUSEHOLD_0197_WI_3_validation,d_52,2
HOUSEHOLD_0197_WI_3_validation,d_53,0
HOUSEHOLD_0197_WI_3_validation,d_54,0
HOUSEHOLD_0197_WI_3_validation,d_55,0
HOUSEHOLD_0197_WI_3_validation,d_56,0
HOUSEHOLD_0197_WI_3_validation,d_57,0
HOUSEHOLD_0197_WI_3_validation,d_58,0
HOUSEHOLD_0197_WI_3_validation,d_59,0
HOUSEHOLD_0197_WI_3_validation,d_60,0
HOUSEHOLD_0197_WI_3_validation,d_61,0
HOUSEHOLD_0197_WI_3_validation,d_62,0
HOUSEHOLD_0197_WI_3_validation,d_63,0
HOUSEHOLD_0197_WI_3_validation,d_64,0
HOUSEHOLD_0197_WI_3_validation,d_65,1
HOUSEHOLD_0197_WI_3_validation,d_66,0
HOUSEHOLD_0197_WI_3_validation,d_67,1
HOUSEHOLD_0197_WI_3_validation,d_68,0
HOUSEHOLD_0197_WI_3_validation,d_69,0
HOUSEHOLD_0197_WI_3_validation,d_70,1
HOUSEHOLD_0197_WI_3_validation,d_71,0
HOUSEHOLD_0197_WI_3_validation,d_72,1
HOUSEHOLD_0197_WI_3_validation,d_73,1
HOUSEHOLD_0197_WI_3_validation,d_74,0
HOUSEHOLD_0197_WI_3_validation,d_75,0
HOUSEHOLD_0197_WI_3_validation,d_76,0
HOUSEHOLD_0197_WI_3_validation,d_77,0
HOUSEHOLD_0197_WI_3_validation,d_78,0
HOUSEHOLD_0197_WI_3_validation,d_79,1
HOUSEHOLD_0197_WI_3_validation,d_80,0
HOUSEHOLD_0197_WI_3_validation,d_81,0
HOUSEHOLD_0197_WI_3_validation,d_82,0
HOUSEHOLD_0197_WI_3_validation,d_83,0
HOUSEHOLD_0197_WI_3_validation,d_84,0
HOUSEHOLD_0197_WI_3_validation,d_85,0
HOUSEHOLD_0197_WI_3_validation,d_86,2
HOUSEHOLD_0197_WI_3_validation,d_87,1
HOUSEHOLD_0197_WI_3_validation,d_88,0
HOUSEHOLD_0197_WI_3_validation,d_89,0
HOUSEHOLD_0197_WI_3_validation,d_90,0
HOUSEHOLD_0197_WI_3_validation,d_91,0
HOUSEHOLD_0197_WI_3_validation,d_92,0
HOUSEHOLD_0197_WI_3_validation,d_93,2
HOUSEHOLD_0197_WI_3_validation,d_94,1
HOUSEHOLD_0197_WI_3_validation,d_95,1
HOUSEHOLD_0197_WI_3_validation,d_96,2
HOUSEHOLD_0197_WI_3_validation,d_97,0
HOUSEHOLD_0197_WI_3_validation,d_98,0
HOUSEHOLD_0197_WI_3_validation,d_99,0
HOUSEHOLD_0197_WI_3_validation,d_100,2
HOUSEHOLD_0197_WI_3_validation,d_101,1
HOUSEHOLD_0197_WI_3_validation,d_102,0
HOUSEHOLD_0197_WI_3_validation,d_103,0
HOUSEHOLD_0197_WI_3_validation,d_104,0
HOUSEHOLD_0197_WI_3_validation,d_105,1
HOUSEHOLD_0197_WI_3_validation,d_106,0
HOUSEHOLD_0197_WI_3_validation,d_107,0
HOUSEHOLD_0197_WI_3_validation,d_108,1
HOUSEHOLD_0197_WI_3_validation,d_109,0
HOUSEHOLD_0197_WI_3_validation,d_110,0
HOUSEHOLD_0197_WI_3_validation,d_111,0
HOUSEHOLD_0197_WI_3_validation,d_112,0
HOUSEHOLD_0197_WI_3_validation,d_113,0
HOUSEHOLD_0197_WI_3_validation,d_114,1
HOUSEHOLD_0197_WI_3_validation,d_115,1
HOUSEHOLD_0197_WI_3_validation,d_116,1
HOUSEHOLD_0197_WI_3_validation,d_117,0
HOUSEHOLD_0197_WI_3_validation,d_118,0
HOUSEHOLD_0197_WI_3_validation,d_119,1
HOUSEHOLD_0197_WI_3_validation,d_120,1
HOUSEHOLD_0197_WI_3_validation,d_121,0
HOUSEHOLD_0197_WI_3_validation,d_122,3
HOUSEHOLD_0197_WI_3_validation,d_123,0
HOUSEHOLD_0197_WI_3_validation,d_124,0
HOUSEHOLD_0197_WI_3_validation,d_125,0
HOUSEHOLD_0197_WI_3_validation,d_126,0
HOUSEHOLD_0197_WI_3_validation,d_127,1
HOUSEHOLD_0197_WI_3_validation,d_128,0
HOUSEHOLD_0197_WI_3_validation,d_129,1
HOUSEHOLD_0197_WI_3_validation,d_130,0
HOUSEHOLD_0197_WI_3_validation,d_131,0
HOUSEHOLD_0197_WI_3_validation,d_132,0
HOUSEHOLD_0197_WI_3_validation,d_133,0
HOUSEHOLD_0197_WI_3_validation,d_134,0
HOUSEHOLD_0197_WI_3_validation,d_135,0
HOUSEHOLD_0197_WI_3_validation,d_136,0
HOUSEHOLD_0197_WI_3_validation,d_137,0
HOUSEHOLD_0197_WI_3_validation,d_138,0
HOUSEHOLD_0197_WI_3_validation,d_139,0
HOUSEHOLD_0197_WI_3_validation,d_140,0
HOUSEHOLD_0197_WI_3_validation,d_141,0
HOUSEHOLD_0197_WI_3_validation,d_142,1
HOUSEHOLD_0197_WI_3_validation,d_143,1
HOUSEHOLD_0197_WI_3_validation,d_144,1
HOUSEHOLD_0203_TX_3_validation,d_36,0
HOUSEHOLD_0203_TX_3_validation,d_37,1
HOUSEHOLD_0203_TX_3_validation,d_38,0
HOUSEHOLD_0203_TX_3_validation,d_39,0
HOUSEHOLD_0203_TX_3_validation,d_40,0
HOUSEHOLD_0203_TX_3_validation,d_41,0
HOUSEHOLD_0203_TX_3_validation,d_42,0
HOUSEHOLD_0203_TX_3_validation,d_43,0
HOUSEHOLD_0203_TX_3_validation,d_44,0
HOUSEHOLD_0203_TX_3_validation,d_45,0
HOUSEHOLD_0203_TX_3_validation,d_46,0
HOUSEHOLD_0203_TX_3_validation,d_47,0
HOUSEHOLD_0203_TX_3_validation,d_48,0
HOUSEHOLD_0203_TX_3_validation,d_49,0
HOUSEHOLD_0203_TX_3_validation,d_50,0
HOUSEHOLD_0203_TX_3_validation,d_51,0
HOUSEHOLD_0203_TX_3_validation,d_52,1
HOUSEHOLD_0203_TX_3_validation,d_53,1
HOUSEHOLD_0203_TX_3_validation,d_54,0
HOUSEHOLD_0203_TX_3_validation,d_55,0
HOUSEHOLD_0203_TX_3_validation,d_56,0
HOUSEHOLD_0203_TX_3_validation,d_57,0
HOUSEHOLD_0203_TX_3_validation,d_58,2
HOUSEHOLD_0203_TX_3_validation,d_59,0
HOUSEHOLD_0203_TX_3_validation,d_60,0
HOUSEHOLD_0203_TX_3_validation,d_61,0
HOUSEHOLD_0203_TX_3_validation,d_62,0
HOUSEHOLD_0203_TX_3_validation,d_63,1
HOUSEHOLD_0203_TX_3_validation,d_64,2
HOUSEHOLD_0203_TX_3_validation,d_65,2
HOUSEHOLD_0203_TX_3_validation,d_66,0
HOUSEHOLD_0203_TX_3_validation,d_67,0
HOUSEHOLD_0203_TX_3_validation,d_68,0
HOUSEHOLD_0203_TX_3_validation,d_69,0
HOUSEHOLD_0203_TX_3_validation,d_70,0
HOUSEHOLD_0203_TX_3_validation,d_71,0
HOUSEHOLD_0203_TX_3_validation,d_72,1
HOUSEHOLD_0203_TX_3_validation,d_73,0
HOUSEHOLD_0203_TX_3_validation,d_74,0
HOUSEHOLD_0203_TX_3_validation,d_75,0
HOUSEHOLD_0203_TX_3_validation,d_76,0
HOUSEHOLD_0203_TX_3_validation,d_77,0
HOUSEHOLD_0203_TX_3_validation,d_78,0
HOUSEHOLD_0203_TX_3_validation,d_79,1
HOUSEHOLD_0203_TX_3_validation,d_80,1
HOUSEHOLD_0203_TX_3_validation,d_81,1
HOUSEHOLD_0203_TX_3_validation,d_82,2
HOUSEHOLD_0203_TX_3_validation,d_83,0
HOUSEHOLD_0203_TX_3_validation,d_84,0
HOUSEHOLD_0203_TX_3_validation,d_85,1
HOUSEHOLD_0203_TX_3_validation,d_86,1
HOUSEHOLD_0203_TX_3_validation,d_87,1
HOUSEHOLD_0203_TX_3_validation,d_88,0
HOUSEHOLD_0203_TX_3_validation,d_89,0
HOUSEHOLD_0203_TX_3_validation,d_90,0
HOUSEHOLD_0203_TX_3_validation,d_91,0
HOUSEHOLD_0203_TX_3_validation,d_92,0
HOUSEHOLD_0203_TX_3_validation,d_93,1
HOUSEHOLD_0203_TX_3_validation,d_94,1
HOUSEHOLD_0203_TX_3_validation,d_95,1
HOUSEHOLD_0203_TX_3_validation,d_96,0
HOUSEHOLD_0203_TX_3_validation,d_97,0
HOUSEHOLD_0203_TX_3_validation,d_98,0
HOUSEHOLD_0203_TX_3_validation,d_99,0
HOUSEHOLD_0203_TX_3_validation,d_100,0
HOUSEHOLD_0203_TX_3_validation,d_101,0
HOUSEHOLD_0203_TX_3_validation,d_102,1
HOUSEHOLD_0203_TX_3_validation,d_103,0
HOUSEHOLD_0203_TX_3_validation,d_104,0
HOUSEHOLD_0203_TX_3_validation,d_105,0
HOUSEHOLD_0203_TX_3_validation,d_106,0
HOUSEHOLD_0203_TX_3_validation,d_107,0
HOUSEHOLD_0203_TX_3_validation,d_108,1
HOUSEHOLD_0203_TX_3_validation,d_109,1
HOUSEHOLD_0203_TX_3_validation,d_110,1
HOUSEHOLD_0203_TX_3_validation,d_111,0
HOUSEHOLD_0203_TX_3_validation,d_112,0
HOUSEHOLD_0203_TX_3_validation,d_113,0
HOUSEHOLD_0203_TX_3_validation,d_114,1
HOUSEHOLD_0203_TX_3_validation,d_115,0
HOUSEHOLD_0203_TX_3_validation,d_116,0
HOUSEHOLD_0203_TX_3_validation,d_117,0
HOUSEHOLD_0203_TX_3_validation,d_118,0
HOUSEHOLD_0203_TX_3_validation,d_119,0
HOUSEHOLD_0203_TX_3_validation,d_120,0
HOUSEHOLD_0203_TX_3_validation,d_121,0
HOUSEHOLD_0203_TX_3_validation,d_122,0
HOUSEHOLD_0203_TX_3_validation,d_123,0
HOUSEHOLD_0203_TX_3_validation,d_124,0
HOUSEHOLD_0203_TX_3_validation,d_125,0
HOUSEHOLD_0203_TX_3_validation,d_126,0
HOUSEHOLD_0203_TX_3_validation,d_127,0
HOUSEHOLD_0203_TX_3_validation,d_128,2
HOUSEHOLD_0203_TX_3_validation,d_129,0
HOUSEHOLD_0203_TX_3_validation,d_130,0
HOUSEHOLD_0203_TX_3_validation,d_131,0
HOUSEHOLD_0203_TX_3_validation,d_132,0
HOUSEHOLD_0203_TX_3_validation,d_133,0
HOUSEHOLD_0203_TX_3_validation,d_134,0
HOUSEHOLD_0203_TX_3_validation,d_135,2
HOUSEHOLD_0203_TX_3_validation,d_136,0
HOUSEHOLD_0203_TX_3_validation,d_137,0
HOUSEHOLD_0203_TX_3_validation,d_138,0
HOUSEHOLD_0203_TX_3_validation,d_139,0
HOUSEHOLD_0203_TX_3_validation,d_140,0
HOUSEHOLD_0203_TX_3_validation,d_141,1
HOUSEHOLD_0203_TX_3_validation,d_142,0
HOUSEHOLD_0203_TX_3_validation,d_143,1
HOUSEHOLD_0203_TX_3_validation,d_144,1
HOBBIES_0207_CA_1_validation,d_36,0
HOBBIES_0207_CA_1_validation,d_37,0
HOBBIES_0207_CA_1_validation,d_38,1
HOBBIES_0207_CA_1_validation,d_39,0
HOBBIES_0207_CA_1_validation,d_40,0
HOBBIES_0207_CA_1_validation,d_41,0
HOBBIES_0207_CA_1_validation,d_42,0
HOBBIES_0207_CA_1_validation,d_43,0
HOBBIES_0207_CA_1_validation,d_44,1
HOBBIES_0207_CA_1_validation,d_45,1
HOBBIES_0207_CA_1_validation,d_46,0
HOBBIES_0207_CA_1_validation,d_47,0
HOBBIES_0207_CA_1_validation,d_48,0
HOBBIES_0207_CA_1_validation,d_49,0
HOBBIES_0207_CA_1_validation,d_50,0
HOBBIES_0207_CA_1_validation,d_51,0
HOBBIES_0207_CA_1_validation,d_52,1
HOBBIES_0207_CA_1_validation,d_53,0
HOBBIES_0207_CA_1_validation,d_54,0
HOBBIES_0207_CA_1_validation,d_55,0
HOBBIES_0207_CA_1_validation,d_56,0
HOBBIES_0207_CA_1_validation,d_57,1
HOBBIES_0207_CA_1_validation,d_58,0
HOBBIES_0207_CA_1_validation,d_59,0
HOBBIES_0207_CA_1_validation,d_60,0
HOBBIES_0207_CA_1_validation,d_61,0
HOBBIES_0207_CA_1_validation,d_62,0
HOBBIES_0207_CA_1_validation,d_63,0
HOBBIES_0207_CA_1_validation,d_64,1
HOBBIES_0207_CA_1_validation,d_65,0
HOBBIES_0207_CA_1_validation,d_66,1
HOBBIES_0207_CA_1_validation,d_67,1
HOBBIES_0207_CA_1_validation,d_68,0
HOBBIES_0207_CA_1_validation,d_69,0
HOBBIES_0207_CA_1_validation,d_70,0
HOBBIES_0207_CA_1_validation,d_71,0
HOBBIES_0207_CA_1_validation,d_72,0
HOBBIES_0207_CA_1_validation,d_73,0
HOBBIES_0207_CA_1_validation,d_74,0
HOBBIES_0207_CA_1_validation,d_75,0
HOBBIES_0207_CA_1_validation,d_76,0
HOBBIES_0207_CA_1_validation,d_77,0
HOBBIES_0207_CA_1_validation,d_78,0
HOBBIES_0207_CA_1_validation,d_79,0
HOBBIES_0207_CA_1_validation,d_80,1
HOBBIES_0207_CA_1_validation,d_81,1
HOBBIES_0207_CA_1_validation,d_82,0
HOBBIES_0207_CA_1_validation,d_83,0
HOBBIES_0207_CA_1_validation,d_84,0
HOBBIES_0207_CA_1_validation,d_85,0
HOBBIES_0207_CA_1_validation,d_86,0
HOBBIES_0207_CA_1_validation,d_87,1
HOBBIES_0207_CA_1_validation,d_88,1
HOBBIES_0207_CA_1_validation,d_89,0
HOBBIES_0207_CA_1_validation,d_90,0
HOBBIES_0207_CA_1_validation,d_91,0
HOBBIES_0207_CA_1_validation,d_92,0
HOBBIES_0207_CA_1_validation,d_93,1
HOBBIES_0207_CA_1_validation,d_94,1
HOBBIES_0207_CA_1_validation,d_95,0
HOBBIES_0207_CA_1_validation,d_96,0
HOBBIES_0207_CA_1_validation,d_97,0
HOBBIES_0207_CA_1_validation,d_98,0
HOBBIES_0207_CA_1_validation,d_99,0
HOBBIES_0207_CA_1_validation,d_100,0
HOBBIES_0207_CA_1_validation,d_101,0
HOBBIES_0207_CA_1_validation,d_102,0
HOBBIES_0207_CA_1_validation,d_103,0
HOBBIES_0207_CA_1_validation,d_104,0
HOBBIES_0207_CA_1_validation,d_105,0
HOBBIES_0207_CA_1_validation,d_106,1
HOBBIES_0207_CA_1_validation,d_107,0
HOBBIES_0207_CA_1_validation,d_108,1
HOBBIES_0207_CA_1_validation,d_109,0
HOBBIES_0207_CA_1_validation,d_110,0
HOBBIES_0207_CA_1_validation,d_111,0
HOBBIES_0207_CA_1_validation,d_112,0
HOBBIES_0207_CA_1_validation,d_113,1
HOBBIES_0207_CA_1_validation,d_114,1
HOBBIES_0207_CA_1_validation,d_115,1
HOBBIES_0207_CA_1_validation,d_116,0
HOBBIES_0207_CA_1_validation,d_117,0
HOBBIES_0207_CA_1_validation,d_118,0
HOBBIES_0207_CA_1_validation,d_119,0
HOBBIES_0207_CA_1_validation,d_120,1
HOBBIES_0207_CA_1_validation,d_121,0
HOBBIES_0207_CA_1_validation,d_122,1
HOBBIES_0207_CA_1_validation,d_123,1
HOBBIES_0207_CA_1_validation,d_124,0
HOBBIES_0207_CA_1_validation,d_125,0
HOBBIES_0207_CA_1_validation,d_126,0
HOBBIES_0207_CA_1_validation,d_127,0
HOBBIES_0207_CA_1_validation,d_128,1
HOBBIES_0207_CA_1_validation,d_129,0
HOBBIES_0207_CA_1_validation,d_130,0
HOBBIES_0207_CA_1_validation,d_131,0
HOBBIES_0207_CA_1_validation,d_132,0
HOBBIES_0207_CA_1_validation,d_133,0
HOBBIES_0207_CA_1_validation,d_134,0
HOBBIES_0207_CA_1_validation,d_135,0
HOBBIES_0207_CA_1_validation,d_136,0
HOBBIES_0207_CA_1_validation,d_137,1
HOBBIES_0207_CA_1_validation,d_138,0
HOBBIES_0207_CA_1_validation,d_139,0
HOBBIES_0207_CA_1_validation,d_140,0
HOBBIES_0207_CA_1_validation,d_141,1
HOBBIES_0207_CA_1_validation,d_142,2
HOBBIES_0207_CA_1_validation,d_143,1
HOBBIES_0207_CA_1_validation,d_144,0
HOUSEHOLD_0218_CA_3_validation,d_36,0
HOUSEHOLD_0218_CA_3_validation,d_37,2
HOUSEHOLD_0218_CA_3_validation,d_38,1
HOUSEHOLD_0218_CA_3_validation,d_39,1
HOUSEHOLD_0218_CA_3_validation,d_40,0
HOUSEHOLD_0218_CA_3_validation,d_41,0
HOUSEHOLD_0218_CA_3_validation,d_42,2
HOUSEHOLD_0218_CA_3_validation,d_43,0
HOUSEHOLD_0218_CA_3_validation,d_44,0
HOUSEHOLD_0218_CA_3_validation,d_45,0
HOUSEHOLD_0218_CA_3_validation,d_46,0
HOUSEHOLD_0218_CA_3_validation,d_47,0
HOUSEHOLD_0218_CA_3_validation,d_48,0
HOUSEHOLD_0218_CA_3_validation,d_49,0
HOUSEHOLD_0218_CA_3_validation,d_50,0
HOUSEHOLD_0218_CA_3_validation,d_51,1
HOUSEHOLD_0218_CA_3_validation,d_52,4
HOUSEHOLD_0218_CA_3_validation,d_53,1
HOUSEHOLD_0218_CA_3_validation,d_54,0
HOUSEHOLD_0218_CA_3_validation,d_55,0
HOUSEHOLD_0218_CA_3_validation,d_56,0
HOUSEHOLD_0218_CA_3_validation,d_57,0
HOUSEHOLD_0218_CA_3_validation,d_58,0
HOUSEHOLD_0218_CA_3_validation,d_59,0
HOUSEHOLD_0218_CA_3_validation,d_60,0
HOUSEHOLD_0218_CA_3_validation,d_61,0
HOUSEHOLD_0218_CA_3_validation,d_62,1
HOUSEHOLD_0218_CA_3_validation,d_63,0
HOUSEHOLD_0218_CA_3_validation,d_64,1
HOUSEHOLD_0218_CA_3_validation,d_65,0
HOUSEHOLD_0218_CA_3_validation,d_66,0
HOUSEHOLD_0218_CA_3_validation,d_67,1
HOUSEHOLD_0218_CA_3_validation,d_68,0
HOUSEHOLD_0218_CA_3_validation,d_69,0
HOUSEHOLD_0218_CA_3_validation,d_70,0
HOUSEHOLD_0218_CA_3_validation,d_71,0
HOUSEHOLD_0218_CA_3_validation,d_72,1
HOUSEHOLD_0218_CA_3_validation,d_73,0
HOUSEHOLD_0218_CA_3_validation,d_74,0
HOUSEHOLD_0218_CA_3_validation,d_75,0
HOUSEHOLD_0218_CA_3_validation,d_76,0
HOUSEHOLD_0218_CA_3_validation,d_77,0
HOUSEHOLD_0218_CA_3_validation,d_78,1
HOUSEHOLD_0218_CA_3_validation,d_79,1
HOUSEHOLD_0218_CA_3_validation,d_80,0
HOUSEHOLD_0218_CA_3_validation,d_81,0
HOUSEHOLD_0218_CA_3_validation,d_82,1
HOUSEHOLD_0218_CA_3_validation,d_83,0
HOUSEHOLD_0218_CA_3_validation,d_84,1
HOUSEHOLD_0218_CA_3_validation,d_85,0
HOUSEHOLD_0218_CA_3_validation,d_86,3
HOUSEHOLD_0218_CA_3_validation,d_87,3
HOUSEHOLD_0218_CA_3_validation,d_88,0
HOUSEHOLD_0218_CA_3_validation,d_89,0
HOUSEHOLD_0218_CA_3_validation,d_90,0
HOUSEHOLD_0218_CA_3_validation,d_91,0
HOUSEHOLD_0218_CA_3_validation,d_92,2
HOUSEHOLD_0218_CA_3_validation,d_93,2
HOUSEHOLD_0218_CA_3_validation,d_94,1
HOUSEHOLD_0218_CA_3_validation,d_95,0
HOUSEHOLD_0218_CA_3_validation,d_96,0
HOUSEHOLD_0218_CA_3_validation,d_97,0
HOUSEHOLD_0218_CA_3_validation,d_98,1
HOUSEHOLD_0218_CA_3_validation,d_99,2
HOUSEHOLD_0218_CA_3_validation,d_100,1
HOUSEHOLD_0218_CA_3_validation,d_101,0
HOUSEHOLD_0218_CA_3_validation,d_102,1
HOUSEHOLD_0218_CA_3_validation,d_103,0
HOUSEHOLD_0218_CA_3_validation,d_104,0
HOUSEHOLD_0218_CA_3_validation,d_105,0
HOUSEHOLD_0218_CA_3_validation,d_106,0
HOUSEHOLD_0218_CA_3_validation,d_107,0
HOUSEHOLD_0218_CA_3_validation,d_108,0
HOUSEHOLD_0218_CA_3_validation,d_109,0
HOUSEHOLD_0218_CA_3_validation,d_110,0
HOUSEHOLD_0218_CA_3_validation,d_111,0
HOUSEHOLD_0218_CA_3_validation,d_112,0
HOUSEHOLD_0218_CA_3_validation,d_113,1
HOUSEHOLD_0218_CA_3_validation,d_114,0
HOUSEHOLD_0218_CA_3_validation,d_115,1
HOUSEHOLD_0218_CA_3_validation,d_116,0
HOUSEHOLD_0218_CA_3_validation,d_117,3
HOUSEHOLD_0218_CA_3_validation,d_118,0
HOUSEHOLD_0218_CA_3_validation,d_119,0
HOUSEHOLD_0218_CA_3_validation,d_120,1
HOUSEHOLD_0218_CA_3_validation,d_121,1
HOUSEHOLD_0218_CA_3_validation,d_122,2
HOUSEHOLD_0218_CA_3_validation,d_123,0
HOUSEHOLD_0218_CA_3_validation,d_124,0
HOUSEHOLD_0218_CA_3_validation,d_125,0
HOUSEHOLD_0218_CA_3_validation,d_126,0
HOUSEHOLD_0218_CA_3_validation,d_127,0
HOUSEHOLD_0218_CA_3_validation,d_128,0
HOUSEHOLD_0218_CA_3_validation,d_129,2
HOUSEHOLD_0218_CA_3_validation,d_130,0
HOUSEHOLD_0218_CA_3_validation,d_131,1
HOUSEHOLD_0218_CA_3_validation,d_132,0
HOUSEHOLD_0218_CA_3_validation,d_133,0
HOUSEHOLD_0218_CA_3_validation,d_134,0
HOUSEHOLD_0218_CA_3_validation,d_135,0
HOUSEHOLD_0218_CA_3_validation,d_136,1
HOUSEHOLD_0218_CA_3_validation,d_137,0
HOUSEHOLD_0218_CA_3_validation,d_138,0
HOUSEHOLD_0218_CA_3_validation,d_139,0
HOUSEHOLD_0218_CA_3_validation,d_140,0
HOUSEHOLD_0218_CA_3_validation,d_141,0
HOUSEHOLD_0218_CA_3_validation,d_142,0
HOUSEHOLD_0218_CA_3_validation,d_143,0
HOUSEHOLD_0218_CA_3_validation,d_144,1
HOUSEHOLD_0224_WI_3_validation,d_36,0
HOUSEHOLD_0224_WI_3_validation,d_37,0
HOUSEHOLD_0224_WI_3_validation,d_38,2
HOUSEHOLD_0224_WI_3_validation,d_39,0
HOUSEHOLD_0224_WI_3_validation,d_40,0
HOUSEHOLD_0224_WI_3_validation,d_41,0
HOUSEHOLD_0224_WI_3_validation,d_42,0
HOUSEHOLD_0224_WI_3_validation,d_43,0
HOUSEHOLD_0224_WI_3_validation,d_44,0
HOUSEHOLD_0224_WI_3_validation,d_45,0
HOUSEHOLD_0224_WI_3_validation,d_46,0
HOUSEHOLD_0224_WI_3_validation,d_47,0
HOUSEHOLD_0224_WI_3_validation,d_48,0
HOUSEHOLD_0224_WI_3_validation,d_49,0
HOUSEHOLD_0224_WI_3_validation,d_50,1
HOUSEHOLD_0224_WI_3_validation,d_51,0
HOUSEHOLD_0224_WI_3_validation,d_52,1
HOUSEHOLD_0224_WI_3_validation,d_53,0
HOUSEHOLD_0224_WI_3_validation,d_54,0
HOUSEHOLD_0224_WI_3_validation,d_55,0
HOUSEHOLD_0224_WI_3_validation,d_56,0
HOUSEHOLD_0224_WI_3_validation,d_57,0
HOUSEHOLD_0224_WI_3_validation,d_58,0
HOUSEHOLD_0224_WI_3_validation,d_59,0
HOUSEHOLD_0224_WI_3_validation,d_60,1
HOUSEHOLD_0224_WI_3_validation,d_61,0
HOUSEHOLD_0224_WI_3_validation,d_62,0
HOUSEHOLD_0224_WI_3_validation,d_63,0
HOUSEHOLD_0224_WI_3_validation,d_64,1
HOUSEHOLD_0224_WI_3_validation,d_65,0
HOUSEHOLD_0224_WI_3_validation,d_66,0
HOUSEHOLD_0224_WI_3_validation,d_67,0
HOUSEHOLD_0224_WI_3_validation,d_68,1
HOUSEHOLD_0224_WI_3_validation,d_69,0
HOUSEHOLD_0224_WI_3_validation,d_70,0
HOUSEHOLD_0224_WI_3_validation,d_71,0
HOUSEHOLD_0224_WI_3_validation,d_72,0
HOUSEHOLD_0224_WI_3_validation,d_73,0
HOUSEHOLD_0224_WI_3_validation,d_74,0
HOUSEHOLD_0224_WI_3_validation,d_75,0
HOUSEHOLD_0224_WI_3_validation,d_76,0
HOUSEHOLD_0224_WI_3_validation,d_77,0
HOUSEHOLD_0224_WI_3_validation,d_78,0
HOUSEHOLD_0224_WI_3_validation,d_79,1
HOUSEHOLD_0224_WI_3_validation,d_80,0
HOUSEHOLD_0224_WI_3_validation,d_81,0
HOUSEHOLD_0224_WI_3_validation,d_82,0
HOUSEHOLD_0224_WI_3_validation,d_83,0
HOUSEHOLD_0224_WI_3_validation,d_84,0
HOUSEHOLD_0224_WI_3_validation,d_85,0
HOUSEHOLD_0224_WI_3_validation,d_86,0
HOUSEHOLD_0224_WI_3_validation,d_87,0
HOUSEHOLD_0224_WI_3_validation,d_88,0
HOUSEHOLD_0224_WI_3_validation,d_89,0
HOUSEHOLD_0224_WI_3_validation,d_90,0
HOUSEHOLD_0224_WI_3_validation,d_91,0
HOUSEHOLD_0224_WI_3_validation,d_92,0
HOUSEHOLD_0224_WI_3_validation,d_93,1
HOUSEHOLD_0224_WI_3_validation,d_94,0
HOUSEHOLD_0224_WI_3_validation,d_95,0
HOUSEHOLD_0224_WI_3_validation,d_96,0
HOUSEHOLD_0224_WI_3_validation,d_97,0
HOUSEHOLD_0224_WI_3_validation,d_98,0
HOUSEHOLD_0224_WI_3_validation,d_99,0
HOUSEHOLD_0224_WI_3_validation,d_100,0
HOUSEHOLD_0224_WI_3_validation,d_101,0
HOUSEHOLD_0224_WI_3_validation,d_102,0
HOUSEHOLD_0224_WI_3_validation,d_103,0
HOUSEHOLD_0224_WI_3_validation,d_104,0
HOUSEHOLD_0224_WI_3_validation,d_105,0
HOUSEHOLD_0224_WI_3_validation,d_106,0
HOUSEHOLD_0224_WI_3_validation,d_107,0
HOUSEHOLD_0224_WI_3_validation,d_108,1
HOUSEHOLD_0224_WI_3_validation,d_109,0
HOUSEHOLD_0224_WI_3_validation,d_110,0
HOUSEHOLD_0224_WI_3_validation,d_111,0
HOUSEHOLD_0224_WI_3_validation,d_112,0
HOUSEHOLD_0224_WI_3_validation,d_113,0
HOUSEHOLD_0224_WI_3_validation,d_114,0
HOUSEHOLD_0224_WI_3_validation,d_115,1
HOUSEHOLD_0224_WI_3_validation,d_116,0
HOUSEHOLD_0224_WI_3_validation,d_117,0
HOUSEHOLD_0224_WI_3_validation,d_118,0
HOUSEHOLD_0224_WI_3_validation,d_119,0
HOUSEHOLD_0224_WI_3_validation,d_120,1
HOUSEHOLD_0224_WI_3_validation,d_121,0
HOUSEHOLD_0224_WI_3_validation,d_122,1
HOUSEHOLD_0224_WI_3_validation,d_123,3
HOUSEHOLD_0224_WI_3_validation,d_124,1
HOUSEHOLD_0224_WI_3_validation,d_125,0
HOUSEHOLD_0224_WI_3_validation,d_126,0
HOUSEHOLD_0224_WI_3_validation,d_127,0
HOUSEHOLD_0224_WI_3_validation,d_128,0
HOUSEHOLD_0224_WI_3_validation,d_129,0
HOUSEHOLD_0224_WI_3_validation,d_130,1
HOUSEHOLD_0224_WI_3_validation,d_131,0
HOUSEHOLD_0224_WI_3_validation,d_132,0
HOUSEHOLD_0224_WI_3_validation,d_133,0
HOUSEHOLD_0224_WI_3_validation,d_134,0
HOUSEHOLD_0224_WI_3_validation,d_135,1
HOUSEHOLD_0224_WI_3_validation,d_136,0
HOUSEHOLD_0224_WI_3_validation,d_137,0
HOUSEHOLD_0224_WI_3_validation,d_138,0
HOUSEHOLD_0224_WI_3_validation,d_139,0
HOUSEHOLD_0224_WI_3_validation,d_140,0
HOUSEHOLD_0224_WI_3_validation,d_141,0
HOUSEHOLD_0224_WI_3_validation,d_142,0
HOUSEHOLD_0224_WI_3_validation,d_143,0
HOUSEHOLD_0224_WI_3_validation,d_144,0
HOBBIES_0228_TX_1_validation,d_36,0
HOBBIES_0228_TX_1_validation,d_37,0
HOBBIES_0228_TX_1_validation,d_38,3
HOBBIES_0228_TX_1_validation,d_39,1
HOBBIES_0228_TX_1_validation,d_40,0
HOBBIES_0228_TX_1_validation,d_41,0
HOBBIES_0228_TX_1_validation,d_42,0
HOBBIES_0228_TX_1_validation,d_43,0
HOBBIES_0228_TX_1_validation,d_44,1
HOBBIES_0228_TX_1_validation,d_45,2
HOBBIES_0228_TX_1_validation,d_46,1
HOBBIES_0228_TX_1_validation,d_47,0
HOBBIES_0228_TX_1_validation,d_48,0
HOBBIES_0228_TX_1_validation,d_49,0
HOBBIES_0228_TX_1_validation,d_50,2
HOBBIES_0228_TX_1_validation,d_51,2
HOBBIES_0228_TX_1_validation,d_52,1
HOBBIES_0228_TX_1_validation,d_53,0
HOBBIES_0228_TX_1_validation,d_54,0
HOBBIES_0228_TX_1_validation,d_55,0
HOBBIES_0228_TX_1_validation,d_56,0
HOBBIES_0228_TX_1_validation,d_57,0
HOBBIES_0228_TX_1_validation,d_58,1
HOBBIES_0228_TX_1_validation,d_59,0
HOBBIES_0228_TX_1_validation,d_60,0
HOBBIES_0228_TX_1_validation,d_61,0
HOBBIES_0228_TX_1_validation,d_62,1
HOBBIES_0228_TX_1_validation,d_63,0
HOBBIES_0228_TX_1_validation,d_64,0
HOBBIES_0228_TX_1_validation,d_65,2
HOBBIES_0228_TX_1_validation,d_66,0
HOBBIES_0228_TX_1_validation,d_67,0
HOBBIES_0228_TX_1_validation,d_68,0
HOBBIES_0228_TX_1_validation,d_69,0
HOBBIES_0228_TX_1_validation,d_70,0
HOBBIES_0228_TX_1_validation,d_71,1
HOBBIES_0228_TX_1_validation,d_72,0
HOBBIES_0228_TX_1_validation,d_73,1
HOBBIES_0228_TX_1_validation,d_74,0
HOBBIES_0228_TX_1_validation,d_75,0
HOBBIES_0228_TX_1_validation,d_76,0
HOBBIES_0228_TX_1_validation,d_77,1
HOBBIES_0228_TX_1_validation,d_78,0
HOBBIES_0228_TX_1_validation,d_79,0
HOBBIES_0228_TX_1_validation,d_80,1
HOBBIES_0228_TX_1_validation,d_81,0
HOBBIES_0228_TX_1_validation,d_82,0
HOBBIES_0228_TX_1_validation,d_83,0
HOBBIES_0228_TX_1_validation,d_84,0
HOBBIES_0228_TX_1_validation,d_85,0
HOBBIES_0228_TX_1_validation,d_86,0
HOBBIES_0228_TX_1_validation,d_87,1
HOBBIES_0228_TX_1_validation,d_88,1
HOBBIES_0228_TX_1_validation,d_89,0
HOBBIES_0228_TX_1_validation,d_90,0
HOBBIES_0228_TX_1_validation,d_91,0
HOBBIES_0228_TX_1_validation,d_92,0
HOBBIES_0228_TX_1_validation,d_93,1
HOBBIES_0228_TX_1_validation,d_94,0
HOBBIES_0228_TX_1_validation,d_95,0
HOBBIES_0228_TX_1_validation,d_96,0
HOBBIES_0228_TX_1_validation,d_97,0
HOBBIES_0228_TX_1_validation,d_98,0
HOBBIES_0228_TX_1_validation,d_99,0
HOBBIES_0228_TX_1_validation,d_100,1
HOBBIES_0228_TX_1_validation,d_101,2
HOBBIES_0228_TX_1_validation,d_102,1
HOBBIES_0228_TX_1_validation,d_103,0
HOBBIES_0228_TX_1_validation,d_104,0
HOBBIES_0228_TX_1_validation,d_105,0
HOBBIES_0228_TX_1_validation,d_106,0
HOBBIES_0228_TX_1_validation,d_107,0
HOBBIES_0228_TX_1_validation,d_108,0
HOBBIES_0228_TX_1_validation,d_109,0
HOBBIES_0228_TX_1_validation,d_110,0
HOBBIES_0228_TX_1_validation,d_111,0
HOBBIES_0228_TX_1_validation,d_112,0
HOBBIES_0228_TX_1_validation,d_113,1
HOBBIES_0228_TX_1_validation,d_114,0
HOBBIES_0228_TX_1_validation,d_115,0
HOBBIES_0228_TX_1_validation,d_116,0
HOBBIES_0228_TX_1_validation,d_117,0
HOBBIES_0228_TX_1_validation,d_118,0
HOBBIES_0228_TX_1_validation,d_119,0
HOBBIES_0228_TX_1_validation,d_120,1
HOBBIES_0228_TX_1_validation,d_121,1
HOBBIES_0228_TX_1_validation,d_122,0
HOBBIES_0228_TX_1_validation,d_123,1
HOBBIES_0228_TX_1_validation,d_124,1
HOBBIES_0228_TX_1_validation,d_125,0
HOBBIES_0228_TX_1_validation,d_126,0
HOBBIES_0228_TX_1_validation,d_127,0
HOBBIES_0228_TX_1_validation,d_128,1
HOBBIES_0228_TX_1_validation,d_129,0
HOBBIES_0228_TX_1_validation,d_130,0
HOBBIES_0228_TX_1_validation,d_131,0
HOBBIES_0228_TX_1_validation,d_132,0
HOBBIES_0228_TX_1_validation,d_133,0
HOBBIES_0228_TX_1_validation,d_134,0
HOBBIES_0228_TX_1_validation,d_135,2
HOBBIES_0228_TX_1_validation,d_136,0
HOBBIES_0228_TX_1_validation,d_137,0
HOBBIES_0228_TX_1_validation,d_138,0
HOBBIES_0228_TX_1_validation,d_139,0
HOBBIES_0228_TX_1_validation,d_140,0
HOBBIES_0228_TX_1_validation,d_141,0
HOBBIES_0228_TX_1_validation,d_142,1
HOBBIES_0228_TX_1_validation,d_143,0
HOBBIES_0228_TX_1_validation,d_144,0
HOUSEHOLD_0230_TX_3_validation,d_36,0
HOUSEHOLD_0230_TX_3_validation,d_37,1
HOUSEHOLD_0230_TX_3_validation,d_38,1
HOUSEHOLD_0230_TX_3_validation,d_39,0
HOUSEHOLD_0230_TX_3_validation,d_40,0
HOUSEHOLD_0230_TX_3_validation,d_41,0
HOUSEHOLD_0230_TX_3_validation,d_42,0
HOUSEHOLD_0230_TX_3_validation,d_43,0
HOUSEHOLD_0230_TX_3_validation,d_44,1
HOUSEHOLD_0230_TX_3_validation,d_45,1
HOUSEHOLD_0230_TX_3_validation,d_46,1
HOUSEHOLD_0230_TX_3_validation,d_47,0
HOUSEHOLD_0230_TX_3_validation,d_48,0
HOUSEHOLD_0230_TX_3_validation,d_49,0
HOUSEHOLD_0230_TX_3_validation,d_50,0
HOUSEHOLD_0230_TX_3_validation,d_51,1
HOUSEHOLD_0230_TX_3_validation,d_52,1
HOUSEHOLD_0230_TX_3_validation,d_53,0
HOUSEHOLD_0230_TX_3_validation,d_54,0
HOUSEHOLD_0230_TX_3_validation,d_55,0
HOUSEHOLD_0230_TX_3_validation,d_56,0
HOUSEHOLD_0230_TX_3_validation,d_57,0
HOUSEHOLD_0230_TX_3_validation,d_58,0
HOUSEHOLD_0230_TX_3_validation,d_59,0
HOUSEHOLD_0230_TX_3_validation,d_60,0
HOUSEHOLD_0230_TX_3_validation,d_61,0
HOUSEHOLD_0230_TX_3_validation,d_62,0
HOUSEHOLD_0230_TX_3_validation,d_63,0
HOUSEHOLD_0230_TX_3_validation,d_64,0
HOUSEHOLD_0230_TX_3_validation,d_65,2
HOUSEHOLD_0230_TX_3_validation,d_66,2
HOUSEHOLD_0230_TX_3_validation,d_67,1
HOUSEHOLD_0230_TX_3_validation,d_68,1
HOUSEHOLD_0230_TX_3_validation,d_69,1
HOUSEHOLD_0230_TX_3_validation,d_70,0
HOUSEHOLD_0230_TX_3_validation,d_71,1
HOUSEHOLD_0230_TX_3_validation,d_72,0
HOUSEHOLD_0230_TX_3_validation,d_73,0
HOUSEHOLD_0230_TX_3_validation,d_74,0
HOUSEHOLD_0230_TX_3_validation,d_75,0
HOUSEHOLD_0230_TX_3_validation,d_76,0
HOUSEHOLD_0230_TX_3_validation,d_77,0
HOUSEHOLD_0230_TX_3_validation,d_78,1
HOUSEHOLD_0230_TX_3_validation,d_79,0
HOUSEHOLD_0230_TX_3_validation,d_80,2
HOUSEHOLD_0230_TX_3_validation,d_81,0
HOUSEHOLD_0230_TX_3_validation,d_82,1
HOUSEHOLD_0230_TX_3_validation,d_83,0
HOUSEHOLD_0230_TX_3_validation,d_84,0
HOUSEHOLD_0230_TX_3_validation,d_85,2
HOUSEHOLD_0230_TX_3_validation,d_86,0
HOUSEHOLD_0230_TX_3_validation,d_87,0
HOUSEHOLD_0230_TX_3_validation,d_88,2
HOUSEHOLD_0230_TX_3_validation,d_89,0
HOUSEHOLD_0230_TX_3_validation,d_90,0
HOUSEHOLD_0230_TX_3_validation,d_91,0
HOUSEHOLD_0230_TX_3_validation,d_92,0
HOUSEHOLD_0230_TX_3_validation,d_93,2
HOUSEHOLD_0230_TX_3_validation,d_94,1
HOUSEHOLD_0230_TX_3_validation,d_95,1
HOUSEHOLD_0230_TX_3_validation,d_96,1
HOUSEHOLD_0230_TX_3_validation,d_97,0
HOUSEHOLD_0230_TX_3_validation,d_98,0
HOUSEHOLD_0230_TX_3_validation,d_99,0
HOUSEHOLD_0230_TX_3_validation,d_100,0
HOUSEHOLD_0230_TX_3_validation,d_101,1
HOUSEHOLD_0230_TX_3_validation,d_102,0
HOUSEHOLD_0230_TX_3_validation,d_103,0
HOUSEHOLD_0230_TX_3_validation,d_104,1
HOUSEHOLD_0230_TX_3_validation,d_105,1
HOUSEHOLD_0230_TX_3_validation,d_106,0
HOUSEHOLD_0230_TX_3_validation,d_107,0
HOUSEHOLD_0230_TX_3_validation,d_108,0
HOUSEHOLD_0230_TX_3_validation,d_109,0
HOUSEHOLD_0230_TX_3_validation,d_110,0
HOUSEHOLD_0230_TX_3_validation,d_111,0
HOUSEHOLD_0230_TX_3_validation,d_112,0
HOUSEHOLD_0230_TX_3_validation,d_113,0
HOUSEHOLD_0230_TX_3_validation,d_114,1
HOUSEHOLD_0230_TX_3_validation,d_115,1
HOUSEHOLD_0230_TX_3_validation,d_116,0
HOUSEHOLD_0230_TX_3_validation,d_117,0
HOUSEHOLD_0230_TX_3_validation,d_118,0
HOUSEHOLD_0230_TX_3_validation,d_119,0
HOUSEHOLD_0230_TX_3_validation,d_120,0
HOUSEHOLD_0230_TX_3_validation,d_121,1
HOUSEHOLD_0230_TX_3_validation,d_122,2
HOUSEHOLD_0230_TX_3_validation,d_123,0
HOUSEHOLD_0230_TX_3_validation,d_124,0
HOUSEHOLD_0230_TX_3_validation,d_125,0
HOUSEHOLD_0230_TX_3_validation,d_126,0
HOUSEHOLD_0230_TX_3_validation,d_127,0
HOUSEHOLD_0230_TX_3_validation,d_128,0
HOUSEHOLD_0230_TX_3_validation,d_129,2
HOUSEHOLD_0230_TX_3_validation,d_130,0
HOUSEHOLD_0230_TX_3_validation,d_131,0
HOUSEHOLD_0230_TX_3_validation,d_132,0
HOUSEHOLD_0230_TX_3_validation,d_133,1
HOUSEHOLD_0230_TX_3_validation,d_134,0
HOUSEHOLD_0230_TX_3_validation,d_135,0
HOUSEHOLD_0230_TX_3_validation,d_136,0
HOUSEHOLD_0230_TX_3_validation,d_137,0
HOUSEHOLD_0230_TX_3_validation,d_138,0
HOUSEHOLD_0230_TX_3_validation,d_139,0
HOUSEHOLD_0230_TX_3_validation,d_140,0
HOUSEHOLD_0230_TX_3_validation,d_141,1
HOUSEHOLD_0230_TX_3_validation,d_142,0
HOUSEHOLD_0230_TX_3_validation,d_143,0
HOUSEHOLD_0230_TX_3_validation,d_144,0
HOBBIES_0231_WI_1_validation,d_36,1
HOBBIES_0231_WI_1_validation,d_37,0
HOBBIES_0231_WI_1_validation,d_38,2
HOBBIES_0231_WI_1_validation,d_39,1
HOBBIES_0231_WI_1_validation,d_40,0
HOBBIES_0231_WI_1_validation,d_41,0
HOBBIES_0231_WI_1_validation,d_42,1
HOBBIES_0231_WI_1_validation,d_43,1
HOBBIES_0231_WI_1_validation,d_44,4
HOBBIES_0231_WI_1_validation,d_45,0
HOBBIES_0231_WI_1_validation,d_46,1
HOBBIES_0231_WI_1_validation,d_47,0
HOBBIES_0231_WI_1_validation,d_48,0
HOBBIES_0231_WI_1_validation,d_49,0
HOBBIES_0231_WI_1_validation,d_50,0
HOBBIES_0231_WI_1_validation,d_51,1
HOBBIES_0231_WI_1_validation,d_52,0
HOBBIES_0231_WI_1_validation,d_53,0
HOBBIES_0231_WI_1_validation,d_54,0
HOBBIES_0231_WI_1_validation,d_55,0
HOBBIES_0231_WI_1_validation,d_56,0
HOBBIES_0231_WI_1_validation,d_57,0
HOBBIES_0231_WI_1_validation,d_58,2
HOBBIES_0231_WI_1_validation,d_59,4
HOBBIES_0231_WI_1_validation,d_60,2
HOBBIES_0231_WI_1_validation,d_61,1
HOBBIES_0231_WI_1_validation,d_62,0
HOBBIES_0231_WI_1_validation,d_63,0
HOBBIES_0231_WI_1_validation,d_64,0
HOBBIES_0231_WI_1_validation,d_65,1
HOBBIES_0231_WI_1_validation,d_66,3
HOBBIES_0231_WI_1_validation,d_67,1
HOBBIES_0231_WI_1_validation,d_68,0
HOBBIES_0231_WI_1_validation,d_69,0
HOBBIES_0231_WI_1_validation,d_70,0
HOBBIES_0231_WI_1_validation,d_71,0
HOBBIES_0231_WI_1_validation,d_72,0
HOBBIES_0231_WI_1_validation,d_73,1
HOBBIES_0231_WI_1_validation,d_74,0
HOBBIES_0231_WI_1_validation,d_75,0
HOBBIES_0231_WI_1_validation,d_76,0
HOBBIES_0231_WI_1_validation,d_77,0
HOBBIES_0231_WI_1_validation,d_78,0
HOBBIES_0231_WI_1_validation,d_79,0
HOBBIES_0231_WI_1_validation,d_80,0
HOBBIES_0231_WI_1_validation,d_81,1
HOBBIES_0231_WI_1_validation,d_82,0
HOBBIES_0231_WI_1_validation,d_83,0
HOBBIES_0231_WI_1_validation,d_84,0
HOBBIES_0231_WI_1_validation,d_85,0
HOBBIES_0231_WI_1_validation,d_86,0
HOBBIES_0231_WI_1_validation,d_87,2
HOBBIES_0231_WI_1_validation,d_88,3
HOBBIES_0231_WI_1_validation,d_89,1
HOBBIES_0231_WI_1_validation,d_90,0
HOBBIES_0231_WI_1_validation,d_91,0
HOBBIES_0231_WI_1_validation,d_92,0
HOBBIES_0231_WI_1_validation,d_93,4
HOBBIES_0231_WI_1_validation,d_94,2
HOBBIES_0231_WI_1_validation,d_95,1
HOBBIES_0231_WI_1_validation,d_96,1
HOBBIES_0231_WI_1_validation,d_97,0
HOBBIES_0231_WI_1_validation,d_98,0
HOBBIES_0231_WI_1_validation,d_99,0
HOBBIES_0231_WI_1_validation,d_100,0
HOBBIES_0231_WI_1_validation,d_101,0
HOBBIES_0231_WI_1_validation,d_102,0
HOBBIES_0231_WI_1_validation,d_103,1
HOBBIES_0231_WI_1_validation,d_104,0
HOBBIES_0231_WI_1_validation,d_105,0
HOBBIES_0231_WI_1_validation,d_106,0
HOBBIES_0231_WI_1_validation,d_107,0
HOBBIES_0231_WI_1_validation,d_108,2
HOBBIES_0231_WI_1_validation,d_109,0
HOBBIES_0231_WI_1_validation,d_110,0
HOBBIES_0231_WI_1_validation,d_111,0
HOBBIES_0231_WI_1_validation,d_112,0
HOBBIES_0231_WI_1_validation,d_113,0
HOBBIES_0231_WI_1_validation,d_114,0
HOBBIES_0231_WI_1_validation,d_115,1
HOBBIES_0231_WI_1_validation,d_116,0
HOBBIES_0231_WI_1_validation,d_117,0
HOBBIES_0231_WI_1_validation,d_118,0
HOBBIES_0231_WI_1_validation,d_119,0
HOBBIES_0231_WI_1_validation,d_120,1
HOBBIES_0231_WI_1_validation,d_121,1
HOBBIES_0231_WI_1_validation,d_122,0
HOBBIES_0231_WI_1_validation,d_123,1
HOBBIES_0231_WI_1_validation,d_124,0
HOBBIES_0231_WI_1_validation,d_125,0
HOBBIES_0231_WI_1_validation,d_126,0
HOBBIES_0231_WI_1_validation,d_127,2
HOBBIES_0231_WI_1_validation,d_128,1
HOBBIES_0231_WI_1_validation,d_129,0
HOBBIES_0231_WI_1_validation,d_130,0
HOBBIES_0231_WI_1_validation,d_131,0
HOBBIES_0231_WI_1_validation,d_132,0
HOBBIES_0231_WI_1_validation,d_133,0
HOBBIES_0231_WI_1_validation,d_134,0
HOBBIES_0231_WI_1_validation,d_135,1
HOBBIES_0231_WI_1_validation,d_136,0
HOBBIES_0231_WI_1_validation,d_137,0
HOBBIES_0231_WI_1_validation,d_138,0
HOBBIES_0231_WI_1_validation,d_139,0
HOBBIES_0231_WI_1_validation,d_140,0
HOBBIES_0231_WI_1_validation,d_141,0
HOBBIES_0231_WI_1_validation,d_142,0
HOBBIES_0231_WI_1_validation,d_143,0
HOBBIES_0231_WI_1_validation,d_144,1
FOODS_0235_CA_2_validation,d_36,0
FOODS_0235_CA_2_validation,d_37,0
FOODS_0235_CA_2_validation,d_38,0
FOODS_0235_CA_2_validation,d_39,1
FOODS_0235_CA_2_validation,d_40,0
FOODS_0235_CA_2_validation,d_41,0
FOODS_0235_CA_2_validation,d_42,1
FOODS_0235_CA_2_validation,d_43,0
FOODS_0235_CA_2_validation,d_44,1
FOODS_0235_CA_2_validation,d_45,1
FOODS_0235_CA_2_validation,d_46,0
FOODS_0235_CA_2_validation,d_47,1
FOODS_0235_CA_2_validation,d_48,1
FOODS_0235_CA_2_validation,d_49,0
FOODS_0235_CA_2_validation,d_50,0
FOODS_0235_CA_2_validation,d_51,0
FOODS_0235_CA_2_validation,d_52,0
FOODS_0235_CA_2_validation,d_53,0
FOODS_0235_CA_2_validation,d_54,0
FOODS_0235_CA_2_validation,d_55,0
FOODS_0235_CA_2_validation,d_56,0
FOODS_0235_CA_2_validation,d_57,0
FOODS_0235_CA_2_validation,d_58,1
FOODS_0235_CA_2_validation,d_59,1
FOODS_0235_CA_2_validation,d_60,1
FOODS_0235_CA_2_validation,d_61,1
FOODS_0235_CA_2_validation,d_62,0
FOODS_0235_CA_2_validation,d_63,0
FOODS_0235_CA_2_validation,d_64,0
FOODS_0235_CA_2_validation,d_65,0
FOODS_0235_CA_2_validation,d_66,0
FOODS_0235_CA_2_validation,d_67,0
FOODS_0235_CA_2_validation,d_68,0
FOODS_0235_CA_2_validation,d_69,0
FOODS_0235_CA_2_validation,d_70,0
FOODS_0235_CA_2_validation,d_71,0
FOODS_0235_CA_2_validation,d_72,0
FOODS_0235_CA_2_validation,d_73,1
FOODS_0235_CA_2_validation,d_74,0
FOODS_0235_CA_2_validation,d_75,0
FOODS_0235_CA_2_validation,d_76,0
FOODS_0235_CA_2_validation,d_77,0
FOODS_0235_CA_2_validation,d_78,0
FOODS_0235_CA_2_validation,d_79,0
FOODS_0235_CA_2_validation,d_80,2
FOODS_0235_CA_2_validation,d_81,0
FOODS_0235_CA_2_validation,d_82,1
FOODS_0235_CA_2_validation,d_83,0
FOODS_0235_CA_2_validation,d_84,0
FOODS_0235_CA_2_validation,d_85,0
FOODS_0235_CA_2_validation,d_86,0
FOODS_0235_CA_2_validation,d_87,1
FOODS_0235_CA_2_validation,d_88,0
FOODS_0235_CA_2_validation,d_89,0
FOODS_0235_CA_2_validation,d_90,0
FOODS_0235_CA_2_validation,d_91,1
FOODS_0235_CA_2_validation,d_92,0
FOODS_0235_CA_2_validation,d_93,1
FOODS_0235_CA_2_validation,d_94,0
FOODS_0235_CA_2_validation,d_95,0
FOODS_0235_CA_2_validation,d_96,0
FOODS_0235_CA_2_validation,d_97,0
FOODS_0235_CA_2_validation,d_98,0
FOODS_0235_CA_2_validation,d_99,0
FOODS_0235_CA_2_validation,d_100,1
FOODS_0235_CA_2_validation,d_101,3
FOODS_0235_CA_2_validation,d_102,0
FOODS_0235_CA_2_validation,d_103,0
FOODS_0235_CA_2_validation,d_104,0
FOODS_0235_CA_2_validation,d_105,0
FOODS_0235_CA_2_validation,d_106,0
FOODS_0235_CA_2_validation,d_107,0
FOODS_0235_CA_2_validation,d_108,0
FOODS_0235_CA_2_validation,d_109,0
FOODS_0235_CA_2_validation,d_110,0
FOODS_0235_CA_2_validation,d_111,0
FOODS_0235_CA_2_validation,d_112,0
FOODS_0235_CA_2_validation,d_113,0
FOODS_0235_CA_2_validation,d_114,0
FOODS_0235_CA_2_validation,d_115,0
FOODS_0235_CA_2_validation,d_116,0
FOODS_0235_CA_2_validation,d_117,0
FOODS_0235_CA_2_validation,d_118,0
FOODS_0235_CA_2_validation,d_119,1
FOODS_0235_CA_2_validation,d_120,0
FOODS_0235_CA_2_validation,d_121,0
FOODS_0235_CA_2_validation,d_122,0
FOODS_0235_CA_2_validation,d_123,1
FOODS_0235_CA_2_validation,d_124,0
FOODS_0235_CA_2_validation,d_125,0
FOODS_0235_CA_2_validation,d_126,0
FOODS_0235_CA_2_validation,d_127,0
FOODS_0235_CA_2_validation,d_128,0
FOODS_0235_CA_2_validation,d_129,0
FOODS_0235_CA_2_validation,d_130,0
FOODS_0235_CA_2_validation,d_131,0
FOODS_0235_CA_2_validation,d_132,0
FOODS_0235_CA_2_validation,d_133,0
FOODS_0235_CA_2_validation,d_134,0
FOODS_0235_CA_2_validation,d_135,0
FOODS_0235_CA_2_validation,d_136,0
FOODS_0235_CA_2_validation,d_137,0
FOODS_0235_CA_2_validation,d_138,0
FOODS_0235_CA_2_validation,d_139,0
FOODS_0235_CA_2_validation,d_140,0
FOODS_0235_CA_2_validation,d_141,0
FOODS_0235_CA_2_validation,d_142,0
FOODS_0235_CA_2_validation,d_143,0
FOODS_0235_CA_2_validation,d_144,0
